ticker,company_name,sector,sub_industry,quarter_end,asset_turnover,profit_to_revenue,fcf_to_revenue,net_debt_to_ebitda,full_time_employees,controversy_level,total_esg_risk_score,wikirate_matched,scope2_year,scope2_tco2e,scope1_2_total_tco2e,renewable_fuel_pct,renewable_fuel_pct_year,controversy_score_ordinal,emissions_intensity_per_revenue,scope1_source,scope1_tco2e,scope1_year
MMM,3M,Industrials,Industrial Conglomerates,2026-06-30,0.1861184285877906,0.1435384615384615,0.1173846153846153,5.791188895594448,60500.0,Severe Controversy Level,37.3,True,2022.0,1460000.0,2467143.688924,,,5.0,9.489014188169232e-05,EPA GHGRP,1007143.688924,2023.0
AOS,A. O. Smith,Industrials,Building Products,2026-06-30,0.2755659212512004,0.1243652295130937,0.1139101861993428,2.3922391190351338,11500.0,Low Controversy Level,25.4,False,,,,,,1.0,,,,
ABT,Abbott Laboratories,Health Care,Health Care Equipment,2026-03-31,0.1010966322252306,0.0964707989967753,0.0820494446434969,11.230008244023082,122000.0,Significant Controversy Level,24.8,True,,,,,,3.0,,EPA GHGRP,134386.892,2023.0
ABBV,AbbVie,Health Care,Biotechnology,2026-06-30,0.1257447359656588,0.2126545026486168,0.1832842848734549,9.302591573765746,57000.0,Significant Controversy Level,29.9,True,,,,,,3.0,,EPA GHGRP,99777.824,2023.0
ACN,Accenture,Information Technology,IT Consulting & Other Services,2026-05-31,0.2720401038499802,0.1249583826259697,0.1923261195127038,-0.5034764881815273,799000.0,Moderate Controversy Level,9.8,True,2021.0,70659.0,79909.0,,,2.0,1.0672666050651176e-06,Wikirate/GRI,9250.0,2021.0
ADBE,Adobe Inc.,Information Technology,Application Software,2026-05-31,0.2210937760999565,0.2586884255061952,0.3183741311574494,0.6915064102564102,31360.0,Moderate Controversy Level,13.1,True,2022.0,80104.0,86672.0,,,2.0,3.274100936838924e-06,Wikirate/GRI,6568.0,2022.0
AMD,Advanced Micro Devices,Information Technology,Semiconductors,2026-06-30,0.1365788975184694,0.1991158113730929,0.1350554785020804,-0.2415747092156278,31000.0,,,True,2014.0,145832.0,200953.0,,,,4.3549107142857145e-06,Wikirate/GRI,55121.0,2014.0
AES,AES Corporation,Utilities,Independent Power Producers & Energy Traders,2026-06-30,0.063092296913603,0.1244886031560491,-0.1744593804792519,24.23421262989608,8336.0,Moderate Controversy Level,26.7,True,2022.0,515000.0,16192526.79,,,2.0,0.0011829724422852,EPA GHGRP,15677526.79,2023.0
AFL,Aflac,Financials,Life & Health Insurance,2026-06-30,0.0361673321202818,0.1967095851216022,0.0267048164043872,,12716.0,Low Controversy Level,18.3,True,,,,,,1.0,,,,
A,Agilent Technologies,Health Care,Life Sciences Tools & Services,2026-07-31,0.1344597980955108,0.1927582534611288,0.2337593184238551,4.064935064935065,18200.0,Moderate Controversy Level,13.6,True,,,,,,2.0,,,,
APD,Air Products,Materials,Industrial Gases,2026-06-30,0.0781543604248669,-0.4558051249604555,0.097912053147738,-11.103200479073791,21087.0,Low Controversy Level,12.3,True,,,,,,1.0,,,,
ABNB,Airbnb,Consumer Discretionary,"Hotels, Resorts & Cruise Lines",2026-06-30,0.125478194338179,0.2261640798226164,0.3519955654101995,-4.630620985010706,8200.0,,,True,,,,,,,,,,
AKAM,Akamai Technologies,Information Technology,Internet Services & Infrastructure,2026-06-30,0.0729550427175783,0.0722063287386717,0.0914018779974574,20.886085033616503,11000.0,Low Controversy Level,17.0,True,,,,,,1.0,,,,
ALB,Albemarle Corporation,Materials,Specialty Chemicals,2026-06-30,0.1096072044838462,0.275314300988979,0.3661224346976131,0.3900479650653909,7800.0,Moderate Controversy Level,26.6,True,,,,,,2.0,,EPA GHGRP,229671.722,2023.0
ARE,Alexandria Real Estate Equities,Real Estate,Office REITs,2026-06-30,0.0185725861225322,-0.1131558899892725,0.5238848898493493,37.42884912223243,514.0,None Controversy Level,13.9,True,,,,,,0.0,,,,
ALGN,Align Technology,Health Care,Health Care Supplies,2026-06-30,0.1645778993673784,0.1025324940919832,0.1487343210325395,-4.216084480670624,20435.0,,,True,,,,,,,,,,
ALLE,Allegion,Industrials,Building Products,2026-06-30,0.2148000298462916,0.1603126356925749,0.1567520625271385,5.930998613037448,13300.0,None Controversy Level,21.8,False,,,,,,0.0,,,,
LNT,Alliant Energy,Utilities,Electric Utilities,2026-03-31,0.0477169225809051,0.1891891891891892,0.3108108108108108,22.206439393939394,2948.0,None Controversy Level,21.4,True,2022.0,13200000.0,26837785.468,,,0.0,0.0056667621342905,EPA GHGRP,13637785.468,2023.0
ALL,Allstate,Financials,Property & Casualty Insurance,2026-06-30,0.1469748949950303,0.1783922338568935,0.1413067190226876,,53000.0,Moderate Controversy Level,22.0,True,2016.0,104350.0,160871.0,,,2.0,2.193376417975567e-06,Wikirate/GRI,56521.0,2016.0
GOOGL,Alphabet Inc. (Class A),Communication Services,Interactive Media & Services,2026-06-30,0.1299329814107201,0.9365337740826072,-0.0488747537480383,0.2871784415672681,198933.0,High Controversy Level,24.2,True,,,,,,4.0,,,,
GOOG,Alphabet Inc. (Class C),Communication Services,Interactive Media & Services,2026-06-30,0.1299329814107201,0.9365337740826072,-0.0488747537480383,0.2871784415672681,198933.0,,,True,,,,,,,,,,
MO,Altria,Consumer Staples,Tobacco,2026-06-30,0.160484209264697,0.4290515309932786,0.1235997012696041,6.771341463414634,5900.0,Significant Controversy Level,31.3,True,,,,,,3.0,,EPA GHGRP,66467.196,2023.0
AMZN,Amazon,Consumer Discretionary,Broadline Retail,2026-03-31,0.198028648418664,0.1666767666194723,-0.1001052231446845,0.2896658218499807,1595000.0,Significant Controversy Level,30.6,True,2022.0,2890000.0,16290000.0,,,3.0,2.2435667891515488e-05,Wikirate/GRI,13400000.0,2022.0
AMCR,Amcor,Materials,Paper & Plastic Packaging Products & Materials,2026-06-30,0.1724760749427146,0.0608002500781494,0.2125664270084401,12.656526005888123,75000.0,,,True,,,,,,,,,,
AEE,Ameren,Utilities,Multi-Utilities,2026-03-31,0.0436544557236287,0.1640625,-0.5399816176470589,20.085849056603774,8913.0,Moderate Controversy Level,27.2,True,,,,,,2.0,,EPA GHGRP,19669522.87,2023.0
AEP,American Electric Power,Utilities,Electric Utilities,2026-06-30,0.0447890104466562,0.1309458218549127,-0.2317722681359045,23.161589403973508,17581.0,Moderate Controversy Level,26.1,True,2021.0,318776.0,51153638.764,,,2.0,0.002348651917539,EPA GHGRP,50834862.764,2023.0
AXP,American Express,Financials,Consumer Finance,2026-06-30,0.0637144998588592,0.1583744971227784,0.2277842847685491,,76800.0,Moderate Controversy Level,18.6,True,2016.0,97479.0,122917.0,,,2.0,1.5648647960482765e-06,Wikirate/GRI,25438.0,2016.0
AIG,American International Group,Financials,Multi-line Insurance,2026-06-30,0.0433489942739685,0.1337849280270956,0.2421676545300592,,22100.0,Moderate Controversy Level,24.2,True,,,,,,2.0,,,,
AMT,American Tower,Real Estate,Telecom Tower REITs,2026-06-30,0.04342963123281,0.3155578189225564,0.4241024335236986,18.862261739963795,4866.0,Low Controversy Level,10.9,True,,,,,,1.0,,,,
AWK,American Water Works,Utilities,Water Utilities,2026-06-30,0.0371711518942199,0.2324723247232472,-0.2265682656826568,19.454433497536947,7000.0,Low Controversy Level,21.6,True,,,,,,1.0,,,,
AMP,Ameriprise Financial,Financials,Asset Management & Custody Banks,2026-06-30,0.0249657605207433,0.2253036437246963,0.5767206477732794,,13600.0,Moderate Controversy Level,20.3,True,2021.0,33012.0,34652.0,,,2.0,1.7536437246963562e-06,Wikirate/GRI,1640.0,2021.0
AME,Ametek,Industrials,Electrical Components & Equipment,2026-06-30,0.1231956828659826,0.1990298361815244,0.2209370293538877,2.4518112551797886,22500.0,Low Controversy Level,23.9,True,,,,,,1.0,,,,
AMGN,Amgen,Health Care,Biotechnology,2026-06-30,0.1051244785077217,0.2362243883031629,0.3470260592798886,9.51350757742148,31500.0,Significant Controversy Level,22.0,True,,,,,,3.0,,EPA GHGRP,61780.352,2023.0
APH,Amphenol,Information Technology,Electronic Components,2026-03-31,0.1808548006588534,0.1224393380664295,0.1089093318985315,6.249850388988629,170000.0,Moderate Controversy Level,19.6,True,,,,,,2.0,,,,
ADI,Analog Devices,Information Technology,Semiconductors,2026-07-31,0.0830551868079279,0.3331983224839808,0.3625891649690855,3.267407672900019,24500.0,Low Controversy Level,22.9,True,,,,,,1.0,,EPA GHGRP,117771.628108,2023.0
AON,Aon plc,Financials,Insurance Brokers,2026-06-30,0.0795921045232159,0.1297691945360339,0.1137541215261422,12.349023090586146,60000.0,,,True,,,,,,,,,,
APA,APA Corporation,Energy,Oil & Gas Exploration & Production,2026-06-30,0.1320313804039392,0.3147914032869785,0.4782975136957438,1.7988004362050165,1791.0,Moderate Controversy Level,38.8,False,,,,,,2.0,,,,
APO,Apollo Global Management,Financials,Asset Management & Custody Banks,2026-06-30,0.0225747295809314,0.1220299470994351,0.2583161481215816,-4.28693088765149,6140.0,,,True,,,,,,,,,,
AAPL,Apple Inc.,Information Technology,"Technology Hardware, Storage & Peripherals",2026-06-30,0.2854857983750189,0.2722520266503377,0.2916731403712403,1.1482763039856465,150000.0,Significant Controversy Level,17.2,True,2022.0,1065405.0,1120605.0,,,3.0,2.560399663672007e-06,Wikirate/GRI,55200.0,2022.0
AMAT,Applied Materials,Information Technology,Semiconductor Materials & Equipment,2026-07-31,0.2094343090850604,0.2784421283598464,0.2556226001097093,0.0957842529448233,38900.0,Low Controversy Level,12.7,True,,,,,,1.0,,,,
APP,AppLovin,Communication Services,Advertising,2026-06-30,0.2326346021123622,0.6583912343282635,0.4517577192951448,0.2905568367369411,876.0,,,True,,,,,,,,,,
APTV,Aptiv,Consumer Discretionary,Automotive Parts & Equipment,2026-06-30,0.1819293176261391,0.0757483200977397,0.0100794135613927,8.172597864768683,140000.0,Low Controversy Level,10.7,True,,,,,,1.0,,,,
ACGL,Arch Capital Group,Financials,Property & Casualty Insurance,2026-06-30,0.0527007830568567,0.2354644687012697,0.2913789262642013,,8000.0,Moderate Controversy Level,22.5,True,,,,,,2.0,,,,
ADM,Archer Daniels Midland,Consumer Staples,Agricultural Products & Services,2026-06-30,0.4237300801464681,0.0400335082227415,0.0386667254530223,4.546108567691301,40798.0,Significant Controversy Level,31.8,True,,,,,,3.0,,EPA GHGRP,10585367.606,2023.0
ARES,Ares Management,Financials,Asset Management & Custody Banks,2026-06-30,0.0482127084178509,0.1054416530753669,-0.2691392332407025,22.511219048040537,4343.0,,,False,,,,,,,,EPA GHGRP,1817717.564,2023.0
ANET,Arista Networks,Information Technology,Communications Equipment,2026-06-30,0.1279800675376579,0.399545409625457,0.3469710445696215,,5115.0,Low Controversy Level,16.7,False,,,,,,1.0,,,,
AJG,Arthur J. Gallagher & Co.,Financials,Insurance Brokers,2026-06-30,0.0489316448269117,0.0809392955283537,-0.010242318261304,13.003191489361702,67456.0,Moderate Controversy Level,21.2,False,,,,,,2.0,,,,
AIZ,Assurant,Financials,Multi-line Insurance,2026-06-30,0.0957335358384098,0.0864454866539285,0.11846447802675,,14800.0,Moderate Controversy Level,24.1,True,,,,,,2.0,,,,
T,AT&T,Communication Services,Integrated Telecommunication Services,2026-06-30,0.0736718500136567,0.1466189238861778,0.1638253374738576,9.974271959592771,133030.0,Significant Controversy Level,23.9,True,2020.0,4.74,1044755.74,,,3.0,8.276473002091388e-06,Wikirate/GRI,1044751.0,2020.0
ATO,Atmos Energy,Utilities,Gas Utilities,2026-06-30,0.0278310590172293,0.2760781699521875,-0.4543801951859886,18.2227910504361,5487.0,Moderate Controversy Level,34.6,True,,,,,,2.0,,EPA GHGRP,130555.092,2023.0
ADSK,Autodesk,Information Technology,Application Software,2026-07-31,0.1575906955249172,0.2404692082111437,0.270772238514174,-0.6064814814814815,14300.0,None Controversy Level,16.8,True,,,,,,0.0,,,,
ADP,Automatic Data Processing,Industrials,Human Resource & Employment Services,2026-06-30,0.08661994230401,0.1787789104461251,0.2263692498812525,0.4809960681520314,67000.0,Low Controversy Level,13.8,True,,,,,,1.0,,,,
AZO,AutoZone,Consumer Discretionary,Automotive Retail,2026-05-31,0.2314420942011084,0.1325134529379563,0.0942951280223923,8.083357932490074,78000.0,Moderate Controversy Level,11.0,True,,,,,,2.0,,,,
AVY,Avery Dennison,Materials,Paper & Plastic Packaging Products & Materials,2026-06-30,0.2673490876328387,0.0828697876487068,0.1473060213569369,8.520740740740742,35000.0,Low Controversy Level,16.1,True,,,,,,1.0,,,,
AXON,Axon Enterprise,Industrials,Aerospace & Defense,2026-06-30,0.1208889213259392,0.0325379897367172,-0.0010747587597814,12.162330559368565,5100.0,,,True,,,,,,,,,,
BKR,Baker Hughes,Energy,Oil & Gas Equipment & Services,2026-06-30,0.1281261877613075,0.10100860278849,0.1549985167606051,0.407436096049574,54000.0,,,True,,,,,,,,,,
BALL,Ball Corporation,Materials,"Metal, Glass & Plastic Containers",2026-06-30,0.1987568373943311,0.055291468601451,0.1168376282211658,12.89080459770115,16000.0,Moderate Controversy Level,12.1,False,,,,,,2.0,,,,
BAC,Bank of America,Financials,Diversified Banks,2026-03-31,0.0086585782335379,0.2835623678646934,1.3798229386892178,,211000.0,Significant Controversy Level,28.3,True,,,,,,3.0,,,,
BAX,Baxter International,Health Care,Health Care Equipment,2026-06-30,0.1495629326461522,0.0425675675675675,0.056081081081081,15.419831223628693,37500.0,Significant Controversy Level,23.6,True,2014.0,480000.0,523203.836,,,3.0,4.418951317567567e-05,EPA GHGRP,43203.836,2023.0
BDX,Becton Dickinson,Health Care,Health Care Equipment,2026-06-30,0.0982239656225976,0.0756572345976319,0.1019466185029099,12.89031224979984,72000.0,Significant Controversy Level,23.8,True,,,,,,3.0,,,,
BRK-B,Berkshire Hathaway,Financials,Multi-Sector Holdings,2026-06-30,0.093332045466961,0.2177291428086694,0.0472494380116214,,387800.0,Low Controversy Level,20.7,True,2022.0,2654796.0,61881617.852,,,1.0,0.0001312330191542,EPA GHGRP,59226821.852,2023.0
BBY,Best Buy,Consumer Discretionary,Computer & Electronics Retail,2026-07-31,0.6071273359408953,0.0322118826055833,0.0753655793025871,2.952830188679245,82000.0,Moderate Controversy Level,15.9,True,2022.0,145367.0,428715.0,,,2.0,1.0960093056549749e-05,Wikirate/GRI,283348.0,2022.0
TECH,Bio-Techne,Health Care,Life Sciences Tools & Services,2026-06-30,0.124169316734745,0.1700571620712844,0.2706667662955491,0.2514338174616273,3000.0,,,False,,,,,,,,,,
BIIB,Biogen,Health Care,Biotechnology,2026-06-30,0.0852692401189281,0.0356359649122807,0.1125730994152046,15.096051464063889,7500.0,Significant Controversy Level,22.2,True,,,,,,3.0,,EPA GHGRP,28268.192,2023.0
BLK,BlackRock,Financials,Asset Management & Custody Banks,2026-06-30,0.0402786069651741,0.2701863354037267,0.1578204404291361,0.695491043854231,26200.0,Moderate Controversy Level,18.3,True,,,,,,2.0,,,,
BX,Blackstone Inc.,Financials,Asset Management & Custody Banks,2026-06-30,0.0839395801589907,0.2935073921926144,0.4559388738881147,,5285.0,Moderate Controversy Level,23.4,True,,,,,,2.0,,,,
XYZ,"Block, Inc.",Financials,Transaction & Payment Processing Services,2026-06-30,0.1690053701455233,0.0133758214917085,0.1460644784197258,-4.245538513940841,10205.0,,,True,,,,,,,,,,
BNY,BNY Mellon,Financials,Asset Management & Custody Banks,2026-03-31,0.0095028289437363,0.3058470764617691,-0.6802848575712144,,46500.0,,,True,,,,,,,,,,
BA,Boeing,Industrials,Aerospace & Defense,2026-03-31,0.134822528476154,-0.0001800423099428,-0.065445379664221,31.08477366255144,182000.0,High Controversy Level,39.6,True,2021.0,756000.0,907144.822,,,4.0,1.0207778075347706e-05,EPA GHGRP,151144.822,2023.0
BKNG,Booking Holdings,Consumer Discretionary,"Hotels, Resorts & Cruise Lines",2026-06-30,0.247692204029378,0.265233949945593,0.4955114254624592,0.9814692256783588,25550.0,Significant Controversy Level,19.2,True,,,,,,3.0,,,,
BSX,Boston Scientific,Health Care,Health Care Equipment,2026-06-30,0.1203556263269639,0.1666666666666666,-0.0828739434031606,7.915949702183984,59000.0,Moderate Controversy Level,23.1,True,,,,,,2.0,,,,
BMY,Bristol Myers Squibb,Health Care,Pharmaceuticals,2026-06-30,0.1480361503526028,0.255684883989825,0.2380328374315886,6.761942205622174,32500.0,Moderate Controversy Level,22.7,True,,,,,,2.0,,EPA GHGRP,95102.74,2023.0
AVGO,Broadcom,Information Technology,Semiconductors,2026-07-31,0.1572751238386802,0.4422966442499408,0.4617958162954952,1.9404357823278224,33000.0,Significant Controversy Level,20.0,True,,,,,,3.0,,EPA GHGRP,34457.051985,2023.0
BR,Broadridge Financial Solutions,Industrials,Data Processing & Outsourced Services,2026-06-30,0.248163840228947,0.1793324023604667,0.2892022163160502,4.48874547457894,16000.0,Moderate Controversy Level,16.6,False,,,,,,2.0,,,,
BRO,Brown & Brown,Financials,Insurance Brokers,2026-06-30,0.0553417873992036,0.1741233373639661,0.1989117291414752,11.123577235772355,22888.0,Low Controversy Level,20.5,True,,,,,,1.0,,,,
BF-B,Brown–Forman,Consumer Staples,Distillers & Vintners,2026-07-31,0.1164217252396166,0.1931942919868276,0.1767288693743139,7.729241877256317,4900.0,,,True,,,,,,,,,,
BLDR,Builders FirstSource,Industrials,Building Products,2026-06-30,0.3410997130029303,-0.0010096961901832,0.007761456945001,16.249494633964186,28000.0,,,False,,,,,,,,,,
BG,Bunge Global,Consumer Staples,Agricultural Products & Services,2026-06-30,0.5138942328245907,0.0282018218876086,-0.0427602845139553,10.505730659025788,34000.0,Significant Controversy Level,32.9,True,2017.0,1549444.0,3272078.0,,,3.0,3.402601805249366e-05,Wikirate/GRI,1722634.0,2017.0
BXP,"BXP, Inc.",Real Estate,Office REITs,2026-06-30,0.035580506119262,0.0765480367846787,0.4979998861224585,30.682090938966947,826.0,Low Controversy Level,12.5,True,,,,,,1.0,,,,
CHRW,C.H. Robinson,Industrials,Air Freight & Logistics,2026-03-31,0.7664971991735523,0.0366896141327019,0.0133525744505142,5.899440505041438,11599.0,Low Controversy Level,19.3,True,,,,,,1.0,,,,
CDNS,Cadence Design Systems,Information Technology,Application Software,2026-06-30,0.1311596335363494,0.2316739362719326,0.3631074738190073,1.5696652458033302,15445.0,None Controversy Level,12.0,True,,,,,,0.0,,,,
CPT,Camden Property Trust,Real Estate,Multi-Family Residential REITs,2026-03-31,0.042912693866977,0.1091871091871092,0.139109454617476,18.093462442676568,1640.0,Low Controversy Level,16.1,True,,,,,,1.0,,,,
COF,Capital One,Financials,Consumer Finance,2026-06-30,0.0235220788471955,0.1905362776025236,0.509589905362776,,78400.0,Significant Controversy Level,22.5,True,,,,,,3.0,,,,
CAH,Cardinal Health,Health Care,Health Care Distributors,2026-06-30,1.111223581563378,0.0062507852745319,0.0224274406332453,4.610983981693364,58788.0,Significant Controversy Level,14.9,True,,,,,,3.0,,,,
CCL,Carnival Corporation,Consumer Discretionary,"Hotels, Resorts & Cruise Lines",2026-05-31,0.1275752469939496,0.0805943268797838,0.2633948671769473,14.488803582853487,160000.0,Significant Controversy Level,24.5,True,2014.0,66246.0,10385721.0,,,3.0,0.0003896788608734,Wikirate/GRI,10319475.0,2014.0
CARR,Carrier Global,Industrials,Building Products,2026-06-30,0.1699400620785615,0.0788852149267831,0.1275389702409069,9.136950904392766,47000.0,,,True,,,,,,,,,,
CVNA,Carvana,Consumer Discretionary,Automotive Retail,2026-06-30,0.5068719076415613,0.0420281995661605,0.0253524945770065,3.479305740987984,23100.0,,,True,,,,,,,,,,
CASY,Casey's,Consumer Staples,Food Retail,2026-07-31,0.6225383480336002,0.0482042626572291,0.0334036238785447,3.930181020567614,23490.0,,,False,,,,,,,,,,
CAT,Caterpillar Inc.,Industrials,Construction Machinery & Heavy Transportation Equipment,2026-06-30,0.2002066095566665,0.1749014262765905,0.1586915250937058,7.239216424938784,118000.0,High Controversy Level,36.2,True,2022.0,800000.0,1256901.738,,,4.0,1.5295985712894902e-05,EPA GHGRP,456901.738,2023.0
CBOE,Cboe Global Markets,Financials,Financial Exchanges & Data,2026-06-30,0.1359938921512258,0.2447324646520654,-0.3717077904075409,-1.2983208955223882,1661.0,Low Controversy Level,21.0,False,,,,,,1.0,,,,
CBRE,CBRE Group,Real Estate,Real Estate Services,2026-06-30,0.3684158708280003,0.0181721004810261,0.0021378941742383,10.144393241167435,155000.0,Low Controversy Level,8.0,True,2014.0,30605.0,65259.0,,,1.0,1.4533003741314805e-06,Wikirate/GRI,34654.0,2014.0
CDW,CDW Corporation,Information Technology,Technology Distributors,2026-06-30,0.3808911143565848,0.0417516204619457,-0.0125680898329326,10.73435655253837,14800.0,None Controversy Level,9.2,True,,,,,,0.0,,,,
COR,Cencora,Health Care,Health Care Distributors,2026-06-30,1.0113272207630442,0.0090085477953311,0.0286475803145016,6.236553493728756,47000.0,Significant Controversy Level,12.8,True,,,,,,3.0,,,,
CNC,Centene Corporation,Health Care,Managed Health Care,2026-06-30,0.6454368043174481,0.0203624554396311,0.0637563224397618,-4.149561629706034,61100.0,Moderate Controversy Level,19.9,True,,,,,,2.0,,,,
CNP,CenterPoint Energy,Utilities,Multi-Utilities,2026-06-30,0.04460103626943,0.1133828996282527,-0.275092936802974,24.51944167497508,8794.0,Moderate Controversy Level,28.7,True,,,,,,2.0,,EPA GHGRP,3782803.352,2023.0
CF,CF Industries,Materials,Fertilizers & Agricultural Chemicals,2026-06-30,0.1471620637128286,0.3271827182718271,0.2713771377137713,0.5427728613569321,2900.0,Low Controversy Level,29.3,True,,,,,,1.0,,EPA GHGRP,20579424.174,2023.0
CRL,Charles River Laboratories,Health Care,Life Sciences Tools & Services,2026-06-30,0.1333057183577852,-0.0014759809496871,0.1480163891649852,16.10053050397878,18300.0,,,True,,,,,,,,,,
SCHW,Charles Schwab Corporation,Financials,Investment Banking & Brokerage,2026-06-30,0.0136718825517238,0.3959276018099547,0.5818721719457014,,33700.0,Moderate Controversy Level,23.3,True,,,,,,2.0,,,,
CHTR,Charter Communications,Communication Services,Cable & Satellite,2026-06-30,0.0869179657880193,0.0955197397604613,0.0779239982256395,17.580592105263158,91900.0,Moderate Controversy Level,24.7,True,,,,,,2.0,,,,
CVX,Chevron Corporation,Energy,Integrated Oil & Gas,2026-06-30,0.2035500628530752,0.179645530439441,0.2692748403994107,1.2393852565772336,43039.0,Significant Controversy Level,36.6,True,2024.0,4000000.0,23133763.584,,,3.0,8.606438929150731e-05,EPA GHGRP,19133763.584,2023.0
CMG,Chipotle Mexican Grill,Consumer Discretionary,Restaurants,2026-06-30,0.3777460535377572,0.1205135219237392,0.1383829835015747,7.936163609511783,140000.0,Moderate Controversy Level,20.7,True,,,,,,2.0,,,,
CB,Chubb Limited,Financials,Property & Casualty Insurance,2026-06-30,0.0567285885924314,0.1788332602293376,0.2337239175386929,,45000.0,Moderate Controversy Level,23.6,True,,,,,,2.0,,,,
CHD,Church & Dwight,Consumer Staples,Household Products,2026-03-31,0.1631377338588797,0.1472129585516912,0.097257197304839,4.735187760778859,5550.0,Low Controversy Level,19.9,True,,,,,,1.0,,,,
CIEN,Ciena,Information Technology,Communications Equipment,2026-07-31,0.2089632173099719,0.1594239582940634,0.0695930715103382,2.1476325332223185,8898.0,,,True,,,,,,,,,,
CI,Cigna,Health Care,Health Care Services,2026-06-30,0.4545142027730739,0.0232506022746372,-0.0100565858031262,7.827417380660955,65669.0,Moderate Controversy Level,11.6,True,2020.0,116420.0,129234.0,,,2.0,4.525253515603115e-07,Wikirate/GRI,12814.0,2020.0
CINF,Cincinnati Financial,Financials,Property & Casualty Insurance,2026-03-31,0.0694717429812428,0.0957038071952497,0.2284317149842822,,5705.0,Low Controversy Level,25.6,True,,,,,,1.0,,,,
CTAS,Cintas,Industrials,Diversified Support Services,2026-05-31,0.2759202555954237,0.1758875369466436,0.2110372321658762,2.657211180124224,48100.0,Moderate Controversy Level,18.1,True,,,,,,2.0,,,,
CSCO,Cisco,Information Technology,Communications Equipment,2026-07-31,0.1330792906346182,0.2236842105263158,0.2895896127985161,3.7542059219380888,82400.0,Moderate Controversy Level,13.9,True,,,,,,2.0,,Wikirate/GRI,23000000.0,2021.0
C,Citigroup,Financials,Diversified Banks,2026-06-30,0.0085554266589374,0.235453260650111,-1.034928326266909,,219000.0,High Controversy Level,29.2,True,,,,,,4.0,,,,
CFG,Citizens Financial Group,Financials,Regional Banks,2026-06-30,0.0097632528780854,0.2571178274200613,0.3088042049934297,,17727.0,Moderate Controversy Level,23.5,True,,,,,,2.0,,,,
CLX,Clorox,Consumer Staples,Household Products,2026-06-30,0.249935848088273,0.0836755646817248,0.1252566735112936,14.234104046242775,9200.0,Moderate Controversy Level,21.6,True,,,,,,2.0,,,,
CME,CME Group,Financials,Financial Exchanges & Data,2026-06-30,0.0087642788090607,0.6105966475208064,0.5412612823819013,0.8794228787358296,3875.0,Low Controversy Level,17.8,True,,,,,,1.0,,,,
CMS,CMS Energy,Utilities,Multi-Utilities,2026-06-30,0.0447133602249113,0.0656096227446692,-0.2782941498086386,28.529590288315628,8350.0,Moderate Controversy Level,21.7,True,,,,,,2.0,,EPA GHGRP,17183100.39,2023.0
KO,Coca-Cola Company (The),Consumer Staples,Soft Drinks & Non-alcoholic Beverages,2026-06-30,0.1239784288652916,0.3307174887892377,0.3814648729446935,5.014075286415712,65900.0,Significant Controversy Level,21.6,True,2021.0,3880000.0,8280000.0,,,3.0,0.0001547085201793,Wikirate/GRI,4400000.0,2022.0
CTSH,Cognizant,Information Technology,IT Consulting & Other Services,2026-06-30,0.2631932773109243,0.1160372194854953,0.083743842364532,0.5063045586808923,356700.0,Moderate Controversy Level,14.7,True,,,,,,2.0,,,,
COHR,Coherent Corp.,Information Technology,Electronic Components,2026-06-30,0.1117786635651479,0.1175879342938979,-0.2412080372206168,4.477423869672181,51478.0,,,False,,,,,,,,,,
COIN,Coinbase,Financials,Financial Exchanges & Data,2026-06-30,0.0461094033526319,-0.2946294796683463,0.1617204942675326,6.307375880087652,4951.0,,,True,,,,,,,,,,
CL,Colgate-Palmolive,Consumer Staples,Household Products,2026-06-30,0.3192972007147111,0.1292669278119753,0.161723559037493,5.558697514995716,33600.0,Moderate Controversy Level,26.2,True,2017.0,316000.0,511000.0,,,2.0,2.382950941988435e-05,Wikirate/GRI,195000.0,2017.0
CMCSA,Comcast,Communication Services,Cable & Satellite,2026-06-30,0.1162501747247115,0.1177688710754843,0.1537408149632598,8.845166809238666,179000.0,Moderate Controversy Level,23.1,True,,,,,,2.0,,,,
FIX,Comfort Systems USA,Industrials,Construction & Engineering,2026-06-30,0.3847467767288743,0.1352261230209183,0.3056237399162679,-2.4988314047693088,22700.0,,,False,,,,,,,,,,
COP,ConocoPhillips,Energy,Oil & Gas Exploration & Production,2026-06-30,0.1541996282019298,0.2051563070820938,0.2301550023485204,1.788572651401669,9600.0,Moderate Controversy Level,33.9,True,2022.0,1060000.0,2260974.306,,,2.0,2.949969085642712e-05,EPA GHGRP,1200974.306,2023.0
ED,Consolidated Edison,Utilities,Multi-Utilities,2026-06-30,0.053218064583633,0.0756942737773408,0.1218972720570164,20.264615384615382,15407.0,Significant Controversy Level,23.8,True,,,,,,3.0,,EPA GHGRP,2463230.61,2023.0
STZ,Constellation Brands,Consumer Staples,Distillers & Vintners,2026-05-31,0.1100336066797233,0.2687548814074896,0.1992025321659062,11.041150957368032,9400.0,Moderate Controversy Level,24.7,True,,,,,,2.0,,,,
CEG,Constellation Energy,Utilities,Electric Utilities,2026-06-30,0.0763742582923676,0.0683635394456289,-0.0157249466950959,12.781150159744408,15291.0,,,True,,,,,,,,EPA GHGRP,8941320.546,2023.0
COO,Cooper Companies (The),Health Care,Health Care Supplies,2026-07-31,0.0841289630249183,0.4059275933220784,0.2560495216657287,7.507232704402516,15000.0,Moderate Controversy Level,17.5,False,,,,,,2.0,,,,
CPRT,Copart,Industrials,Diversified Support Services,2026-04-30,0.1282061752075544,0.3252866055651032,0.4068537976146786,-6.230847128597851,,Low Controversy Level,16.0,True,,,,,,1.0,,,,
GLW,Corning Inc.,Information Technology,Electronic Components,2026-06-30,0.1366974147347979,0.1240843507214206,0.2874583795782464,5.220458553791887,67200.0,Moderate Controversy Level,16.5,True,,,,,,2.0,,EPA GHGRP,177760.332,2023.0
CPAY,Corpay,Financials,Transaction & Payment Processing Services,2026-06-30,0.0474348454641726,0.1854685769217267,1.0574040060979573,12.912458285445256,11800.0,,,True,,,,,,,,,,
CTVA,Corteva,Materials,Fertilizers & Agricultural Chemicals,2026-03-31,0.1148254793173677,0.146788990825688,-0.6059123343527013,1.1687657430730478,21500.0,,,True,,,,,,,,EPA GHGRP,82753.73999999999,2023.0
CSGP,CoStar Group,Real Estate,Real Estate Services,2026-06-30,0.0912318769109379,0.0594594594594594,0.0616216216216216,-0.3975155279503105,8441.0,Low Controversy Level,21.9,True,,,,,,1.0,,,,
COST,Costco,Consumer Staples,Consumer Staples Merchandise Retail,2026-05-31,0.8160013884068031,0.0310802954896706,0.0288683766500772,-3.0305578917858145,341000.0,Significant Controversy Level,23.3,False,,,,,,3.0,,,,
CRH,CRH plc,Materials,Construction Materials,2026-06-30,0.1840586145648312,0.1372367078036559,0.0454671986638211,5.083930399181167,83032.0,,,True,,,,,,,,,,
CRWD,CrowdStrike,Information Technology,Systems Software,2026-07-31,0.1223199066677832,0.0036073226065455,0.2558547607344362,-39.810784127586864,11706.0,,,True,,,,,,,,,,
CCI,Crown Castle,Real Estate,Telecom Tower REITs,2026-06-30,0.0468575678690963,0.0932539682539682,0.4682539682539682,25.47703703703704,1500.0,None Controversy Level,10.1,True,,,,,,0.0,,,,
CSX,CSX Corporation,Industrials,Rail Transportation,2026-06-30,0.0879801457765058,0.2546378653113088,0.190851334180432,9.195159629248195,22200.0,Moderate Controversy Level,21.9,True,2014.0,327528.0,5540132.0,,,2.0,0.0003519778907242,Wikirate/GRI,5212604.0,2014.0
CMI,Cummins,Industrials,Construction Machinery & Heavy Transportation Equipment,2026-06-30,0.2654223968565815,0.0985513376334989,0.1321772232208945,2.7303506650544134,67400.0,Moderate Controversy Level,19.3,True,2021.0,465000.0,734000.0,,,2.0,1.9403616368827323e-05,Wikirate/GRI,269000.0,2021.0
CVS,CVS Health,Health Care,Health Care Services,2026-06-30,0.4180826581759717,0.0280783441411551,0.0532913587694163,8.546245733788396,219000.0,Significant Controversy Level,22.0,True,,,,,,3.0,,,,
DHR,Danaher Corporation,Health Care,Life Sciences Tools & Services,2026-06-30,0.0678272543224311,0.1388667198723064,0.2019154030327214,12.044468546637743,58000.0,Moderate Controversy Level,11.9,True,,,,,,2.0,,,,
DRI,Darden Restaurants,Consumer Discretionary,Restaurants,2026-05-31,0.289121781316084,0.1088792083467785,0.0991448854469183,3.243430987617034,209931.0,Moderate Controversy Level,27.5,True,,,,,,2.0,,,,
DDOG,Datadog,Information Technology,Application Software,2026-06-30,0.1485827092448999,0.0397323474703376,0.2485211163364703,7.498338508470883,8100.0,,,True,,,,,,,,,,
DVA,DaVita,Health Care,Health Care Services,2026-06-30,0.2006881169750296,0.0746738118738893,0.0901078871517949,13.427697676456765,78000.0,Moderate Controversy Level,22.6,True,,,,,,2.0,,,,
DECK,Deckers Brands,Consumer Discretionary,Footwear,2026-06-30,0.2635386097526741,0.1274821462025186,0.0320559159064314,-5.980501613842002,6000.0,,,True,2023.0,285.6,746.1400000000001,,,,1.8296157743119146e-07,Wikirate/GRI,460.54,2023.0
DE,Deere & Company,Industrials,Agricultural & Farm Machinery,2026-07-31,0.1147880714079939,0.1116418393782383,0.1056509067357513,17.172143974960875,73100.0,Moderate Controversy Level,20.0,True,,,,,,2.0,,EPA GHGRP,45075.88,2023.0
DELL,Dell Technologies,Information Technology,"Technology Hardware, Storage & Peripherals",2026-07-31,0.3687094267345929,0.0879904622000809,0.0209916757148027,3.677642145840026,97000.0,,,True,2019.0,751500.0,810500.0,,,,4.31383193885589e-06,Wikirate/GRI,59000.0,2019.0
DAL,Delta Air Lines,Industrials,Passenger Airlines,2026-06-30,0.2288782567393797,0.0811864149415397,0.0069342511514906,4.313516024152346,103000.0,Moderate Controversy Level,30.3,True,2020.0,266545.0,1522641.862,,,2.0,1.9267118768031583e-05,EPA GHGRP,1256096.862,2023.0
DVN,Devon Energy,Energy,Oil & Gas Exploration & Production,2026-06-30,0.1046224591990746,0.257651341512741,-0.0502898746123769,2.6315922920892496,2200.0,Moderate Controversy Level,33.8,True,2017.0,570000.0,5940000.0,,,2.0,0.0002002157206417,Wikirate/GRI,5370000.0,2017.0
DXCM,Dexcom,Health Care,Health Care Equipment,2026-06-30,0.2026861648567843,0.1903852033017425,0.1410119229593396,0.354515050167224,11000.0,Low Controversy Level,24.0,True,,,,,,1.0,,,,
FANG,Diamondback Energy,Energy,Oil & Gas Exploration & Production,2026-06-30,0.0786835284400011,0.3406334841628959,0.3900452488687783,3.072566371681416,1762.0,,,False,,,,,,,,,,
DLR,Digital Realty,Real Estate,Data Center REITs,2026-03-31,0.0334665146049098,0.1096361057820793,0.3256053029251339,19.30069033738396,4282.0,None Controversy Level,12.6,False,,,,,,0.0,,,,
DG,Dollar General,Consumer Staples,Consumer Staples Merchandise Retail,2026-07-31,0.3509889986838511,0.0487419378267161,0.0330964945378277,2.848371267348339,194000.0,Moderate Controversy Level,17.6,True,,,,,,2.0,,,,
DLTR,Dollar Tree,Consumer Staples,Consumer Staples Merchandise Retail,2026-07-31,0.3486343160175628,0.1051889106967615,0.137921164540399,2.121493212669684,150000.0,Moderate Controversy Level,20.1,True,,,,,,2.0,,,,
D,Dominion Energy,Utilities,Multi-Utilities,2026-06-30,0.0367541491988744,0.0758928571428571,-0.0691964285714285,32.75462392108508,15200.0,Moderate Controversy Level,26.4,True,2017.0,10898034.0,39356616.874,,,2.0,0.0021962397809151,EPA GHGRP,28458582.874,2023.0
DPZ,Domino's,Consumer Discretionary,Restaurants,2026-06-30,0.6773731627008567,0.1136528226505261,0.1395505962273123,19.52882263598101,6200.0,Moderate Controversy Level,29.2,False,,,,,,2.0,,,,
DASH,DoorDash,Consumer Discretionary,Specialized Consumer Services,2026-06-30,0.2276979704514084,0.0449034575662326,0.1665918275707229,-2.4701986754966887,31400.0,,,True,,,,,,,,,,
DOV,Dover Corporation,Industrials,Industrial Machinery & Supplies & Components,2026-06-30,0.1599230653291871,0.1425767150178012,0.0858484918637766,2.9285644744220822,24000.0,Low Controversy Level,25.9,True,,,,,,1.0,,,,
DOW,Dow Inc.,Materials,Commodity Chemicals,2026-06-30,0.1963465129495819,0.0596261991399272,0.0578068144227588,7.5581661891117475,32800.0,,,True,2021.0,3940000.0,20475503.706,,,,0.0004233274831706,EPA GHGRP,16535503.706,2023.0
DHI,D. R. Horton,Consumer Discretionary,Homebuilding,2026-06-30,0.2527190212345219,0.0980698160852272,0.0430579488680083,4.251351351351351,14341.0,Moderate Controversy Level,21.0,False,,,,,,2.0,,,,
DTE,DTE Energy,Utilities,Multi-Utilities,2026-03-31,0.0932895405385788,0.0480451274071192,-0.0628282435323867,27.421761658031087,9592.0,Moderate Controversy Level,29.8,True,,,,,,2.0,,EPA GHGRP,22861420.952,2023.0
DUK,Duke Energy,Utilities,Electric Utilities,2026-06-30,0.0377540516482587,0.1438356164383561,-0.1833508956796628,22.19730392156863,26441.0,Moderate Controversy Level,27.0,True,2022.0,4400.0,73287959.93,,,2.0,0.002413328501383,EPA GHGRP,73283559.93,2023.0
DD,DuPont,Industrials,Industrial Conglomerates,2026-06-30,0.0863681686529604,0.0786146234194612,0.2215503023639362,3.004338394793926,15000.0,Significant Controversy Level,28.6,True,,,,,,3.0,,,,
ETN,Eaton Corporation,Industrials,Electrical Components & Equipment,2026-06-30,0.1518484897029244,0.0962372523736959,0.1024498886414253,11.541284403669724,97303.0,Low Controversy Level,17.9,True,,,,,,1.0,,,,
EBAY,eBay Inc.,Consumer Discretionary,Broadline Retail,2026-06-30,0.1747616126693804,0.175494575622208,0.0957243139757498,5.324909747292419,12300.0,Moderate Controversy Level,17.6,True,2022.0,38478.0,43611.0,,,2.0,3.4788608806636887e-06,Wikirate/GRI,5133.0,2022.0
ECHO,EchoStar,Communication Services,Wireless Telecommunication Services,2026-06-30,0.0907071122021393,2.3663266002342174,-0.0285946058402243,1.6229259519018648,12100.0,,,True,,,,,,,,,,
ECL,Ecolab,Materials,Specialty Chemicals,2026-06-30,0.1475390115948808,0.1211441771979888,0.1108393350545817,7.651441621467313,48000.0,Moderate Controversy Level,19.9,True,2022.0,257103.0,556622.0,,,2.0,3.1515944195316393e-05,Wikirate/GRI,299519.0,2022.0
EIX,Edison International,Utilities,Electric Utilities,2026-06-30,0.0453047176383733,0.1287583199449162,-0.1322010557723204,20.84083044982699,13725.0,Significant Controversy Level,27.5,True,,,,,,3.0,,EPA GHGRP,1056295.236,2023.0
EW,Edwards Lifesciences,Health Care,Health Care Equipment,2026-06-30,0.1255489612103467,0.1389431361286617,0.3360137851809305,-3.916933475631448,16000.0,Low Controversy Level,18.6,True,,,,,,1.0,,,,
ELV,Elevance Health,Health Care,Managed Health Care,2026-06-30,0.3991996077128711,0.0289852201133256,0.0322146055394856,,96129.0,Moderate Controversy Level,11.4,True,,,,,,2.0,,,,
EME,Emcor,Industrials,Construction & Engineering,2026-06-30,0.5075170211287061,0.078312794914035,0.0500897012003355,-0.6357741496870024,44000.0,,,True,,,,,,,,,,
EMR,Emerson Electric,Industrials,Electrical Components & Equipment,2026-06-30,0.115452047005307,0.147342499486969,0.2712907859634721,7.792587312900927,71000.0,Low Controversy Level,28.4,True,,,,,,1.0,,,,
ETR,Entergy,Utilities,Electric Utilities,2026-03-31,0.0420508167495865,0.1226006438647444,-0.4938054213386388,20.15023754068066,12000.0,Moderate Controversy Level,26.7,True,,,,,,2.0,,EPA GHGRP,38120959.264,2023.0
EOG,EOG Resources,Energy,Oil & Gas Exploration & Production,2026-06-30,0.1550480988627859,0.3206969625618083,0.3398869790440311,0.625699481865285,3400.0,Low Controversy Level,34.2,True,2022.0,400000.0,718787.588,,,1.0,2.115574487873793e-05,EPA GHGRP,318787.588,2023.0
EQT,EQT Corporation,Energy,Oil & Gas Exploration & Production,2026-06-30,0.0427217839714778,0.1197671783832776,0.2253673596555826,4.898999933711912,1523.0,Low Controversy Level,35.7,True,,,,,,1.0,,,,
EFX,Equifax,Industrials,Research & Consulting Services,2026-06-30,0.1418902001368742,0.108170107640727,0.1204635021469325,10.425113166699468,15000.0,Significant Controversy Level,23.2,True,,,,,,3.0,,,,
EQIX,Equinix,Real Estate,Data Center REITs,2026-06-30,0.0639059304703476,0.1824761904761905,-0.1946666666666666,15.215272136474413,13716.0,Low Controversy Level,13.9,True,,,,,,1.0,,,,
ERIE,Erie Indemnity,Financials,Insurance Brokers,2026-06-30,0.369456308321357,0.137193131440416,0.1319494856798476,,6667.0,,,True,,,,,,,,,,
ESS,Essex Property Trust,Real Estate,Multi-Family Residential REITs,2026-06-30,0.037915765966714,0.1277213530750497,0.4550157550674881,23.069212783624064,1686.0,Low Controversy Level,12.4,True,,,,,,1.0,,,,
EL,Estée Lauder Companies (The),Consumer Staples,Personal Care Products,2026-06-30,0.183534055257565,-0.0319823545629997,0.1171767300799558,21.76,37950.0,Moderate Controversy Level,25.5,False,,,,,,2.0,,,,
EG,Everest Group,Financials,Reinsurance,2026-06-30,0.0628951051200797,0.1429667519181585,0.0741687979539642,,3064.0,Low Controversy Level,18.0,True,,,,,,1.0,,,,
EVRG,Evergy,Utilities,Electric Utilities,2026-06-30,0.0424318024959551,0.1433237784147723,-0.4075061662555829,22.87725631768953,4691.0,,,True,,,,,,,,EPA GHGRP,23649072.274,2023.0
ES,Eversource Energy,Utilities,Electric Utilities,2026-03-31,0.0696116055979265,0.134721827546399,0.0699349524908977,15.030607052453522,10731.0,Moderate Controversy Level,18.6,True,,,,,,2.0,,,,
EXC,Exelon,Utilities,Electric Utilities,2026-06-30,0.0495166175677357,0.0663650075414781,-0.0427350427350427,24.96809032891507,20571.0,Significant Controversy Level,22.9,True,2021.0,4868000.0,5335000.0,,,3.0,0.0002235210323445,Wikirate/GRI,467000.0,2021.0
EXE,Expand Energy,Energy,Oil & Gas Exploration & Production,2026-06-30,0.1056011416339636,0.1763513513513513,0.1148648648648648,2.102992345163535,1600.0,,,True,2022.0,53000.0,1733000.0,,,,0.0001463682432432,Wikirate/GRI,1680000.0,2022.0
EXPE,Expedia Group,Consumer Discretionary,"Hotels, Resorts & Cruise Lines",2026-06-30,0.148480781803792,0.2034762456546929,0.2964078794901506,-0.7575987841945289,16000.0,Moderate Controversy Level,27.6,True,,,,,,2.0,,,,
EXPD,Expeditors International,Industrials,Air Freight & Logistics,2026-06-30,0.6820635609971742,0.0760138593252787,0.047582255837891,-1.281110531501768,20389.0,Moderate Controversy Level,16.6,True,,,,,,2.0,,,,
EXR,Extra Space Storage,Real Estate,Self-Storage REITs,2026-03-31,0.0294173722661349,0.2815063076281472,0.5689072891392445,21.40324837646873,8393.0,Low Controversy Level,15.2,False,,,,,,1.0,,,,
XOM,ExxonMobil,Energy,Integrated Oil & Gas,2026-06-30,0.2465736024216223,0.1268237738913288,0.1486785006417588,1.1213832039520113,57900.0,Significant Controversy Level,41.6,False,,,,,,3.0,,,,
FFIV,"F5, Inc.",Information Technology,Communications Equipment,2026-06-30,0.126675593206341,0.2406814653493272,0.3243711253449114,-5.718640272114592,6512.0,Low Controversy Level,17.1,True,,,,,,1.0,,,,
FDS,FactSet,Financials,Financial Exchanges & Data,2026-05-31,0.1485969574882806,0.2034264542042451,0.4078305651787233,4.964026604900997,12694.0,Low Controversy Level,18.4,True,,,,,,1.0,,,,
FICO,Fair Isaac,Information Technology,Application Software,2026-06-30,0.330910442025098,0.3517891152022878,0.5493156211620498,14.082874372283856,3876.0,,,True,,,,,,,,,,
FAST,Fastenal,Industrials,Trading Companies & Distributors,2026-06-30,0.450911495229999,0.160375382295027,0.08446101638108,0.4314868804664723,22230.0,Moderate Controversy Level,24.7,True,,,,,,2.0,,,,
FRT,Federal Realty Investment Trust,Real Estate,Retail REITs,2026-06-30,0.0370572458535979,0.2552888539376716,0.2492270021983521,19.48569302294468,314.0,Low Controversy Level,12.4,True,,,,,,1.0,,,,
FDX,FedEx,Industrials,Air Freight & Logistics,2026-05-31,0.2527568048354003,0.0638621186067901,0.0716199464150038,3.7291040288635,300000.0,Moderate Controversy Level,19.7,True,2019.0,995988.0,16402161.0,,,2.0,0.0001639756968048,Wikirate/GRI,15406173.0,2019.0
FDXF,FedEx Freight,Industrials,Cargo Ground Transportation,2025-11-30,0.3437248915314157,0.0561009817671809,,6.834862385321101,40000.0,,,True,,,,,,,,,,
FERG,Ferguson Enterprises,Industrials,Trading Companies & Distributors,2026-06-30,0.4533492203284464,0.0761055879328076,-0.0226259856016455,4.480441323971916,35000.0,,,False,,,,,,,,,,
FIS,Fidelity National Information Services,Financials,Transaction & Payment Processing Services,2026-06-30,0.0765655466376456,0.0684039087947882,0.0704767545158424,17.5968992248062,44000.0,Low Controversy Level,17.5,True,,,,,,1.0,,,,
FITB,Fifth Third Bancorp,Financials,Regional Banks,2026-06-30,0.0106902525151575,0.2496104705515737,0.817076971019009,,25197.0,Moderate Controversy Level,16.8,True,,,,,,2.0,,,,
FSLR,First Solar,Information Technology,Semiconductors,2026-06-30,0.0788874981532793,0.4000869159329782,-0.2899290186547345,-2.438488213647527,7900.0,,,True,,,,,,,,,,
FE,FirstEnergy,Utilities,Electric Utilities,2026-06-30,0.063173081877673,0.0783034257748776,-0.0967917346383904,24.019933554817275,11186.0,Significant Controversy Level,25.6,True,2017.0,3600000.0,18858135.972,,,3.0,0.0012818200089722,EPA GHGRP,15258135.972,2023.0
FISV,Fiserv,Financials,Transaction & Payment Processing Services,2026-06-30,0.0654254135449892,0.1184807256235827,0.1861300075585789,12.608067729083665,,,,True,2021.0,121968.0,141256.0,,,,6.673091458805744e-06,Wikirate/GRI,19288.0,2021.0
FLEX,Flex Ltd.,Information Technology,Electronic Manufacturing Services,2026-03-31,0.3389392565729828,0.0334358700013374,0.0282198742811287,2.729458917835671,149686.0,,,True,,,,,,,,,,
F,Ford Motor Company,Consumer Discretionary,Automobile Manufacturers,2026-06-30,0.1691445062007277,-0.0274763955607089,0.0406451880072883,-603.2372881355932,169000.0,Significant Controversy Level,22.4,True,2023.0,1360000.0,1857625.124,,,3.0,9.615833216001324e-06,EPA GHGRP,497625.124,2023.0
FTNT,Fortinet,Information Technology,Systems Software,2026-06-30,0.1885866362162958,0.2960593778993114,0.4715073978221593,-3.187761506276151,15472.0,Low Controversy Level,18.9,True,,,,,,1.0,,,,
FTV,Fortive,Industrials,Industrial Machinery & Supplies & Components,2026-06-30,0.0944296168747309,0.1434172137126185,0.2609409190371991,9.694186765615337,10000.0,Low Controversy Level,34.8,False,,,,,,1.0,,,,
FOXA,Fox Corporation (Class A),Communication Services,Broadcasting,2026-06-30,0.1873498799039231,0.1640550807217473,0.1723646723646723,2.136120996441281,10550.0,,,True,,,,,,,,,,
FOX,Fox Corporation (Class B),Communication Services,Broadcasting,2026-06-30,0.1873498799039231,0.1640550807217473,0.1723646723646723,2.136120996441281,10550.0,,,True,,,,,,,,,,
BEN,Franklin Resources,Financials,Asset Management & Custody Banks,2026-06-30,0.065071875948459,0.0727187924016282,0.2400780189959294,25.09325230511316,10100.0,Moderate Controversy Level,18.3,True,,,,,,2.0,,,,
FCX,Freeport-McMoRan,Materials,Copper,2026-06-30,0.1176854688834195,0.1399914639351259,0.1343007540190638,2.0824175824175826,29000.0,High Controversy Level,31.6,False,,,,,,4.0,,EPA GHGRP,676202.282,2023.0
GRMN,Garmin,Consumer Discretionary,Consumer Electronics,2026-06-30,0.1770055404065042,0.2679996755835046,0.1363825186984568,-3.2456273970293394,23000.0,Low Controversy Level,20.7,True,,,,,,1.0,,,,
IT,Gartner,Information Technology,IT Consulting & Other Services,2026-06-30,0.2329745551438666,0.1643838722438651,0.2257624513482857,3.531565704429576,19285.0,Low Controversy Level,18.9,True,,,,,,1.0,,,,
GE,GE Aerospace,Industrials,Aerospace & Defense,2026-06-30,0.1045491572153643,0.1775546898411747,0.2142643092598142,2.9474316611595075,57000.0,Significant Controversy Level,40.5,True,2018.0,1510000.0,2250000.0,,,3.0,4.2141144740785135e-05,Wikirate/GRI,740000.0,2021.0
GEHC,GE HealthCare,Health Care,Health Care Equipment,2026-06-30,0.1421360683026365,0.1057801284472988,0.0128447298828862,8.287487073422957,54000.0,,,True,,,,,,,,,,
GEV,GE Vernova,Industrials,Heavy Electrical Equipment,2026-06-30,0.1374257425742574,0.0601585014409221,0.4598342939481268,-9.632462686567164,78000.0,,,True,,,,,,,,,,
GEN,Gen Digital,Information Technology,Systems Software,2026-06-30,0.0854001534134492,0.1609281437125748,0.3218562874251497,13.373684210526315,3900.0,Moderate Controversy Level,16.9,True,,,,,,2.0,,,,
GNRC,Generac,Industrials,Heavy Electrical Equipment,2026-06-30,0.2033054921813376,0.1220645755042564,0.0536177791412088,3.676976100685912,9400.0,,,False,,,,,,,,,,
GD,General Dynamics,Industrials,Aerospace & Defense,2026-06-30,0.2342635839303226,0.0823045267489712,0.1167872853696608,1.886781268524007,117000.0,Significant Controversy Level,35.2,True,,,,,,3.0,,,,
GIS,General Mills,Consumer Staples,Packaged Foods & Meats,2026-05-31,0.1535678472317077,-0.4355909406456091,0.0797466157584172,-6.849290687326598,30000.0,Moderate Controversy Level,21.1,True,2022.0,74100.0,144788.598,,,2.0,7.852557597188476e-06,EPA GHGRP,70688.598,2023.0
GM,General Motors,Consumer Discretionary,Automobile Manufacturers,2026-06-30,0.1698580331185321,0.0271727814100695,0.0228001499187939,22.306719203649937,156000.0,High Controversy Level,28.5,True,2022.0,2996074.0,3568244.952,,,4.0,1.857454791154791e-05,EPA GHGRP,572170.952,2023.0
GPC,Genuine Parts Company,Consumer Discretionary,Distributors,2026-06-30,0.3104216946739225,0.0348110304024001,0.0447240617223534,9.318101132928284,65000.0,Moderate Controversy Level,13.7,True,,,,,,2.0,,,,
GILD,Gilead Sciences,Health Care,Biotechnology,2026-06-30,0.1580770633280661,-1.345123670383186,0.4399589901320005,-2.477924589107316,17000.0,Moderate Controversy Level,23.0,True,,,,,,2.0,,,,
GPN,Global Payments,Financials,Transaction & Payment Processing Services,2026-06-30,0.0522352239296362,0.0039059970952703,0.1285702713600464,14.334861131518618,26000.0,Low Controversy Level,20.9,True,,,,,,1.0,,,,
GL,Globe Life,Financials,Life & Health Insurance,2026-06-30,0.0506844843404292,0.179872228438549,0.1860107643164784,,3695.0,Moderate Controversy Level,20.4,True,,,,,,2.0,,,,
GDDY,GoDaddy,Information Technology,Internet Services & Infrastructure,2026-06-30,0.1623189855688667,0.1849768875192604,0.336979969183359,7.122382376937721,5845.0,,,True,,,,,,,,,,
GS,Goldman Sachs,Financials,Investment Banking & Brokerage,2026-06-30,0.0095586289679378,0.3258924181335431,0.2754941488838627,,46200.0,Moderate Controversy Level,25.5,True,,,,,,2.0,,,,
HAL,Halliburton,Energy,Oil & Gas Equipment & Services,2026-06-30,0.2212327706365185,0.0934546727336366,0.1030801540077003,4.805451127819549,46000.0,Moderate Controversy Level,25.6,True,,,,,,2.0,,EPA GHGRP,53414.518,2023.0
HIG,Hartford (The),Financials,Property & Casualty Insurance,2026-06-30,0.0812543332234636,0.1815638550846272,0.1706532382151349,,19200.0,Low Controversy Level,16.6,True,,,,,,1.0,,,,
HAS,Hasbro,Consumer Discretionary,Leisure Products,2026-06-30,0.1887630027164911,0.1411898911898912,0.1942786942786943,9.155012056493282,4520.0,Moderate Controversy Level,7.1,True,,,,,,2.0,,,,
HCA,HCA Healthcare,Health Care,Health Care Facilities,2026-06-30,0.3198418972332015,0.0839841819080573,0.0545724172021749,12.064651969284125,230000.0,Significant Controversy Level,28.8,True,,,,,,3.0,,,,
DOC,Healthpeak Properties,Real Estate,Health Care REITs,2026-06-30,0.0355893617568892,0.0684544291640907,0.4680013323327877,19.03400385419285,411.0,,,False,,,,,,,,,,
HSIC,Henry Schein,Health Care,Health Care Distributors,2026-06-30,0.3038397328881469,0.0271833429728166,0.0566801619433198,12.518939393939394,25000.0,Moderate Controversy Level,13.9,True,,,,,,2.0,,,,
HSY,Hershey Company (The),Consumer Staples,Packaged Foods & Meats,2026-06-30,0.1994772509255673,0.1641961808283697,0.1182098413306612,6.080950714561309,17550.0,Significant Controversy Level,26.0,True,2021.0,262618.0,409271.0,,,3.0,3.670847406061624e-05,Wikirate/GRI,146653.0,2021.0
HPE,Hewlett Packard Enterprise,Information Technology,"Technology Hardware, Storage & Peripherals",2026-07-31,0.1460955069620556,0.1260951445181364,0.073364447719643,6.025773195876289,67000.0,Moderate Controversy Level,10.7,True,,,,,,2.0,,Wikirate/GRI,4587653.0,2020.0
HLT,Hilton Worldwide,Consumer Discretionary,"Hotels, Resorts & Cruise Lines",2026-06-30,0.1973653119092627,0.144268183178689,0.13020053876085,13.524122807017545,182000.0,Moderate Controversy Level,17.6,True,2014.0,2102953.0,2656968.0,,,2.0,0.000198815324753,Wikirate/GRI,554015.0,2014.0
HD,Home Depot (The),Consumer Discretionary,Home Improvement Retail,2026-07-31,0.4375502815768302,0.0995800338480182,0.0942312112158124,6.3474078700812,470000.0,Moderate Controversy Level,12.6,True,,,,,,2.0,,,,
HONA,Honeywell Aerospace,Industrials,Aerospace & Defense,2026-06-30,0.2334417428114191,0.0544007076514816,0.0990712074303405,21.13142857142857,30000.0,,,True,,,,,,,,,,
HON,Honeywell Technologies,Industrials,Industrial Conglomerates,2026-06-30,0.1256593918080265,0.5846280481531022,0.0988784854408889,3.076182350073135,101000.0,Significant Controversy Level,28.6,True,,,,,,3.0,,,,
HRL,Hormel Foods,Consumer Staples,Packaged Foods & Meats,2026-07-31,0.2227903912830666,0.0201169540879056,0.0582288449154485,10.651594184516354,20000.0,Significant Controversy Level,30.0,True,2021.0,517537.0,576122.68,,,3.0,4.863710700552758e-05,EPA GHGRP,58585.68,2023.0
HST,Host Hotels & Resorts,Real Estate,Hotel & Resort REITs,2026-06-30,0.1237455670414245,0.1445121951219512,0.2329268292682927,6.135294117647059,162.0,Low Controversy Level,13.4,True,,,,,,1.0,,,,
HWM,Howmet Aerospace,Industrials,Aerospace & Defense,2026-06-30,0.1922119085352049,0.2096584216725559,0.188064389477817,5.0229591836734695,25430.0,,,True,,,,,,,,EPA GHGRP,124137.594,2023.0
HPQ,HP Inc.,Information Technology,"Technology Hardware, Storage & Peripherals",2026-07-31,0.3430340692763834,0.0421636792753715,0.098743382024622,4.324956672443674,55000.0,Moderate Controversy Level,11.3,True,2021.0,198200.0,246900.0,,,2.0,3.937296676660076e-06,Wikirate/GRI,48700.0,2021.0
HUBB,Hubbell Incorporated,Industrials,Industrial Machinery & Supplies & Components,2026-06-30,0.1445020344076581,0.1404369669353896,0.1243135880359855,12.168615984405458,19400.0,None Controversy Level,19.6,True,,,,,,0.0,,,,
HUM,Humana,Health Care,Managed Health Care,2026-06-30,0.7145080075529757,0.0169819169501064,0.0448772848508576,,67060.0,Moderate Controversy Level,22.5,True,,,,,,2.0,,,,
HBAN,Huntington Bancshares,Financials,Regional Banks,2026-06-30,0.0099899994365879,0.2562566090941135,0.3620021149101163,,25527.0,Moderate Controversy Level,21.8,True,,,,,,2.0,,,,
HII,Huntington Ingalls Industries,Industrials,Aerospace & Defense,2026-06-30,0.2695158492351364,0.0608543007606787,-0.0438853130485664,7.472222222222222,45000.0,,,True,,,,,,,,EPA GHGRP,49706.726,2023.0
IBM,IBM,Information Technology,IT Consulting & Other Services,2026-06-30,0.1128344039079809,0.1261507982752593,0.1290059433632444,12.70630505331479,264300.0,Moderate Controversy Level,14.1,True,,,,,,2.0,,,,
IEX,IDEX Corporation,Industrials,Industrial Machinery & Supplies & Components,2026-06-30,0.1328427128427128,0.1557679774060395,0.1922659135346513,4.8609583660644144,8700.0,None Controversy Level,29.3,True,,,,,,0.0,,,,
IDXX,Idexx Laboratories,Health Care,Health Care Equipment,2026-06-30,0.3534185371266887,0.2781655206993346,0.2635442652999996,1.6478161282679094,11000.0,Low Controversy Level,18.7,True,,,,,,1.0,,,,
ITW,Illinois Tool Works,Industrials,Industrial Machinery & Supplies & Components,2026-06-30,0.2607614890263126,0.1894908160892815,0.1467100674261799,7.044550517104216,43000.0,Moderate Controversy Level,25.3,True,2022.0,1418758.0,1418767.4,,,2.0,8.246729830272029e-05,Wikirate/GRI,9.4,2022.0
INCY,Incyte,Health Care,Biotechnology,2026-06-30,0.2126399164093093,0.3498156255618895,0.2958407779030237,-5.0658230709555445,2844.0,Low Controversy Level,24.8,True,,,,,,1.0,,,,
IR,Ingersoll Rand,Industrials,Industrial Machinery & Supplies & Components,2026-06-30,0.1126079333410281,0.1253416634127294,0.1312475595470519,6.848050458715596,21000.0,,,True,2021.0,58812.0,94811.0,,,,1.156908922295978e-05,Wikirate/GRI,35999.0,2021.0
PODD,Insulet Corporation,Health Care,Health Care Equipment,2026-06-30,0.2532937347951091,0.1184981913433952,0.063739553448921,2.602265575833858,5400.0,,,True,,,,,,,,,,
INTC,Intel,Information Technology,Semiconductors,2026-06-30,0.0796684433335473,-0.6840897817460317,0.2759176587301587,-5.17775639263129,85100.0,Significant Controversy Level,18.9,True,2019.0,1299000.0,2089767.5444783,,,3.0,3.239347012150143e-05,EPA GHGRP,790767.5444783,2023.0
IBKR,Interactive Brokers,Financials,Investment Banking & Brokerage,2026-06-30,0.0121143993950887,0.1041388518024032,2.068758344459279,-2.891810668670173,3265.0,,,True,,,,,,,,,,
ICE,Intercontinental Exchange,Financials,Financial Exchanges & Data,2026-06-30,0.0207234557840307,0.2653004707837164,0.4807532539462752,9.983519404572036,12725.0,Low Controversy Level,19.8,False,,,,,,1.0,,,,
IFF,International Flavors & Fragrances,Materials,Specialty Chemicals,2026-06-30,0.077681482070446,0.0255885363357216,0.1453428863868986,15.640243902439025,21500.0,Significant Controversy Level,22.7,True,2021.0,1985131.0,2292219.216,,,3.0,0.0002932726734902,EPA GHGRP,307088.216,2023.0
IP,International Paper,Materials,Paper & Plastic Packaging Products & Materials,2026-06-30,0.1643985652090578,-0.0019986675549633,-0.0011658894070619,14.318718381112983,62602.0,Significant Controversy Level,24.5,True,2022.0,3310000.0,8714387.697999999,,,3.0,0.0003628575823617,EPA GHGRP,5404387.698,2023.0
INTU,Intuit,Information Technology,Application Software,2026-07-31,0.1183602457456641,0.083371612310519,0.288929719797887,3.579710144927536,18600.0,Moderate Controversy Level,16.4,True,,,,,,2.0,,,,
ISRG,Intuitive Surgical,Health Care,Health Care Equipment,2026-06-30,0.1385426745734458,0.282854475676797,0.3279051274072537,,17021.0,Low Controversy Level,21.1,True,,,,,,1.0,,,,
IVZ,Invesco,Financials,Asset Management & Custody Banks,2026-06-30,0.0664504551725142,0.2094106047326906,0.3854623137598598,14.974960876369328,7405.0,Moderate Controversy Level,22.8,True,,,,,,2.0,,,,
INVH,Invitation Homes,Real Estate,Single-Family Residential REITs,2026-06-30,0.0405213268857689,0.2927523242592468,0.4405819008761956,16.63770310097512,1725.0,,,True,,,,,,,,,,
IQV,IQVIA,Health Care,Life Sciences Tools & Services,2026-06-30,0.1461798467253438,0.0586080586080586,0.0824175824175824,17.835443037974684,94000.0,Moderate Controversy Level,19.1,True,,,,,,2.0,,,,
IRM,Iron Mountain,Real Estate,Other Specialized REITs,2026-06-30,0.09241726948608,0.0499886154291983,-0.0374059540812454,26.98991234698504,29400.0,Moderate Controversy Level,14.5,True,2021.0,288801.0,409671.0,,,2.0,5.0475416719646814e-05,Wikirate/GRI,120870.0,2021.0
JBHT,J.B. Hunt,Industrials,Cargo Ground Transportation,2026-06-30,0.4399488569724667,0.0517936106126634,0.0724756930457391,2.593214138007826,31750.0,Low Controversy Level,14.8,False,,,,,,1.0,,,,
JBL,Jabil,Information Technology,Electronic Manufacturing Services,2026-05-31,0.3673957764809605,0.0314249800022854,0.0401097017483716,3.292006525285481,135000.0,,,True,,,,,,,,,,
JKHY,Jack Henry & Associates,Financials,Transaction & Payment Processing Services,2026-06-30,0.2047305044869029,0.1727065648276536,0.3677461829779371,0.1423796518974442,7300.0,None Controversy Level,18.7,False,,,,,,0.0,,,,
J,Jacobs Solutions,Industrials,Construction & Engineering,2026-06-30,0.3471145640446258,0.0334983478109414,0.1057288153056243,6.815473762914627,47000.0,Significant Controversy Level,22.4,True,,,,,,3.0,,,,
JNJ,Johnson & Johnson,Health Care,Pharmaceuticals,2026-06-30,0.1258821949557597,0.2186487554326353,0.2882259976293955,3.1839323467230445,138200.0,High Controversy Level,24.0,True,2019.0,1167140.0,1582234.0,,,4.0,1.5628546029237457e-05,Wikirate/GRI,415094.0,2019.0
JCI,Johnson Controls,Industrials,Building Products,2026-06-30,0.1706442374674269,0.1132446325975204,0.1805261566374357,7.769569041336851,87000.0,Significant Controversy Level,14.4,True,2021.0,229809.0,779167.0,,,3.0,2.9451428787420626e-05,Wikirate/GRI,549358.0,2021.0
JPM,JPMorgan Chase,Financials,Diversified Banks,2026-06-30,0.0105386386508341,0.4002686747899796,-0.4783735714826307,,320560.0,Significant Controversy Level,29.3,True,,,,,,3.0,,,,
KVUE,Kenvue,Consumer Staples,Personal Care Products,2026-06-30,0.1479334206096876,0.1152970922882427,0.1577749683944374,8.711583924349881,21780.0,,,True,,,,,,,,,,
KDP,Keurig Dr Pepper,Consumer Staples,Soft Drinks & Non-alcoholic Beverages,2026-06-30,0.0834179801184674,0.0194281023395813,0.0974141469421261,21.32059925093633,50000.0,,,True,,,,,,,,,,
KEY,KeyCorp,Financials,Regional Banks,2026-06-30,0.0099834306412916,0.2664921465968586,0.1219895287958115,,17493.0,Low Controversy Level,21.4,True,,,,,,1.0,,,,
KEYS,Keysight Technologies,Information Technology,Electronic Equipment & Instruments,2026-07-31,0.1548527808069792,0.2150595882990249,0.2183098591549295,0.2315270935960591,16600.0,Low Controversy Level,7.6,False,,,,,,1.0,,,,
KMB,Kimberly-Clark,Consumer Staples,Household Products,2026-06-30,0.2257734181308612,0.0823585581284316,0.1327285748388637,7.021464646464646,36000.0,Moderate Controversy Level,28.5,True,2014.0,2712684.0,3743105.266,,,2.0,0.0002233889511816,EPA GHGRP,1030421.266,2023.0
KIM,Kimco Realty,Real Estate,Retail REITs,2026-06-30,0.0274974948769284,0.2783110415558432,0.6269433062031478,22.651139401690862,710.0,None Controversy Level,10.9,True,2014.0,62800.0,65512.0,,,0.0,2.973487702455152e-05,Wikirate/GRI,2712.0,2014.0
KMI,Kinder Morgan,Energy,Oil & Gas Storage & Transportation,2026-06-30,0.0604493532445788,0.1936564663837391,0.2184498548134912,16.30213631739573,11028.0,Moderate Controversy Level,19.0,True,2017.0,79924.0,10141754.292,,,2.0,0.0005663253457672,EPA GHGRP,10061830.292,2023.0
KKR,KKR & Co.,Financials,Asset Management & Custody Banks,2026-06-30,0.0136497992945029,0.1238182608787875,0.5663364761531038,15.29206067953042,5043.0,,,True,,,,,,,,,,
KLAC,KLA Corporation,Information Technology,Semiconductor Materials & Equipment,2026-06-30,0.2037461420430063,0.3726693453223956,0.2234120270475694,2.461894594963588,17000.0,None Controversy Level,17.2,True,2014.0,14654.4,16148.76,,,0.0,1.1037944463461393e-06,Wikirate/GRI,1494.36,2014.0
KHC,Kraft Heinz,Consumer Staples,Packaged Foods & Meats,2026-06-30,0.0857045096831588,-0.8719259022676461,0.1426061961034813,14.028764805414552,35000.0,Significant Controversy Level,33.7,True,,,,,,3.0,,,,
KR,Kroger,Consumer Staples,Food Retail,2026-04-30,0.9170643442296984,0.0195789336744649,0.0104290887014592,4.896241190289741,400000.0,Significant Controversy Level,21.3,True,,,,,,3.0,,,,
LHX,L3Harris,Industrials,Aerospace & Defense,2026-06-30,0.136964926172621,0.0996429178711103,0.1311001530351981,8.409937888198758,45000.0,,,True,,,,,,,,,,
LH,Labcorp,Health Care,Health Care Services,2026-06-30,0.2013295705336089,0.0800568197046447,0.0841306853206829,9.124820430965682,71000.0,Moderate Controversy Level,19.7,True,,,,,,2.0,,,,
LRCX,Lam Research,Information Technology,Semiconductor Materials & Equipment,2026-06-30,0.2856910931836357,0.3387684280145987,0.1886911769562458,-0.6809216877009746,23300.0,Low Controversy Level,13.6,True,,,,,,1.0,,,,
LVS,Las Vegas Sands,Consumer Discretionary,Casinos & Gaming,2026-06-30,0.1584208147069164,0.1097019657577679,0.1100190234622701,11.64152791380999,41000.0,Moderate Controversy Level,18.7,True,,,,,,2.0,,,,
LDOS,Leidos,Industrials,Diversified Support Services,2026-06-30,0.2915813715455476,0.0776656428258008,0.1669591926283457,8.790349417637271,50000.0,Moderate Controversy Level,17.6,True,,,,,,2.0,,,,
LEN,Lennar,Consumer Discretionary,Homebuilding,2026-05-31,0.235594338582711,0.038385001672571,-0.0381919255121493,8.6307771918042,12532.0,Moderate Controversy Level,25.4,True,,,,,,2.0,,,,
LII,Lennox International,Industrials,Building Products,2026-06-30,0.34,0.174076231152527,0.0882029379408529,3.7609201344016543,5400.0,,,True,,,,,,,,,,
LLY,Lilly (Eli),Health Care,Pharmaceuticals,2026-06-30,0.1614669356142336,0.3088273700705145,0.1947854095934534,3.537679932260796,50000.0,Moderate Controversy Level,24.3,True,2017.0,990000.0,1473000.0,,,2.0,1.6028989292243404e-05,Wikirate/GRI,483000.0,2017.0
LIN,Linde plc,Materials,Industrial Gases,2026-06-30,0.1051398431221632,0.2075573258693077,0.0896759608138658,6.474789915966387,64649.0,,,True,2020.0,20832000.0,29619322.32,,,,0.0007971612207987,EPA GHGRP,8787322.32,2023.0
LYV,Live Nation Entertainment,Communication Services,Movies & Entertainment,2026-06-30,0.272059378245336,0.0384050415437458,0.0169233602604874,0.1610314687488343,17700.0,,,True,,,,,,,,,,
LMT,Lockheed Martin,Industrials,Aerospace & Defense,2026-06-30,0.3212650120096076,0.0915117380252205,0.1453920151522703,5.888537271448664,123000.0,Significant Controversy Level,30.2,True,2022.0,508459.0,604253.134,,,3.0,7.52944641878084e-06,EPA GHGRP,95794.134,2023.0
L,Loews Corporation,Financials,Multi-line Insurance,2026-06-30,0.0531366075113495,0.0957928802588996,0.1527508090614886,,13100.0,Moderate Controversy Level,16.4,True,,,,,,2.0,,EPA GHGRP,1937140.466,2023.0
LOW,Lowe's,Consumer Discretionary,Home Improvement Retail,2026-07-31,0.4644870349492672,0.0924256433965171,0.1200878409616273,8.157532621589562,300000.0,Moderate Controversy Level,11.8,False,,,,,,2.0,,,,
LULU,Lululemon Athletica,Consumer Discretionary,"Apparel, Accessories & Luxury Goods",2026-07-31,0.2847084439556098,0.1362886136168976,0.0932104282483541,1.260753206876012,39000.0,Moderate Controversy Level,16.9,True,2023.0,32.0,4264.0,,,2.0,4.4129256496542723e-07,Wikirate/GRI,4232.0,2023.0
LITE,Lumentum,Information Technology,Communications Equipment,2026-06-30,0.1377078344166951,-7.116863758322568,0.1949716784259167,0.0504396363685629,13757.0,,,False,,,,,,,,,,
LYB,LyondellBasell,Materials,Specialty Chemicals,2026-06-30,0.2661388550548112,0.0608041843739784,0.0525226108750136,7.950502706883217,18970.0,Moderate Controversy Level,20.7,True,2022.0,7000000.0,16006673.084,,,2.0,0.0004360540776942,EPA GHGRP,9006673.084,2023.0
MTB,M&T Bank,Financials,Regional Banks,2026-06-30,0.0113335248858666,0.3291750503018109,0.5018108651911469,,21662.0,Low Controversy Level,26.5,True,,,,,,1.0,,,,
MPC,Marathon Petroleum,Energy,Oil & Gas Refining & Marketing,2026-06-30,0.5513095111865126,0.0988190945109051,0.1758087471631342,3.047572697408444,18500.0,Significant Controversy Level,30.5,True,2022.0,6700000.0,35642731.352,,,3.0,0.000171379059853,EPA GHGRP,28942731.352,2023.0
MAR,Marriott International,Consumer Discretionary,"Hotels, Resorts & Cruise Lines",2026-06-30,0.2517714082250311,0.1083297977655211,0.1125724791401499,11.064559515803632,414000.0,Significant Controversy Level,21.4,True,2020.0,4152757.0,5125482.0,,,3.0,0.0001812148918116,Wikirate/GRI,972725.0,2020.0
MRSH,Marsh McLennan,Financials,Insurance Brokers,2026-06-30,0.1240575047753091,0.1709886547811993,0.1959751485683414,8.655805415328132,95000.0,,,True,,,,,,,,,,
MLM,Martin Marietta Materials,Materials,Construction Materials,2026-06-30,0.0913869983571931,0.1289162814586543,-0.0082177709296353,10.015437392795883,9600.0,Moderate Controversy Level,30.1,True,2022.0,626000.0,4625044.1620000005,,,2.0,0.0005938680228556,EPA GHGRP,3999044.162,2023.0
MRVL,Marvell Technology,Information Technology,Semiconductors,2026-07-31,0.099413528049763,0.1124374840287664,0.1731464242689738,1.3418001823629022,7480.0,,,True,,,,,,,,,,
MAS,Masco,Industrials,Building Products,2026-06-30,0.3688205887798556,0.1596385542168674,0.2274096385542168,5.767094017094017,18000.0,Low Controversy Level,22.2,True,,,,,,1.0,,,,
MA,Mastercard,Financials,Transaction & Payment Processing Services,2026-06-30,0.1608049782461735,0.4729977363371779,0.3551794761237469,2.2205222018958923,39800.0,High Controversy Level,17.1,True,2019.0,52141.0,56899.0,,,4.0,1.533335129891129e-06,Wikirate/GRI,4758.0,2019.0
MKC,McCormick & Company,Consumer Staples,Packaged Foods & Meats,2026-05-31,0.1175328182750605,0.0775069709800681,0.1740679541464422,12.913299663299664,14100.0,Moderate Controversy Level,26.1,True,,,,,,2.0,,,,
MCD,McDonald's,Consumer Discretionary,Restaurants,2026-06-30,0.1184913217623498,0.3326760563380281,0.2783098591549295,9.984910485933504,150000.0,Significant Controversy Level,26.0,True,,,,,,3.0,,,,
MCK,McKesson Corporation,Health Care,Health Care Distributors,2026-06-30,1.1930261519302616,0.0058265325488707,-0.0035300816094135,2.8892405063291138,41600.0,Significant Controversy Level,15.2,True,,,,,,3.0,,,,
MDT,Medtronic,Health Care,Health Care Equipment,2026-07-31,0.104559192334898,0.1506765067650676,0.1322263222632226,9.8397913561848,95000.0,Significant Controversy Level,22.8,True,,,,,,3.0,,Wikirate/GRI,197000.0,2015.0
MRK,Merck & Co.,Health Care,Pharmaceuticals,2026-06-30,0.1279410178579683,-0.0803877882820497,0.2695851147106641,33.02245614035088,73000.0,Significant Controversy Level,21.4,True,2019.0,316630.0,682159.704,,,3.0,1.0269159149756127e-05,EPA GHGRP,365529.704,2023.0
META,Meta Platforms,Communication Services,Interactive Media & Services,2026-06-30,0.1351265457066913,0.2606536076709265,0.0287166329501159,2.633790307009075,75472.0,High Controversy Level,34.1,True,2022.0,3921611.0,3988545.0,,,4.0,1.6399997532935313e-05,Wikirate/GRI,66934.0,2022.0
MET,MetLife,Financials,Life & Health Insurance,2026-06-30,0.0248586990302513,0.0389892461725909,0.1180272289028977,,46000.0,Moderate Controversy Level,16.4,True,2013.0,14610.0,26615.0,,,2.0,3.524792075011919e-07,Wikirate/GRI,12005.0,2013.0
MTD,Mettler Toledo,Health Care,Life Sciences Tools & Services,2026-06-30,0.2798500876068935,0.2267067323135867,0.275109654886432,6.071726389547783,16600.0,None Controversy Level,13.1,True,,,,,,0.0,,,,
MGM,MGM Resorts,Consumer Discretionary,Casinos & Gaming,2026-06-30,0.1116983684584391,0.0657006200638823,0.0713182429179286,4.412557458732474,60000.0,Moderate Controversy Level,24.8,True,,,,,,2.0,,EPA GHGRP,110103.336,2023.0
MCHP,Microchip Technology,Information Technology,Semiconductors,2026-06-30,0.1030512097949664,0.1547787431804405,0.3351518825351923,10.320421821131616,17900.0,Low Controversy Level,31.8,True,,,,,,1.0,,EPA GHGRP,472938.201976,2023.0
MU,Micron Technology,Information Technology,Semiconductors,2026-05-31,0.309114769744691,0.6812765341566963,0.4236298726360478,-0.5233584438947605,53000.0,Moderate Controversy Level,18.2,True,,,,,,2.0,,EPA GHGRP,303884.3484487,2023.0
MSFT,Microsoft,Information Technology,Systems Software,2026-06-30,0.1186838718524847,0.3973690935149488,0.2181941404557423,0.3462652929813264,223000.0,Significant Controversy Level,15.1,True,2022.0,6381250.0,6520663.0,,,3.0,1.811154410212539e-05,Wikirate/GRI,139413.0,2022.0
MAA,Mid-America Apartment Communities,Real Estate,Multi-Family Residential REITs,2026-06-30,0.0462814717042291,0.2193191828176255,0.4033671574252378,16.546379201088996,2507.0,Low Controversy Level,13.1,True,,,,,,1.0,,,,
MRNA,Moderna,Health Care,Biotechnology,2026-06-30,0.0130462549037496,-5.468531468531468,-3.937062937062937,0.6346433770014556,4700.0,,,False,,,,,,,,,,
TAP,Molson Coors Beverage Company,Consumer Staples,Brewers,2026-06-30,0.127119339874379,0.0748264169223316,0.2307120943000161,10.324639289678135,16200.0,Moderate Controversy Level,21.4,True,2023.0,268284.0,682861.044,,,2.0,5.513168448248022e-05,EPA GHGRP,414577.044,2023.0
MDLZ,Mondelez International,Consumer Staples,Packaged Foods & Meats,2026-03-31,0.141728297854391,0.0555555555555555,0.0153769841269841,15.402843601895734,91000.0,Significant Controversy Level,22.0,True,2021.0,589644.0,1427713.0,,,3.0,3.540954861111111e-05,Wikirate/GRI,838069.0,2021.0
MPWR,Monolithic Power Systems,Information Technology,Semiconductors,2026-06-30,0.2092613493172623,0.262377095820901,0.1483548532491979,-3.0740588420399986,4501.0,,,True,,,,,,,,,,
MNST,Monster Beverage,Consumer Staples,Soft Drinks & Non-alcoholic Beverages,2026-06-30,0.2229316576074184,0.2303630422865583,0.180396796340296,,5773.0,Moderate Controversy Level,29.2,True,2021.0,4677.0,9348.0,,,2.0,9.209950214248584e-07,Wikirate/GRI,4671.0,2021.0
MCO,Moody's Corporation,Financials,Financial Exchanges & Data,2026-06-30,0.148892674616695,0.4018306636155606,0.3148741418764302,4.016862170087976,16000.0,Moderate Controversy Level,15.8,True,,,,,,2.0,,,,
MS,Morgan Stanley,Financials,Investment Banking & Brokerage,2026-06-30,0.011870640819984,0.2806779320056327,-0.1793401730034198,,83000.0,Moderate Controversy Level,24.6,True,2014.0,295792.0,327060.0,,,2.0,4.112100181050091e-06,Wikirate/GRI,31268.0,2014.0
MOS,Mosaic Company (The),Materials,Fertilizers & Agricultural Chemicals,2026-06-30,0.1146111920521738,-0.0965971459934138,-0.0541411423108246,81.07434402332362,13000.0,Moderate Controversy Level,33.5,True,2021.0,1300000.0,4530000.0,,,2.0,0.0004010127120144,Wikirate/GRI,3230000.0,2021.0
MSI,Motorola Solutions,Information Technology,Communications Equipment,2026-06-30,0.1628209125870491,0.1777848707309288,0.1321417172039578,8.33033033033033,23000.0,Low Controversy Level,13.1,True,,,,,,1.0,,,,
MSCI,MSCI,Financials,Financial Exchanges & Data,2026-06-30,0.1547523427041499,0.3944636678200692,0.3764705882352941,11.04378893367534,6327.0,Low Controversy Level,16.3,True,,,,,,1.0,,,,
NDAQ,"Nasdaq, Inc.",Financials,Financial Exchanges & Data,2026-06-30,0.0926081708788998,0.2002369668246445,0.2503949447077409,9.136363636363637,9630.0,Low Controversy Level,13.1,True,,,,,,1.0,,,,
NTAP,NetApp,Information Technology,"Technology Hardware, Storage & Peripherals",2026-07-31,0.1848471017800091,0.1851851851851851,0.1980246913580247,1.675824175824176,11700.0,Low Controversy Level,15.4,True,,,,,,1.0,,,,
NFLX,Netflix,Communication Services,Movies & Entertainment,2026-06-30,0.2148818346811104,0.2708145533839418,0.1214311726698014,0.6018955396823746,16000.0,Moderate Controversy Level,16.4,True,,,,,,2.0,,,,
NEM,Newmont,Materials,Gold,2026-06-30,0.1061397269304835,0.3599215429879045,0.3604118993135011,-0.9376030786146234,17500.0,Significant Controversy Level,20.5,True,2018.0,1580000.0,1580003.11,,,3.0,6.456370995423341e-05,Wikirate/GRI,3.11,2019.0
NWSA,News Corp (Class A),Communication Services,Publishing,2026-06-30,0.1503474009264024,0.0765939238339751,0.1206675224646983,1.9385342789598108,21700.0,Moderate Controversy Level,11.5,True,,,,,,2.0,,,,
NWS,News Corp (Class B),Communication Services,Publishing,2026-06-30,0.1503474009264024,0.0765939238339751,0.1206675224646983,1.9385342789598108,21700.0,,,True,,,,,,,,,,
NEE,NextEra Energy,Utilities,Multi-Utilities,2026-06-30,0.032361569884067,0.4173082028139103,0.2395805680913193,21.899816364007343,17400.0,Moderate Controversy Level,23.3,True,2014.0,141431.0,40639328.718,,,2.0,0.001348530950292,EPA GHGRP,40497897.718,2023.0
NKE,"Nike, Inc.",Consumer Discretionary,"Apparel, Accessories & Luxury Goods",2026-05-31,0.2856547774017183,0.0974298213634706,0.1366204885162231,0.2503302509907529,73000.0,Significant Controversy Level,19.6,True,2023.0,222647.0,282319.0,,,3.0,6.432715092963908e-06,Wikirate/GRI,59672.0,2023.0
NI,NiSource,Utilities,Multi-Utilities,2026-06-30,0.0357557613015267,0.0338945172824791,-0.310637663885578,28.4847986852917,7668.0,Significant Controversy Level,26.0,True,,,,,,3.0,,EPA GHGRP,4456754.266,2023.0
NDSN,Nordson Corporation,Industrials,Industrial Machinery & Supplies & Components,2026-07-31,0.1374710823279398,0.1869293979089287,0.2895457441721385,6.648256530816907,8200.0,Low Controversy Level,24.9,True,,,,,,1.0,,,,
NSC,Norfolk Southern,Industrials,Rail Transportation,2026-06-30,0.0767918088737201,0.2118326118326118,0.1774891774891775,10.26882430647292,19300.0,Significant Controversy Level,23.9,True,2014.0,266815.0,5625565.0,,,3.0,0.0004058849206349,Wikirate/GRI,5358750.0,2014.0
NTRS,Northern Trust,Financials,Asset Management & Custody Banks,2026-06-30,0.0121173113690565,0.3646322378716745,-0.1009849949369419,,23600.0,Moderate Controversy Level,23.9,True,2014.0,47570.0,50495.0,,,2.0,5.810434502439473e-06,Wikirate/GRI,2925.0,2014.0
NOC,Northrop Grumman,Industrials,Aerospace & Defense,2026-06-30,0.2142505368083052,0.1005884516366311,0.0899227657226921,7.146816037735849,95000.0,Moderate Controversy Level,27.5,True,2014.0,460577.0,570769.278,,,2.0,1.3119926397572638e-05,EPA GHGRP,110192.278,2023.0
NCLH,Norwegian Cruise Line Holdings,Consumer Discretionary,"Hotels, Resorts & Cruise Lines",2026-06-30,0.1099690109534056,0.0842830113794733,0.0548724050801653,21.44576351407096,44500.0,Moderate Controversy Level,25.9,True,,,,,,2.0,,,,
NRG,NRG Energy,Utilities,Independent Power Producers & Energy Traders,2026-06-30,0.1873059589384076,0.0676380163079802,0.0986499131132201,15.74233128834356,16702.0,Moderate Controversy Level,32.0,True,2018.0,189000.0,23067264.124,,,2.0,0.0007708616536559,EPA GHGRP,22878264.124,2023.0
NUE,Nucor,Materials,Steel,2026-06-30,0.2813497862207068,0.1111859190151005,0.0797345388092719,2.2607632093933465,33000.0,Moderate Controversy Level,32.8,True,,,,,,2.0,,EPA GHGRP,5761770.626,2023.0
NVDA,Nvidia,Information Technology,Semiconductors,2026-07-31,0.3004352550332217,0.6203219671381507,0.2224046725766724,0.1499155927039156,42000.0,Moderate Controversy Level,13.6,True,2014.0,48659.0,51402.0,,,2.0,1.3355192733394997e-07,Wikirate/GRI,2743.0,2014.0
NVR,"NVR, Inc.",Consumer Discretionary,Homebuilding,2026-06-30,0.4259734728422007,0.1014693570334616,-0.0676648333139513,-0.2829919353381556,6300.0,Low Controversy Level,20.3,True,,,,,,1.0,,,,
NXPI,NXP Semiconductors,Information Technology,Semiconductors,2026-06-30,0.1311081942621413,0.2193935926773455,0.2156750572082379,6.388188976377953,32169.0,Low Controversy Level,19.8,True,,,,,,1.0,,EPA GHGRP,77528.052339,2023.0
ORLY,O'Reilly Automotive,Consumer Discretionary,Automotive Retail,2026-06-30,0.2813261467690479,0.1461696851582365,0.1428647062058093,5.96378291298219,95822.0,Low Controversy Level,12.1,True,,,,,,1.0,,,,
OXY,Occidental Petroleum,Energy,Oil & Gas Exploration & Production,2026-06-30,0.1003633739017895,0.369125852448853,0.3325480471171729,1.473594548551959,10412.0,Moderate Controversy Level,41.7,True,2022.0,4900000.0,12900835.95,,,2.0,0.0003999019203347,EPA GHGRP,8000835.95,2023.0
ODFL,Old Dominion,Industrials,Cargo Ground Transportation,2026-06-30,0.2709438253299046,0.2256113883876746,0.1259095858183119,-0.4719545536635476,20173.0,,,True,,,,,,,,,,
OMC,Omnicom Group,Communication Services,Advertising,2026-06-30,0.1315051199326694,0.0891123809523809,-0.0659961904761904,5.958523285956915,120000.0,Low Controversy Level,16.3,True,,,,,,1.0,,,,
ON,ON Semiconductor,Information Technology,Semiconductors,2026-06-30,0.1189090181014601,0.1414405986903648,0.2652946679139382,2.218595914533928,22600.0,Low Controversy Level,22.4,True,,,,,,1.0,,,,
OKE,Oneok,Energy,Oil & Gas Storage & Transportation,2026-06-30,0.1757720754496783,0.0801726284338949,0.1195119926964893,15.74556780067082,6326.0,Low Controversy Level,25.1,True,,,,,,1.0,,EPA GHGRP,3005177.068,2023.0
ORCL,Oracle Corporation,Information Technology,Application Software,2026-05-31,0.0732887885421322,0.2243536280233528,-0.0976334445371142,10.176281719316416,141000.0,Moderate Controversy Level,13.9,True,2021.0,647826.0,657315.0,,,2.0,8.565927335279399e-06,Wikirate/GRI,9489.0,2021.0
OTIS,Otis Worldwide,Industrials,Industrial Machinery & Supplies & Components,2026-06-30,0.3459125134456794,0.1109095620627105,0.0577869914485618,12.354943273905995,72000.0,,,True,,,,,,,,,,
PCAR,Paccar,Industrials,Construction Machinery & Heavy Transportation Equipment,2026-06-30,0.1715935161584444,0.0996462029761352,0.0409450488292896,8.336410162675927,25900.0,Significant Controversy Level,27.6,True,2021.0,154791.0,278781.0,,,3.0,9.235195515920864e-06,Wikirate/GRI,123990.0,2021.0
PKG,Packaging Corporation of America,Materials,Paper & Plastic Packaging Products & Materials,2026-06-30,0.226036040125278,0.0771516928390698,0.0683159966263705,7.524754588134869,16800.0,Low Controversy Level,18.6,True,,,,,,1.0,,EPA GHGRP,1498344.226,2023.0
PLTR,Palantir Technologies,Information Technology,Application Software,2026-06-30,0.1657279096984869,0.5486487994610078,0.6208397572881749,-1.9763090291059568,4401.0,,,True,,,,,,,,,,
PANW,Palo Alto Networks,Information Technology,Systems Software,2026-07-31,0.0703673132480396,-0.0826979472140762,0.3677419354838709,-0.1944444444444444,21921.0,Low Controversy Level,13.9,True,,,,,,1.0,,,,
PSKY,Paramount Skydance Corporation,Communication Services,Movies & Entertainment,2026-06-30,0.1556596338744905,0.0059308549110371,0.0373209894401851,16.22182254196643,17600.0,,,True,,,,,,,,,,
PH,Parker Hannifin,Industrials,Industrial Machinery & Supplies & Components,2026-06-30,0.1863846876315704,0.1895742832319722,0.2715899218071242,4.796052631578948,59850.0,Moderate Controversy Level,29.5,True,,,,,,2.0,,,,
PAYX,Paychex,Industrials,Human Resource & Employment Services,2026-05-31,0.0992611827258957,0.2619744627841794,0.320772345063843,4.736921185630378,17600.0,Low Controversy Level,16.7,True,,,,,,1.0,,,,
PYPL,PayPal,Financials,Transaction & Payment Processing Services,2026-06-30,0.1049349142463468,0.1271596406357982,0.2044459801888965,3.028537455410226,23800.0,Moderate Controversy Level,17.8,False,,,,,,2.0,,,,
PNR,Pentair,Industrials,Industrial Machinery & Supplies & Components,2026-06-30,0.1389410327463424,0.1378940596182715,0.5928586746729573,7.694105691056911,9000.0,Low Controversy Level,22.1,True,,,,,,1.0,,,,
PEP,PepsiCo,Consumer Staples,Soft Drinks & Non-alcoholic Beverages,2026-06-30,0.2155380652292114,0.1232786071709193,0.0622389479343286,8.319713400464757,306000.0,Significant Controversy Level,22.1,True,2023.0,2056000.0,2373942.602,,,3.0,2.454347010049212e-05,EPA GHGRP,317942.602,2023.0
PFE,Pfizer,Health Care,Pharmaceuticals,2026-06-30,0.0747473039959031,-0.0164959425302647,0.0200878009844352,38.030562347188265,75000.0,Significant Controversy Level,24.6,True,2021.0,1172000.0,1397796.41,,,3.0,2.324392061327657e-05,EPA GHGRP,225796.41,2023.0
PCG,PG&E Corporation,Utilities,Multi-Utilities,2026-06-30,0.0406821252309134,0.1289393425957302,-0.349203659776347,24.97867298578199,29010.0,High Controversy Level,30.4,True,,,,,,4.0,,EPA GHGRP,340079.538,2023.0
PM,Philip Morris International,Consumer Staples,Tobacco,2026-06-30,0.1639349064756631,0.2516976411722659,0.4567548248749106,8.54080824088748,84900.0,Significant Controversy Level,28.5,True,,,,,,3.0,,,,
PSX,Phillips 66,Energy,Oil & Gas Refining & Marketing,2026-06-30,0.6234445666788901,0.0754254568269155,0.1280879930985805,2.7989121196668365,12600.0,Significant Controversy Level,35.4,True,2022.0,6400000.0,36491960.604,,,3.0,0.0001788681309505,EPA GHGRP,30091960.604,2023.0
PNW,Pinnacle West Capital,Utilities,Multi-Utilities,2026-06-30,0.0446865773554577,0.1226681247934911,-0.2299098264879454,19.20017712396649,6610.0,Low Controversy Level,30.8,True,,,,,,1.0,,EPA GHGRP,13239664.866,2023.0
PNC,PNC Financial Services,Financials,Diversified Banks,2026-06-30,0.0104361122925033,0.3173121791880541,0.3339555140768393,,55704.0,Significant Controversy Level,26.1,True,,,,,,3.0,,,,
PPG,PPG Industries,Materials,Specialty Chemicals,2026-06-30,0.1994763468536433,0.0972191323692992,0.0992213570634037,6.9328165374677,43500.0,Moderate Controversy Level,25.2,True,,,,,,2.0,,EPA GHGRP,198602.998,2023.0
PPL,PPL Corporation,Utilities,Electric Utilities,2026-06-30,0.0455929677544761,0.1089531027948839,-0.3306489815253434,22.040793825799337,6546.0,Moderate Controversy Level,31.3,True,,,,,,2.0,,EPA GHGRP,26771409.22,2023.0
PFG,Principal Financial Group,Financials,Life & Health Insurance,2026-06-30,0.0110723587060949,0.1032822981207435,0.5145680782426135,,19700.0,Low Controversy Level,14.2,True,,,,,,1.0,,,,
PG,Procter & Gamble,Consumer Staples,Personal Care Products,2026-06-30,0.1675927316413876,0.1435578192793812,0.1937370307489153,4.857859867496487,104000.0,Significant Controversy Level,28.6,True,2022.0,2323446.0,3999549.744,,,3.0,4.715560441426146e-05,EPA GHGRP,1676103.744,2023.0
PGR,Progressive Corporation,Financials,Property & Casualty Insurance,2026-06-30,0.1889053432059235,0.1403025551930166,0.1469977541421246,,70053.0,Moderate Controversy Level,20.0,True,,,,,,2.0,,,,
PLD,Prologis,Real Estate,Industrial REITs,2026-06-30,0.0240115538102293,0.4379352796921976,0.5553088661412389,15.776950039036269,2802.0,Low Controversy Level,10.3,True,2014.0,5097.0,7558.0,,,1.0,7.790300529550781e-07,Wikirate/GRI,2461.0,2014.0
PRU,Prudential Financial,Financials,Life & Health Insurance,2026-06-30,0.0200266988618525,0.0627708386438949,0.149502931430028,,36607.0,Low Controversy Level,19.9,True,2017.0,57055.0,70627.0,,,1.0,1.125207111904155e-06,Wikirate/GRI,13572.0,2017.0
PEG,Public Service Enterprise Group,Utilities,Electric Utilities,2026-06-30,0.0434257732134052,0.1307752545027408,-0.0845732184808144,23.367562380038382,13189.0,Moderate Controversy Level,27.2,True,,,,,,2.0,,EPA GHGRP,146.3,2023.0
PTC,PTC Inc.,Information Technology,Application Software,2026-06-30,0.0921228074835071,0.1979505007091087,0.4155477302686947,5.348714545200503,7000.0,None Controversy Level,18.9,False,,,,,,0.0,,,,
PSA,Public Storage,Real Estate,Self-Storage REITs,2026-06-30,0.0612832997278222,0.4055217007967516,0.6516322337678981,11.296252983402264,5770.0,Low Controversy Level,13.1,True,,,,,,1.0,,,,
PHM,PulteGroup,Consumer Discretionary,Homebuilding,2026-06-30,0.2180865993290328,0.1185056730464325,-0.0032262462286185,1.4854292513836116,6506.0,Moderate Controversy Level,21.4,True,,,,,,2.0,,,,
PWR,Quanta Services,Industrials,Construction & Engineering,2026-06-30,0.3378007141286774,0.0472304218574098,0.0904561338671551,5.80267224706314,69500.0,Moderate Controversy Level,36.9,True,,,,,,2.0,,,,
QCOM,Qualcomm,Information Technology,Semiconductors,2026-06-30,0.1733923684348144,0.2012667135819845,0.0497637478636774,3.5365612648221343,52000.0,Significant Controversy Level,15.4,True,2020.0,203047.0,251613.816,,,3.0,6.323861867899869e-06,EPA GHGRP,48566.816,2023.0
DGX,Quest Diagnostics,Health Care,Health Care Services,2026-06-30,0.1796446071196646,0.1051593821886296,0.1508379888268156,8.012779552715655,46000.0,Significant Controversy Level,21.2,True,,,,,,3.0,,,,
Q,Qnity Electronics,Information Technology,Semiconductor Materials & Equipment,2026-06-30,0.0997139069150792,0.0867739678096571,0.1056682995101469,8.568627450980392,10000.0,,,True,,,,,,,,,,
RL,Ralph Lauren Corporation,Consumer Discretionary,"Apparel, Accessories & Luxury Goods",2026-06-30,0.2558886509635974,0.133789162159404,0.1458822328809062,3.102873702004347,15600.0,Moderate Controversy Level,14.6,True,2023.0,62381.0,74587.0,,,2.0,9.514618838657006e-06,Wikirate/GRI,12206.0,2023.0
RJF,Raymond James Financial,Financials,Investment Banking & Brokerage,2026-06-30,0.0410136146099727,0.1539456662354463,-0.0796895213454075,,19500.0,Moderate Controversy Level,27.0,True,,,,,,2.0,,,,
RDDT,Reddit,Communication Services,Interactive Media & Services,2026-06-30,0.2213341839435407,0.3141339661202253,0.3239413346916717,-6.212425945231255,2555.0,,,True,,,,,,,,,,
RTX,RTX Corporation,Industrials,Aerospace & Defense,2026-06-30,0.1420228542524084,0.0865711510441962,0.1141330743079164,6.843492586490939,180000.0,,,True,2022.0,936100.0,1090746.258,,,,1.1036367350655658e-05,EPA GHGRP,154646.258,2023.0
O,Realty Income,Real Estate,Retail REITs,2026-06-30,0.0186701002302742,0.2410049258322414,0.8023452006418297,22.392360604807152,544.0,Moderate Controversy Level,15.5,True,,,,,,2.0,,,,
REG,Regency Centers,Real Estate,Retail REITs,2026-03-31,0.0316141115108101,0.3116694508222755,,16.57928184706861,503.0,None Controversy Level,11.7,True,,,,,,0.0,,,,
REGN,Regeneron Pharmaceuticals,Health Care,Biotechnology,2026-06-30,0.1028190344735038,0.3022583727596896,0.1216118582049549,0.1508571428571428,15410.0,Moderate Controversy Level,18.0,True,,,,,,2.0,,,,
RF,Regions Financial Corporation,Financials,Regional Banks,2026-06-30,0.0118227639353002,0.2988987939171473,0.1866806502359727,,20003.0,Moderate Controversy Level,16.9,True,,,,,,2.0,,,,
RSG,Republic Services,Industrials,Environmental & Facilities Services,2026-06-30,0.1259990329645325,0.127765237020316,0.1717832957110609,10.206140350877194,42000.0,Significant Controversy Level,20.9,True,,,,,,3.0,,EPA GHGRP,10721712.294,2023.0
RMD,ResMed|,Health Care,Health Care Equipment,2026-06-30,0.1632450549021576,0.2619702701539373,0.2715005735672604,-1.2768417312879463,11370.0,Low Controversy Level,26.4,True,,,,,,1.0,,Wikirate/GRI,19193.0,2019.0
RVTY,Revvity,Health Care,Health Care Equipment,2026-06-30,0.0605759634409705,0.0710166536930852,0.2478730635559307,13.61295856179551,11000.0,Moderate Controversy Level,16.7,True,,,,,,2.0,,,,
HOOD,Robinhood Markets,Financials,Investment Banking & Brokerage,2026-06-30,0.023129973474801,0.4288990825688073,0.5321100917431193,29.05192629815745,2900.0,,,True,,,,,,,,,,
ROK,Rockwell Automation,Industrials,Electrical Components & Equipment,2026-06-30,0.2085474709223695,0.1763942931258106,0.2827496757457847,4.774914089347079,26000.0,Moderate Controversy Level,17.7,True,2021.0,91051.0,109700.0,,,2.0,1.1856895806312148e-05,Wikirate/GRI,18649.0,2021.0
ROL,"Rollins, Inc.",Industrials,Environmental & Facilities Services,2026-06-30,0.321489675498639,0.1334259245523727,0.153978022874605,2.551781916607592,22000.0,Low Controversy Level,19.3,True,,,,,,1.0,,,,
ROP,Roper Technologies,Information Technology,Electronic Equipment & Instruments,2026-06-30,0.0599638891653279,0.5540803262364266,0.2100621176916876,6.639090909090909,19400.0,None Controversy Level,20.4,True,,,,,,0.0,,,,
ROST,Ross Stores,Consumer Discretionary,Apparel Retail,2026-07-31,0.3919895033749878,0.1358841964562483,0.0996817819190963,0.3519315280560809,111000.0,Moderate Controversy Level,18.2,True,2022.0,235693.0,265525.0,,,2.0,1.0595763434482287e-05,Wikirate/GRI,29832.0,2022.0
RCL,Royal Caribbean Group,Consumer Discretionary,"Hotels, Resorts & Cruise Lines",2026-06-30,0.1082340292088522,0.2334437086092715,-0.1814983443708609,11.870810810810813,107950.0,Significant Controversy Level,20.7,True,2014.0,10608.0,4415011.0,,,3.0,0.0002284256519039,Wikirate/GRI,4404403.0,2014.0
SPGI,S&P Global,Financials,Financial Exchanges & Data,2026-06-30,0.0659078625250373,0.2935359382537385,0.3379160636758321,5.195856873822976,44500.0,Low Controversy Level,13.0,True,2020.0,18869.0,37738.0,,,1.0,2.275566811384467e-06,Wikirate/GRI,18869.0,2020.0
CRM,Salesforce,Information Technology,Application Software,2026-07-31,0.1034938879766466,0.3107977082415161,0.0967827236668135,,83334.0,Low Controversy Level,14.9,True,2022.0,280000.0,284000.0,,,1.0,6.25826355222565e-06,Wikirate/GRI,4000.0,2022.0
SNDK,Sandisk,Information Technology,"Technology Hardware, Storage & Peripherals",2026-06-30,0.3983205225041098,0.769994422755159,0.7900725041829336,-0.581262677484787,11100.0,,,False,,,,,,,,,,
SBAC,SBA Communications,Real Estate,Telecom Tower REITs,2026-06-30,0.0609141975350697,0.2779032930037999,0.4819957107346275,27.92803709274989,1844.0,None Controversy Level,11.6,True,,,,,,0.0,,,,
SLB,Schlumberger,Energy,Oil & Gas Equipment & Services,2026-06-30,0.1615645033494201,0.0876058849754792,0.1074453856442264,5.408821947283486,109000.0,Low Controversy Level,20.3,True,,,,,,1.0,,,,
STX,Seagate Technology,Information Technology,"Technology Hardware, Storage & Peripherals",2026-06-30,0.3639189731247493,0.356572058418297,0.3080738495453293,1.1354484441732764,30000.0,Low Controversy Level,10.7,True,,,,,,1.0,,,,
SRE,Sempra,Utilities,Multi-Utilities,2026-06-30,0.0259973456163634,0.2659325992659326,-0.3063063063063063,23.63847643641059,15938.0,Moderate Controversy Level,23.6,True,,,,,,2.0,,EPA GHGRP,3952999.27,2023.0
NOW,ServiceNow,Information Technology,Systems Software,2026-06-30,0.1259079138508179,0.0747429144720341,0.1186355655881615,5.50384193194292,29187.0,None Controversy Level,16.6,True,,,,,,0.0,,,,
SHW,Sherwin-Williams,Materials,Specialty Chemicals,2026-06-30,0.2519089917406888,0.1242543413901285,0.1825077695786016,8.209227766936158,64249.0,Moderate Controversy Level,29.4,True,,,,,,2.0,,,,
SPG,Simon Property Group,Real Estate,Retail REITs,2026-06-30,0.0450926995225749,0.2702856810964829,0.5353932038346966,20.29422856975278,3100.0,Low Controversy Level,14.0,True,,,,,,1.0,,,,
SWKS,Skyworks Solutions,Information Technology,Semiconductors,2026-06-30,0.1258989898989899,0.0362644415917843,-0.0180787334189131,-0.6353558926487748,10000.0,Low Controversy Level,28.0,True,,,,,,1.0,,EPA GHGRP,24116.71997,2023.0
SJM,J.M. Smucker Company (The),Consumer Staples,Packaged Foods & Meats,2026-07-31,0.1369667719956551,0.1461271572117334,0.1519848600910197,10.498039830641368,,Moderate Controversy Level,30.5,True,,,,,,2.0,,,,
SW,Smurfit Westrock,Materials,Paper & Plastic Packaging Products & Materials,2026-06-30,0.1776730603305236,0.0110820570290125,0.0373552484124019,13.692385786802031,96000.0,,,True,2016.0,691.0,3374.0,,,,1.0503050678620349e-07,Wikirate/GRI,2683.0,2016.0
SNA,Snap-on,Industrials,Industrial Machinery & Supplies & Components,2026-06-30,0.1544746496314041,0.1952352412346419,0.1860952951753071,-0.9707757704569608,13000.0,Moderate Controversy Level,30.5,True,2021.0,68432.0,102137.0,,,2.0,1.912964489062032e-05,Wikirate/GRI,33705.0,2021.0
SOLV,Solventum,Health Care,Health Care Technology,2026-06-30,0.1550937302534578,0.0416478044363965,0.0651878678134902,15.331147540983606,20584.0,,,True,,,,,,,,,,
SO,Southern Company,Utilities,Electric Utilities,2026-06-30,0.04306072444716,0.1682671635373369,-0.0918732979790741,19.272099814175736,29502.0,Moderate Controversy Level,33.0,True,2021.0,200000.0,76382071.694,,,2.0,0.002736923881826,EPA GHGRP,76182071.694,2023.0
LUV,Southwest Airlines,Industrials,Passenger Airlines,2026-06-30,0.2799282916141026,0.0276328273244781,-0.0341555977229601,2.835526315789474,73456.0,Moderate Controversy Level,30.7,True,,,,,,2.0,,,,
SWK,Stanley Black & Decker,Industrials,Industrial Machinery & Supplies & Components,2026-06-30,0.1971134944136163,0.0886964425480344,0.1762819703587749,5.747102649006623,41000.0,Moderate Controversy Level,25.3,True,,,,,,2.0,,,,
SBUX,Starbucks,Consumer Discretionary,Restaurants,2026-06-30,0.3294857340774067,0.1121241700365773,0.1448614671715275,5.057007614735542,381000.0,Significant Controversy Level,24.7,True,2022.0,789349.0,1161369.0,,,3.0,3.1143579649672306e-05,Wikirate/GRI,372020.0,2021.0
STT,State Street Corporation,Financials,Asset Management & Custody Banks,2026-06-30,0.0096753915689288,0.2677865612648221,-0.7413537549407114,,51503.0,Low Controversy Level,24.1,True,2014.0,108887.0,117251.0,,,1.0,7.241291996047431e-06,Wikirate/GRI,8364.0,2014.0
STLD,Steel Dynamics,Materials,Steel,2026-06-30,0.3559524907939095,0.087676598938498,0.0499205703894751,4.031689693097425,14400.0,Low Controversy Level,33.0,True,,,,,,1.0,,EPA GHGRP,2569896.58,2023.0
STE,Steris,Health Care,Health Care Equipment,2026-06-30,0.1390355902050092,0.1340523882896764,0.1873115830374489,3.416364076494796,17937.0,,,True,,,,,,,,,,
SYK,Stryker Corporation,Health Care,Health Care Equipment,2026-06-30,0.1374713123304819,0.1936560934891485,0.1607224161481256,5.772613693153423,56000.0,Moderate Controversy Level,28.3,True,,,,,,2.0,,,,
SMCI,Supermicro,Information Technology,"Technology Hardware, Storage & Peripherals",2026-06-30,0.3713342323230424,0.1059568910419696,0.0646353789289119,0.7618045701423888,7000.0,,,False,,,,,,,,,,
SYF,Synchrony Financial,Financials,Consumer Finance,2026-06-30,0.0304929057656032,0.2380311995696611,0.650887573964497,,20000.0,Moderate Controversy Level,17.3,True,,,,,,2.0,,,,
SNPS,Synopsys,Information Technology,Application Software,2026-07-31,0.0518964160257005,0.2203630297211507,0.3012998108059441,5.055875786163522,28000.0,None Controversy Level,14.4,True,,,,,,0.0,,,,
SYY,Sysco,Consumer Staples,Food Distributors,2026-06-30,0.7790963834207839,0.0249050804556138,0.0423069969264147,9.638455217748565,75000.0,Moderate Controversy Level,15.9,True,,,,,,2.0,,,,
TMUS,T-Mobile US,Communication Services,Wireless Telecommunication Services,2026-06-30,0.1067229212420336,0.1421175025229257,0.1892413672063533,9.277078371328116,75000.0,Significant Controversy Level,24.6,True,,,,,,3.0,,,,
TROW,T. Rowe Price,Financials,Asset Management & Custody Banks,2026-06-30,0.1242023285494751,0.3313410925867673,0.2363950927964768,-4.003568369968598,7544.0,Low Controversy Level,16.9,True,,,,,,1.0,,,,
TTWO,Take-Two Interactive,Communication Services,Interactive Home Entertainment,2026-06-30,0.1692261865360429,-0.0222309146619727,-0.1263446117739096,3.885598923283984,12909.0,,,True,,,,,,,,,,
TPR,"Tapestry, Inc.",Consumer Discretionary,"Apparel, Accessories & Luxury Goods",2026-06-30,0.2804369592181359,0.1853351806458488,0.2499200682084621,2.812537552573603,12600.0,Moderate Controversy Level,14.8,True,2023.0,11779.0,17338.0,,,2.0,2.3097623361398274e-06,Wikirate/GRI,5559.0,2023.0
TRGP,Targa Resources,Energy,Oil & Gas Storage & Transportation,2026-06-30,0.1557104832176636,0.1722033287538568,0.0971149298439224,11.00649120736457,3570.0,Moderate Controversy Level,33.2,False,,,,,,2.0,,EPA GHGRP,4274264.156815542,2023.0
TGT,Target Corporation,Consumer Staples,Consumer Staples Merchandise Retail,2026-07-31,0.4333959336980485,0.0707261012095406,0.0917140811635705,2.976953008081413,400000.0,Significant Controversy Level,14.4,True,2014.0,3174028.0,3875586.0,,,3.0,3.650840272806059e-05,Wikirate/GRI,701558.0,2014.0
TEL,TE Connectivity,Information Technology,Electronic Manufacturing Services,2026-06-30,0.1979286536248561,0.1449612403100775,0.1707364341085271,3.4920508744038155,90000.0,None Controversy Level,14.8,True,,,,,,0.0,,,,
TDY,Teledyne Technologies,Information Technology,Electronic Equipment & Instruments,2026-06-30,0.1087995078662862,0.1513984962406015,0.1712481203007518,4.02697541179279,15800.0,,,True,,,,,,,,,,
TER,Teradyne,Information Technology,Semiconductor Materials & Equipment,2026-06-30,0.2698118834655638,0.2818177713903039,0.2847515782662022,-0.5193541468412208,6600.0,None Controversy Level,17.0,True,,,,,,0.0,,,,
TSLA,"Tesla, Inc.",Consumer Discretionary,Automobile Manufacturers,2026-06-30,0.1901106891815464,0.0394531803371582,-0.0389219436180762,0.284252228458237,134785.0,Significant Controversy Level,25.2,True,2022.0,408000.0,488515.196,,,3.0,4.325286832412523e-06,EPA GHGRP,80515.196,2023.0
TXN,Texas Instruments,Information Technology,Semiconductors,2026-06-30,0.1522490385151329,0.3624382207578254,0.4006955885044847,3.526297930098405,33000.0,Moderate Controversy Level,20.6,True,2014.0,1300000.0,2357774.335383,,,2.0,0.0001078974160435,EPA GHGRP,1057774.335383,2023.0
TPL,Texas Pacific Land Corporation,Energy,Oil & Gas Exploration & Production,2026-06-30,0.1323272065110886,0.625581669437005,0.6136983406418786,-1.1031139084756991,114.0,,,True,,,,,,,,,,
TXT,Textron,Industrials,Aerospace & Defense,2026-06-30,0.2110400352928201,0.0648027175333159,0.0546119675986412,5.102088167053364,34000.0,Moderate Controversy Level,33.6,True,,,,,,2.0,,EPA GHGRP,55579.572,2023.0
TMO,Thermo Fisher Scientific,Health Care,Life Sciences Tools & Services,2026-06-30,0.1059784049339954,0.144739036184759,0.1396531599132899,12.248567791215786,125000.0,Significant Controversy Level,12.8,True,,,,,,3.0,,EPA GHGRP,28392.342,2023.0
TJX,TJX Companies,Consumer Discretionary,Apparel Retail,2026-07-31,0.4089990569850464,0.1001317523056653,0.1138998682476943,3.497265460664704,377000.0,Moderate Controversy Level,14.4,True,2022.0,441194.0,569644.0,,,2.0,9.38148880105402e-06,Wikirate/GRI,128450.0,2022.0
TKO,TKO Group Holdings,Communication Services,Movies & Entertainment,2026-06-30,0.0951244973627801,0.0656560302712597,0.2258767819075702,7.51316330689815,4000.0,,,True,,,,,,,,,,
TTD,Trade Desk (The),Communication Services,Advertising,2026-06-30,0.1240460922003606,0.0900543593028248,0.1901932293509468,-5.229917170904288,3843.0,,,False,,,,,,,,,,
TSCO,Tractor Supply,Consumer Discretionary,Other Specialty Retail,2026-06-30,0.3734074033814508,0.0794296540604767,0.0724268350525861,3.2146002344626674,54000.0,Moderate Controversy Level,16.1,True,,,,,,2.0,,,,
TT,Trane Technologies,Industrials,Building Products,2026-06-30,0.2655523790416959,0.1456992209018651,0.1591721098607067,2.487181420600211,44000.0,Moderate Controversy Level,15.2,True,,,,,,2.0,,,,
TDG,TransDigm Group,Industrials,Aerospace & Defense,2026-06-30,0.1024519697989085,0.1966435607442539,0.2371397300255381,22.817236255572062,16500.0,Moderate Controversy Level,38.7,True,,,,,,2.0,,,,
TRV,Travelers Companies (The),Financials,Property & Casualty Insurance,2026-06-30,0.0846427078980359,0.181683534929647,0.1576565457088784,,34000.0,Low Controversy Level,20.3,False,,,,,,1.0,,,,
TRMB,Trimble Inc.,Information Technology,Application Software,2026-06-30,0.113806669164481,-0.4852880658436214,0.239917695473251,-3.339324034334764,11500.0,None Controversy Level,12.4,True,,,,,,0.0,,,,
TFC,Truist Financial,Financials,Diversified Banks,2026-03-31,0.009384762511954,0.2874611801242236,0.1317934782608695,,37849.0,,,True,,,,,,,,,,
TYL,Tyler Technologies,Information Technology,Application Software,2026-06-30,0.1109637166521947,0.1449582697769014,0.183716842144425,3.1495833998012097,7879.0,,,False,,,,,,,,,,
TSN,Tyson Foods,Consumer Staples,Packaged Foods & Meats,2026-06-30,0.3894192968662249,0.0131237381021055,0.0346841649841361,10.484848484848484,133000.0,High Controversy Level,35.9,True,,,,,,4.0,,EPA GHGRP,1874907.486,2023.0
USB,U.S. Bancorp,Financials,Diversified Banks,2026-06-30,0.010587972746233,0.2832422586520947,0.6271142336716107,,70000.0,Significant Controversy Level,30.3,True,,,,,,3.0,,,,
UBER,Uber,Industrials,Passenger Ground Transportation,2026-06-30,0.2156654154192185,0.1686984708618138,0.1967444154745965,2.181994998610725,36600.0,,,True,,,,,,,,,,
UDR,"UDR, Inc.",Real Estate,Multi-Family Residential REITs,2026-06-30,0.0414402901879215,0.1622829390760204,0.4613433505955585,20.37413554391069,1420.0,Low Controversy Level,13.9,False,,,,,,1.0,,,,
ULTA,Ulta Beauty,Consumer Discretionary,Other Specialty Retail,2026-07-31,0.4359129517012615,0.092897265716104,0.0126620891030531,0.3929291965134088,21382.0,Moderate Controversy Level,15.6,False,,,,,,2.0,,,,
UNP,Union Pacific Corporation,Industrials,Rail Transportation,2026-06-30,0.0963896027299153,0.2903554778554778,0.3209498834498834,8.18967484312607,28716.0,Moderate Controversy Level,23.5,True,,,,,,2.0,,,,
UAL,United Airlines Holdings,Industrials,Passenger Airlines,2026-06-30,0.208965460156795,0.0455522861023087,0.0151086464463558,12.4412213740458,117500.0,Moderate Controversy Level,28.6,True,,,,,,2.0,,,,
UPS,United Parcel Service,Industrials,Air Freight & Logistics,2026-06-30,0.3204007464885571,0.02645178242971,0.0072698607339931,9.851465474416294,460000.0,Moderate Controversy Level,18.6,True,2014.0,870.0,12870.0,,,2.0,1.4090829464833145e-07,Wikirate/GRI,12000.0,2014.0
URI,United Rentals,Industrials,Trading Companies & Distributors,2026-06-30,0.1408315769304464,0.1707482993197279,-0.0591836734693877,7.041396508728179,28500.0,Low Controversy Level,16.9,True,2014.0,39139.0,97091.0,,,1.0,5.5040249433106575e-06,Wikirate/GRI,57952.0,2014.0
UNH,UnitedHealth Group,Health Care,Managed Health Care,2026-06-30,0.3617120883875154,0.0489502999143102,0.0915184947157954,4.988071348940914,390000.0,Significant Controversy Level,15.3,True,2022.0,383896.0,506252.0,,,3.0,1.1297040131391031e-06,Wikirate/GRI,122356.0,2022.0
UHS,Universal Health Services,Health Care,Health Care Facilities,2026-06-30,0.2910492971472599,0.0772846210833434,0.0453467994476944,6.879195639862447,102000.0,Significant Controversy Level,33.0,True,,,,,,3.0,,,,
VLO,Valero Energy,Energy,Oil & Gas Refining & Marketing,2026-06-30,0.6878121955368603,0.0836406151632341,0.1203795305333213,0.5744751198545214,9785.0,Moderate Controversy Level,32.6,True,2022.0,4900000.0,28435216.552,,,2.0,0.0001598346105315,EPA GHGRP,23535216.552,2023.0
VEEV,Veeva Systems,Health Care,Health Care Technology,2026-07-31,0.1024216512110132,0.2946550670662515,0.2572397821895916,-5.807558178174046,7928.0,,,False,,,,,,,,,,
VTR,Ventas,Real Estate,Health Care REITs,2026-06-30,0.058322769947669,0.0408010110926484,0.2182458051333997,20.07312023942125,542.0,None Controversy Level,12.9,True,,,,,,0.0,,,,
VLTO,Veralto,Industrials,Environmental & Facilities Services,2026-06-30,0.1722365038560411,0.1635006784260515,0.2225237449118046,3.652173913043478,17000.0,,,True,,,,,,,,,,
VRSN,Verisign,Information Technology,Internet Services & Infrastructure,2026-06-30,0.2410694475260705,0.4981592268752876,0.4896456511734928,4.858490566037736,926.0,Low Controversy Level,21.3,True,,,,,,1.0,,,,
VRSK,Verisk Analytics,Industrials,Research & Consulting Services,2026-06-30,0.1793411775172935,0.2835173012526355,0.3694654595063872,8.937728937728938,8000.0,Low Controversy Level,17.5,True,,,,,,1.0,,,,
VZ,Verizon,Communication Services,Integrated Telecommunication Services,2026-06-30,0.0835060192205487,0.1119609961171284,0.1563074767173678,13.326730251895327,97600.0,Significant Controversy Level,18.7,True,,,,,,3.0,,,,
VRTX,Vertex Pharmaceuticals,Health Care,Biotechnology,2026-06-30,0.1215718020807123,0.3298839197336453,0.3039083355829509,-3.143600965891941,6400.0,Moderate Controversy Level,22.7,True,,,,,,2.0,,,,
VRT,Vertiv,Industrials,Electrical Components & Equipment,2026-06-30,0.2059191618084511,0.1520324954952203,0.2825947530769935,0.1715347849176845,34000.0,,,True,,,,,,,,,,
VTRS,Viatris,Health Care,Pharmaceuticals,2026-06-30,0.1072005387420601,-0.0316226575809199,0.0857112436115843,17.09849108367627,30000.0,,,True,,,,,,,,EPA GHGRP,26031.806,2023.0
VICI,Vici Properties,Real Estate,Hotel & Resort REITs,2026-06-30,0.0219282835610949,0.4974194736916689,0.6877737941719689,22.31650564848648,28.0,,,True,,,,,,,,,,
V,Visa Inc.,Financials,Transaction & Payment Processing Services,2026-06-30,0.1229834020509567,0.4837960973093785,0.5275509326914811,1.5551798755747903,34100.0,Significant Controversy Level,16.7,True,2020.0,8821.0,13923.0,,,3.0,2.992134445113041e-07,Wikirate/GRI,5102.0,2020.0
VST,Vistra Corp.,Utilities,Electric Utilities,2026-06-30,0.0942891345679881,0.0759273089370176,0.0831466268359472,14.923312883435583,6390.0,,,True,,,,,,,,EPA GHGRP,86320993.138,2023.0
VMRK,Vivmark Residential,Real Estate,Multi-Family Residential REITs,2026-06-30,0.0348769398293327,0.200213945546744,0.3683964884129972,19.443353159075496,,,,True,,,,,,,,,,
VMC,Vulcan Materials Company,Materials,Construction Materials,2026-06-30,0.1311154360783359,0.150013915947676,0.0693941924111698,6.549552379456573,11548.0,Moderate Controversy Level,29.3,True,,,,,,2.0,,,,
WRB,W. R. Berkley Corporation,Financials,Property & Casualty Insurance,2026-06-30,0.0813130418290665,0.1217671900262375,0.2154054297826283,,8804.0,Low Controversy Level,21.8,False,,,,,,1.0,,,,
GWW,W. W. Grainger,Industrials,Industrial Machinery & Supplies & Components,2026-06-30,0.5220420045747557,0.1135232025492929,0.0663214499103764,2.0576923076923075,22100.0,Moderate Controversy Level,16.0,True,,,,,,2.0,,,,
WAB,Wabtec,Industrials,Construction Machinery & Heavy Transportation Equipment,2026-06-30,0.1374524386025596,0.1242529097200377,0.1192198804655552,8.07250341997264,31000.0,Moderate Controversy Level,23.3,True,,,,,,2.0,,,,
WMT,Walmart,Consumer Staples,Consumer Staples Merchandise Retail,2026-07-31,0.6394285403213185,0.0338730532039992,0.039773966808026,3.1870491803278687,2100000.0,Significant Controversy Level,25.3,True,,,,,,3.0,,,,
DIS,Walt Disney Company (The),Communication Services,Movies & Entertainment,2026-06-30,0.1233173781381264,0.1044835234474017,0.1216730038022813,7.398768562115175,175560.0,Moderate Controversy Level,15.7,True,,,,,,2.0,,,,
WBD,Warner Bros. Discovery,Communication Services,Broadcasting,2026-06-30,0.089636804870023,0.0170930365951588,0.0656189055867844,7.400309917355372,35500.0,,,True,,,,,,,,,,
WM,Waste Management,Industrials,Environmental & Facilities Services,2026-06-30,0.1439245494283068,0.1174446439257929,0.1639736684619988,11.428070175438595,60500.0,Moderate Controversy Level,16.6,True,,,,,,2.0,,EPA GHGRP,11650459.606,2023.0
WAT,Waters Corporation,Health Care,Life Sciences Tools & Services,2026-06-30,0.0664619611328835,-0.0826747720364741,0.0930091185410334,20.66818181818181,16000.0,None Controversy Level,14.6,True,2013.0,21445.0,38789.0,,,0.0,5.894984802431611e-06,Wikirate/GRI,17344.0,2013.0
WEC,WEC Energy Group,Utilities,Electric Utilities,2026-06-30,0.0390916466984136,0.1452402890257504,-0.1307890015033218,23.905181567211724,7000.0,Low Controversy Level,27.5,True,,,,,,1.0,,EPA GHGRP,19291885.63,2023.0
WFC,Wells Fargo,Financials,Diversified Banks,2026-06-30,0.0099123609182539,0.2832198744584917,0.2994872248253912,,197466.0,Severe Controversy Level,36.2,True,,,,,,5.0,,,,
WELL,Welltower,Real Estate,Health Care REITs,2026-03-31,0.0491769511695202,0.2204288226827463,0.200127537206923,11.305901636262174,712.0,Low Controversy Level,13.2,True,,,,,,1.0,,,,
WST,West Pharmaceutical Services,Health Care,Health Care Supplies,2026-06-30,0.2139878324011382,0.1765447667087011,0.0926286827926172,-0.5404106596767148,10800.0,,,False,,,,,,,,,,
WDC,Western Digital,Information Technology,"Technology Hardware, Storage & Peripherals",2026-06-30,0.270326816247024,0.8190552441953562,0.3418734987990392,-0.1568452380952381,40000.0,Moderate Controversy Level,11.4,True,,,,,,2.0,,,,
WY,Weyerhaeuser,Real Estate,Timber REITs,2026-06-30,0.1130624356567552,0.0867702196036422,0.1392608462774504,14.405882352941177,9500.0,Moderate Controversy Level,16.7,True,,,,,,2.0,,EPA GHGRP,41144.524,2023.0
WSM,"Williams-Sonoma, Inc.",Consumer Discretionary,Homefurnishing Retail,2026-07-31,0.3559113859636569,0.1725259815375069,0.2453314364995251,0.9874307921846124,19800.0,,,True,,,,,,,,,,
WMB,Williams Companies,Energy,Oil & Gas Storage & Transportation,2026-06-30,0.0503712258703184,0.2708811005568293,-0.15001637733377,14.573606479275846,5987.0,Moderate Controversy Level,21.8,True,,,,,,2.0,,,,
WTW,Willis Towers Watson,Financials,Insurance Brokers,2026-06-30,0.0806963578651134,0.0928629359286293,0.1723438767234387,10.214583333333334,48100.0,Moderate Controversy Level,18.7,True,,,,,,2.0,,,,
WDAY,"Workday, Inc.",Information Technology,Application Software,2026-07-31,0.1670555590590906,0.2385805964514911,0.1736504341260853,5.219730941704036,20896.0,,,True,,,,,,,,,,
WYNN,Wynn Resorts,Consumer Discretionary,Casinos & Gaming,2026-06-30,0.1411125342772585,0.0754265231971212,0.1825063155213462,17.72396208582208,28500.0,Moderate Controversy Level,25.7,True,,,,,,2.0,,,,
XEL,Xcel Energy,Utilities,Multi-Utilities,2026-06-30,0.0357827109504961,0.1878807310035267,-0.5924975953831356,23.21574705517669,11534.0,Moderate Controversy Level,26.5,True,,,,,,2.0,,EPA GHGRP,38878344.108,2023.0
XYL,Xylem Inc.,Industrials,Industrial Machinery & Supplies & Components,2026-06-30,0.1347018798293161,0.1125856164383561,0.0860445205479452,3.228962818003914,22000.0,Low Controversy Level,18.1,True,,,,,,1.0,,,,
YUM,Yum! Brands,Consumer Discretionary,Restaurants,2026-06-30,0.2499424095830454,0.3930875576036866,0.1875576036866359,16.1125,49000.0,Moderate Controversy Level,20.1,True,,,,,,2.0,,,,
ZBRA,Zebra Technologies,Information Technology,Electronic Equipment & Instruments,2026-06-30,0.180270927405349,0.1496467565831727,0.1271676300578034,6.925729442970822,10700.0,,,True,,,,,,,,,,
ZBH,Zimmer Biomet,Health Care,Health Care Equipment,2026-06-30,0.0954916702488836,0.0910886541111621,0.1522278364722094,11.805277221108884,17000.0,Moderate Controversy Level,26.0,False,,,,,,2.0,,,,
ZTS,Zoetis,Health Care,Pharmaceuticals,2026-06-30,0.1636930423824368,0.2799837925445705,0.2179902755267423,7.241873804971319,14500.0,Moderate Controversy Level,18.8,True,,,,,,2.0,,,,
