ticker,company_name,sector,sub_industry,asset_turnover_zscore,profit_to_revenue_zscore,fcf_to_revenue_zscore,net_debt_to_ebitda_zscore,full_time_employees_zscore,total_esg_risk_score_zscore,controversy_score_ordinal_zscore,scope1_2_total_tco2e_zscore,emissions_intensity_per_revenue_zscore,revenue_q_zscore,net_income_q_zscore,ebitda_q_zscore,total_assets_q_zscore,net_debt_q_zscore,free_cash_flow_q_zscore,scope1_tco2e_zscore,scope2_tco2e_zscore,renewable_fuel_pct_zscore
MMM,3M,Industrials,Industrial Conglomerates,-0.3142704118851516,0.123562168959884,-0.2771757372400898,-0.0673694883770816,0.1184814787046131,1.8513985963962256,3.191870790714689,0.2255610707850582,0.5878593745581907,0.0638137687467508,0.2932896448837039,0.3537777965435961,0.0497819497854559,0.1701510399884907,0.054292436506331,0.0328583564572147,1.8507169562298664,
AOS,A. O. Smith,Industrials,Building Products,0.3761171522296463,-0.1079055660096814,-0.3070686674717516,-0.6579006670326786,-0.6352480439632856,0.1714553121493496,-0.9309623139584512,,,-0.8421402244116482,-0.6774951389252902,-0.7949896347267333,-0.8300514689921872,-0.7038427097135727,-0.6512681796244539,,,
ABT,Abbott Laboratories,Health Care,Health Care Equipment,-0.5475930057026887,0.1162024173596381,0.0042462917489413,0.4273024079817225,1.0440457292151757,0.8309517390936144,0.9319330346109536,,,-0.1862045426521822,0.1599069702990698,0.2716118615477007,0.7967270115336391,0.7364146995728061,-0.1594721961685887,,,
ABBV,AbbVie,Health Care,Biotechnology,-0.4459900068470363,0.2693571413102545,0.1907025692999087,0.198816653058705,0.0448217734025219,1.8150687479475904,0.9319330346109536,,,0.0209162706863632,1.366324355797852,1.7954229832214768,1.1708987958724566,2.791808462210076,0.9550646934528956,,,
ACN,Accenture,Information Technology,IT Consulting & Other Services,0.9909100047059732,0.0155075570975603,-0.1674636455874616,-0.4541504642544373,6.839057471884391,-1.4471367515028053,0.7648433665565884,-0.579052950883184,-0.4856833627108916,0.4193948580536335,-0.0647032719515342,-0.057042124005296,0.1052964308376167,-0.5659300802970874,0.2454957544528315,-0.3278616068094173,-0.4985266560933149,
ADBE,Adobe Inc.,Information Technology,Application Software,0.4350493041746333,0.1665156578421515,0.563126798859089,-0.2809386280001358,-0.2230305445141836,-0.7043703127168277,0.7648433665565884,-0.5752613607797679,-0.4105490309452774,-0.1750973128624786,-0.1311317688660452,-0.140957526727027,-0.248461794275263,-0.3450113461262689,-0.0279077987469626,-0.3283430601321229,-0.4927929261222421,
AMD,Advanced Micro Devices,Information Technology,Semiconductors,-0.4870681808015971,0.0992462012348031,-0.4994116273423519,-0.4161880062876736,-0.2263424507279081,,,-0.5111911687631339,-0.3737515608203064,0.0665289435329361,-0.0691519403602996,-0.0713001110388666,0.2477826782501751,-0.5049696355807819,-0.1284434699691606,-0.3196271752785324,-0.452891750522594,
AES,AES Corporation,Utilities,Independent Power Producers & Energy Traders,0.3505082718624768,-0.1543014575571375,-0.0324633856885693,0.5061927044598133,-0.6213862293691622,-0.0028254730613925,-0.0932054649001802,-0.2402832194657691,0.2513907202842712,-0.1794047877841328,-0.1605101124727255,-0.3047642659046933,-0.4886129877855657,-0.1671844881686399,-0.200764837912031,-0.140817984863238,-0.5889683573118742,
AFL,Aflac,Financials,Life & Health Insurance,-0.4217613803852599,-0.1104868696812546,-0.5426628209117882,,-0.4508819181015842,-0.6102344820117549,-0.9121932667690076,,,-0.3028127184377484,-0.2979399002164491,,-0.3541433216060841,-0.2318991388902919,-0.1807702204871543,,,
A,Agilent Technologies,Health Care,Life Sciences Tools & Services,-0.4100652778321255,0.2431296717410822,0.2836684577597468,-0.42208173384165,-0.551638064836416,-1.3302463979974708,-0.2452455354239353,,,-0.5163322241938462,-0.1802304234831183,-0.3700823108688169,-0.6653712895637857,-0.6549706373817593,-0.4013439415505032,,,
APD,Air Products,Materials,Industrial Gases,-1.2927669206374557,-3.6217273968171706,0.0730418006582948,-1.2676798126051478,-0.5133251510861716,-1.8052745593825863,-1.224744871391589,,,-0.7449393782743692,-2.769907807700283,-2.3817351159116957,0.3241973710247614,1.5587183257156263,-0.1258437098367338,,,
ABNB,Airbnb,Consumer Discretionary,"Hotels, Resorts & Cruise Lines",-1.1160015072606848,1.264116033824053,2.0574567641444537,0.0271927879962584,-0.4978695305925179,,,,,-0.3109697800929797,-0.1173405288363813,-0.186707636922946,-0.1951721569960142,-0.6376810453320435,0.32191736374311,,,
AKAM,Akamai Technologies,Information Technology,Internet Services & Infrastructure,-1.1812497256159076,-0.044060115927355,-0.7524334955829381,2.646249744575337,-0.4103372403792701,0.1734445694847824,-0.3186847360652452,,,-0.446217792720029,-0.3041027433945345,-0.3201627297800588,-0.3836873437617854,-0.0702204766281864,-0.3953458995550035,,,
ALB,Albemarle Corporation,Materials,Specialty Chemicals,-0.8563213762286274,1.2143490210123462,1.592634700953269,-0.5517352784650178,-1.026515892314627,0.2863804418295613,0.0,,,-1.200620233907099,-0.0729886047240903,-0.4813906789152652,-0.9470406530711614,-1.2025687271159982,0.2544995670287434,,,
ARE,Alexandria Real Estate Equities,Real Estate,Office REITs,-0.635085764323232,-2.2468714949643203,0.6521408367878634,2.543834520596432,-0.298028970201993,0.2448181212237222,-1.38105539261752,,,-0.469163451063289,-1.2373170284351207,-0.7166309490376107,0.2080074209684098,-0.0427763452988358,-0.1976342949930014,,,
ALGN,Align Technology,Health Care,Health Care Supplies,-0.2859141690374647,0.1241930150923577,0.127067780795632,-1.4037558220694732,-0.517280133432704,,,,,-0.5455484173569294,-0.3009225879962705,-0.4741891139064096,-0.7797996934344562,-0.8311777357906229,-0.5442906501398632,,,
ALLE,Allegion,Industrials,Building Products,-0.0928956115620053,0.3260674164998157,0.0615297847542467,-0.0430790449587925,-0.6075600206816076,-0.3367628242614697,-1.961670590126736,,,-0.8178746298935856,-0.6057764758967084,-0.7184469231158003,-0.7817751827136958,-0.5839002207913536,-0.5793632201328645,,,
LNT,Alliant Energy,Utilities,Electric Utilities,-0.163884870719515,0.667897741154083,2.1759800144487493,0.0303537105376094,-1.4117553294786105,-1.4004928140968735,-2.7029584821052204,-0.8025169881623665,1.923047762185027,-1.2260152097454888,-0.5254874317320791,-0.994615027767518,-1.0580307315278743,-0.9716607942248366,1.0497229216252435,-1.213203316854556,2.006535130989795,
ALL,Allstate,Financials,Property & Casualty Insurance,1.38076539309805,-0.2515577307803378,-0.2606780888210148,,0.149402807609434,0.2240193330865557,0.2189263840245619,-0.2733695344348259,-0.2980725268246103,0.6230139793943433,0.3184048426835582,,-0.343595178903885,-0.1646122014679285,0.1877957565792223,-0.2747646746566559,-0.2419813236424879,
GOOGL,Alphabet Inc. (Class A),Communication Services,Interactive Media & Services,-0.2689032257187476,1.241240414147082,-1.2141864755284313,-0.7197462189931799,1.9606674760451588,0.4817699983799038,1.5569978883230462,,,2.923200976257828,3.2260541588519134,3.210182517153122,2.760088713224609,0.1715181578278155,-2.4630457942144077,,,
GOOG,Alphabet Inc. (Class C),Communication Services,Interactive Media & Services,-0.2689032257187476,1.241240414147082,-1.2141864755284313,-0.7197462189931799,1.9606674760451588,,,,,2.923200976257828,3.2260541588519134,3.210182517153122,2.760088713224609,0.1715181578278155,-2.4630457942144077,,,
MO,Altria,Consumer Staples,Tobacco,-0.6044075842342562,1.6972056746378708,0.0352356497847159,-0.1932261893584035,-0.3867779665846322,1.1266410314480984,0.7421423002352378,,,-0.348616956322611,0.7842226777906314,0.5612788996424934,-0.275950937477494,0.7836116050194101,-0.2849131644524874,,,
AMZN,Amazon,Consumer Discretionary,Broadline Retail,-0.5610998208640006,0.5190438900676322,-1.7745887560979128,0.0824147139275924,5.917928330902865,1.8833856851563675,1.2770066327135872,3.024081690513701,-0.3814436388437955,6.084017602462073,6.580265315800751,6.612643597897491,6.100316841610449,0.1748049945178756,-6.286190267897875,3.01959676139178,1.5659931377317486,
AMCR,Amcor,Materials,Paper & Plastic Packaging Products & Materials,0.0160588238682715,-0.2045796875987861,0.7226362402907147,0.2123757515158299,1.5689848084118123,,,,,0.2955151999810191,-0.200703260119958,-0.1330901103134958,0.1506308481053757,0.9222179587123974,1.089460221674383,,,
AEE,Ameren,Utilities,Multi-Utilities,-0.2997973401093198,0.3485939297939279,-1.695939088019848,-0.4672658234152896,-0.5367457373938186,0.1290299364702565,-0.0932054649001802,,,-0.7621021004578815,-0.2851805829128017,-0.4870069982916913,-0.573604754328173,-0.5577397344284953,-0.9497616513965336,,,
AEP,American Electric Power,Utilities,Electric Utilities,-0.2618400743685934,-0.0722447040465992,-0.2932918288114839,0.2544900250723002,0.7347686203917599,-0.1610519644993709,-0.0932054649001802,,,0.7666599502086389,0.3580467718215046,0.662744271479683,0.814361881259706,0.7909869469275531,-1.0624999260905674,0.3032705179987606,-0.6291181465502271,
AXP,American Express,Financials,Consumer Finance,0.0263534061347585,-0.405724090180624,-0.0478949442869469,,0.5040541945601399,-0.5425922807875674,0.2189263840245619,-0.2757213510727954,-0.3168035817428318,0.708185845741363,0.27783595322857,,-0.1235809510141394,-0.0467745060208204,0.467602601613075,-0.276779930677356,-0.2515503416041127,
AIG,American International Group,Financials,Multi-line Insurance,-0.3049359762856801,-0.5951003616870134,-0.0125038157271468,,-0.3110479426753059,0.7200621420639296,0.2189263840245619,,,-0.1134837119230822,-0.2669462765955575,,-0.2971713576740133,-0.1485604617340879,0.0577049014226755,,,
AMT,American Tower,Real Estate,Telecom Tower REITs,-0.2462695224013668,0.92318631358449,0.2266620692580584,-0.0141321843365738,-0.1463317051214405,-0.898643762336174,0.2511009804759127,,,0.5915982694803389,2.322491604451935,2.412964368735992,1.4855624934745897,2.495838744645732,1.892562743626237,,,
AWK,American Water Works,Utilities,Water Utilities,-0.5167004839912335,1.2179292251901557,-0.2696086414275226,-0.6154343360702237,-0.8173649074957812,-1.3477506502842131,-1.3980819735027004,,,-1.1460463169146613,-0.3610669562241525,-0.7236363052653849,-0.8327793283958277,-0.7954652521497059,0.1750294110680826,,,
AMP,Ameriprise Financial,Financials,Asset Management & Custody Banks,-0.6039793823828447,0.1097299297436639,0.8106835312060541,,-0.437709152300558,-0.1592864738505058,0.2189263840245619,-0.2811906848861055,-0.3111775465884345,-0.2539747381957218,-0.2253694644211906,,-0.2559058720623518,-0.3335710213262631,0.2261539744425241,-0.2783228661334131,-0.3413314332839354,
AME,Ametek,Industrials,Electrical Components & Equipment,-0.7999305444699999,0.793478580652135,0.6137576855002105,-0.6475506453833013,-0.4660434572419205,-0.0403022446884918,-0.9309623139584512,,,-0.6706825337767751,-0.3387283700909861,-0.4520720191386898,-0.4657863695600134,-0.6001346752514533,-0.2843646932068783,,,
AMGN,Amgen,Health Care,Biotechnology,-0.5309896488870711,0.3004272416557119,0.4922853215032264,0.2238197066611169,-0.3471814708009037,0.290652204820843,0.9319330346109536,,,-0.2256662836075179,0.777387162088273,0.9949205550982748,0.5725513374523334,1.6289606521611917,1.145215436677671,,,
APH,Amphenol,Information Technology,Electronic Components,-0.0039865609244869,0.0126630494130166,-0.650958046983536,0.5247389832424745,1.0524213373490574,0.7586544909525229,0.7648433665565884,,,-0.1258631380894316,-0.2136655917822432,-0.153686057995132,-0.1374317460386936,0.4683349262266488,-0.2617768437704036,,,
ADI,Analog Devices,Information Technology,Semiconductors,-1.0710499640732003,0.2506523094647639,0.819402806565626,0.0924362448080929,-0.2861407573646008,1.5014209297385,-0.3186847360652452,,,-0.3026463502464544,-0.17053504753198,-0.1708023562073372,-0.0801857040621197,-0.0151470141790964,-0.1467015902384991,,,
AON,Aon plc,Financials,Insurance Brokers,0.2846372882433911,-0.6260274850107858,-0.3284728779646603,0.4879707769664684,0.253712039065524,,,,,-0.2994084624423256,-0.3669826064938825,-0.2601192735656609,-0.4292384219080161,-0.0464159900064605,-0.1256116979007784,,,
APA,APA Corporation,Energy,Oil & Gas Exploration & Production,-0.3885587449940448,0.8155430448466436,1.6538152426312522,-0.5128493831380911,-0.6446872515333412,1.0015606107444528,0.0,,,-0.6211983489024481,-0.5556399367333207,-0.5138514344362556,-0.667502588281598,-0.9357222978424026,-0.4630444506716556,,,
APO,Apollo Global Management,Financials,Asset Management & Custody Banks,-0.6428747174432285,-0.6856312063328394,0.0272305039921478,-1.4651441307587614,-0.548872990395191,,,,,0.1527683867958484,-0.1628782558197181,0.9380015648139052,0.0993092798545569,-0.4862988434435771,0.2309115828596778,,,
AAPL,Apple Inc.,Information Technology,"Technology Hardware, Storage & Peripherals",1.1376121029315902,0.1818316900808354,0.4083644311619312,-0.2147301892501378,0.8684265476976955,0.218460717289993,1.8483714691784217,0.0044000513739102,-0.4348478500580664,4.875520322597513,2.843582154135355,2.8273262113312354,2.96694867336389,2.371882723260045,5.430501585806875,-0.3196129937675354,0.1053489345689214,
AMAT,Applied Materials,Information Technology,Semiconductor Materials & Equipment,0.3078362195628735,0.1888215592413947,0.1994108753815996,-0.3672880886494866,-0.1536645088156202,-0.7944026083272493,-0.3186847360652452,,,-0.0524172066771694,-0.0436183699844283,-0.0816227385679172,-0.1247988110703304,-0.4343886711093308,0.0129290950281742,,,
APP,AppLovin,Communication Services,Advertising,1.685131155110734,0.6978961029235324,2.6607640481538897,-0.7191800822662721,-0.9145804628036912,,,,,-0.593096454581593,-0.3274462705540252,-0.3777487863062541,-0.6542713887302745,-0.7395424146877959,0.0288441462515596,,,
APTV,Aptiv,Consumer Discretionary,Automotive Parts & Equipment,-0.6842354499907262,-0.61982503727884,-0.8406542127880028,0.1708873388950665,0.0350282247295715,-1.593826056954726,-1.8779509304611584,,,-0.3229753659520518,-0.2465650310189925,-0.2298376336720841,-0.2714518071352322,-0.3019654125015019,-0.0985460455640191,,,
ACGL,Arch Capital Group,Financials,Property & Casualty Insurance,-0.1528087277135674,0.1879834014496931,0.1085834171961778,,-0.52115653746543,0.336756335126868,0.2189263840245619,,,-0.2835001123098692,-0.2394803824924909,,-0.391061221396771,-0.2212414355543206,-0.0029546058960343,,,
ADM,Archer Daniels Midland,Consumer Staples,Agricultural Products & Services,0.5673878872813193,-0.1164437480457999,-0.8134181798937762,-0.5734553969990631,-0.2920323622879133,1.219496061512502,0.7421423002352378,,,0.169167515206235,0.0421203078661574,-0.1357292110422681,0.0939622306541737,-0.4186137577958994,-0.1616283272904767,,,
ARES,Ares Management,Financials,Asset Management & Custody Banks,-0.2258170539353416,-0.8133857538283991,-1.270604531946684,1.6810455141106904,-0.5756506602418472,,,,,-0.4838530162681747,-0.4678668513798847,-0.6230423240736317,-0.4576813489820826,-0.0740762501387198,-0.2545867452082397,,,
ANET,Arista Networks,Information Technology,Communications Equipment,-0.5808875367390143,0.3255715078990575,0.7288781772979832,,-0.4644777072341834,0.1059203477769661,-0.3186847360652452,,,-0.3510992929936893,-0.1840106276818018,-0.2299271967530018,-0.3050005939186456,,-0.2208666999615893,,,
AJG,Arthur J. Gallagher & Co.,Financials,Insurance Brokers,-0.214121984644549,-1.0020903666385712,-0.6335734221513436,0.564772266888998,0.3648162718850392,0.0436401298220559,0.2189263840245619,,,-0.315316812574782,-0.4241822208186174,-0.3757656025426195,-0.3951041763767725,-0.0738261689225213,-0.2035175357316705,,,
AIZ,Assurant,Financials,Multi-line Insurance,0.5472128864529365,-0.959684501716522,-0.3168827683283494,,-0.4198275697652283,0.6975147416558676,0.2189263840245619,,,-0.3512448066187823,-0.4305825300866714,,-0.4499456433564627,-0.2647131319137046,-0.1365839323128392,,,
T,AT&T,Communication Services,Integrated Telecommunication Services,-1.339345778651791,-0.3018379678375616,0.4321356754449228,0.9035746603328432,1.00393550033132,0.4335929985419133,0.4865618401009519,,,0.2909369426323506,-0.2197947422829591,-0.1045661320834122,0.9155177286428072,2.005531768244966,1.6227547949607444,,,
ATO,Atmos Energy,Utilities,Gas Utilities,-0.8291793624264379,1.7720616249801078,-1.3063707611997943,-0.9044526012826294,-1.0393078266616302,2.080489997538664,-0.0932054649001802,,,-1.3686221930713682,-0.4917198024269402,-0.9851231392764924,-0.9269719761570404,-1.0548295036268551,0.0552586005491689,,,
ADSK,Autodesk,Information Technology,Application Software,-0.2578145078657367,0.1459424990999317,0.2872201229111602,-0.4690809574490843,-0.3799781000867954,0.1284284216795718,-1.402212838687079,,,-0.3997242433707821,-0.2603888471173437,-0.2911639493544722,-0.402710640056675,-0.4786673458715816,-0.3123010544993734,,,
ADP,Automatic Data Processing,Industrials,Human Resource & Employment Services,-1.0822351198178637,0.5490004506838602,0.6604948560017245,-0.9899587101726464,0.2184660072217834,-1.4661364607299578,-0.9309623139584512,,,-0.1053530321665357,0.3480697292070428,0.2511463203815466,0.8449441123983757,-0.6772780733246765,0.5722039526023327,,,
AZO,AutoZone,Consumer Discretionary,Automotive Retail,-0.305537293406438,0.0911520927765612,-0.1268345081910785,0.1698857710751713,-0.2156520547087406,-1.5414057794354632,-0.3004721488737856,,,-0.2666515552877611,-0.1570427095606512,-0.1693109440406485,-0.2507442503510222,-0.1449964072801647,0.0453965604558389,,,
AVY,Avery Dennison,Materials,Paper & Plastic Packaging Products & Materials,1.3325344848801046,-0.0585981059183715,0.3528919801120561,-0.0452531398590426,0.024043915122265,-1.2494501534660716,-1.224744871391589,,,-0.9693265704523384,-0.4603195683763806,-0.6805614745378087,-1.2937383062563372,-0.6641794335697134,-0.0641819301608247,,,
AXON,Axon Enterprise,Industrials,Aerospace & Defense,-0.8177349505321917,-1.2164846084696506,-1.2963641039493237,1.0395482489890953,-0.733694348964807,,,,,-0.8586103318429942,-0.7921885378420036,-0.8713380516347032,-0.7221335340831517,-0.6390172512963453,-0.776772249011196,,,
BKR,Baker Hughes,Energy,Oil & Gas Equipment & Services,-0.4098185115018141,-0.7643008883739875,-0.2567649883177244,-0.7778501189650511,1.25270517482452,,,,,-0.471537198498893,-0.5731029239928855,-0.5893351396837321,-0.3465875545450263,-1.1742618682348969,-0.4801740886962483,,,
BALL,Ball Corporation,Materials,"Metal, Glass & Plastic Containers",0.38073559695011,-0.2410181780079845,0.1802679615152806,0.2269695783255266,-0.7098030091902697,-1.834528475483456,0.0,,,-0.4762275996455448,-0.4365904412290927,-0.5762387552963679,-0.7292197433665295,-0.1136486016242557,0.0563651137834479,,,
BAC,Bank of America,Financials,Diversified Banks,-0.8692512817926912,0.5584087950552552,2.7867640252593366,,2.503811174761178,1.6445055587944906,1.3500460348181316,,,1.4044216632667692,1.6571781946981696,,3.699875514726018,1.9062577783871624,6.012743887068763,,,
BAX,Baxter International,Health Care,Health Care Equipment,-0.3478080032512566,0.0451465440305762,-0.0435827401627955,0.9239852899250331,-0.2549454133412742,0.5993947958338555,0.9319330346109536,0.0793114799088999,2.1777531791399256,-0.4778659145418883,-0.2924995492629734,-0.3921862436759571,-0.5770954865989768,-0.3707288238451184,-0.5397736826181397,0.2628128720073322,-0.2174790521792424,
BDX,Becton Dickinson,Health Care,Health Care Equipment,-0.5594345471297177,0.0887657320949688,0.0408932895926015,0.6241232718953685,0.2754119170515958,0.6379876197104818,0.9319330346109536,,,-0.4059460028728396,-0.1730946739632122,-0.1286393525139003,-0.1081302833484291,0.1175028648615269,-0.3663562047971445,,,
BRK-B,Berkshire Hathaway,Financials,Multi-Sector Holdings,0.508147405916271,0.0513950017741148,-0.4921115692530994,,5.138364334966422,-0.0690968722182563,-0.9121932667690076,3.328156573730608,3.320151201044663,7.14013475032398,5.96176414848428,,1.0216247255934123,1.1608866883504758,0.6306993651636258,3.328199614729951,3.309941771125954,
BBY,Best Buy,Consumer Discretionary,Computer & Electronics Retail,2.567888887558413,-1.1651141933552978,-0.2872830059780562,0.1123042450018687,-0.1994791334546559,-0.6852079132875055,-0.3004721488737856,-0.539383425045917,-0.482841755385212,-0.0891540006428769,-0.2313219999516775,-0.2212580106628469,-0.2848457706147808,-0.4041708333508987,0.1407476004765781,-0.4100753332297598,-0.5779142135276901,
TECH,Bio-Techne,Health Care,Life Sciences Tools & Services,-0.4524841095983632,0.2132048262084598,0.3516453057345212,-0.8741535275926618,-0.7853027437341441,,,,,-0.5716784890705976,-0.3264557269283983,-0.5204080973456352,-0.8378649065468795,-0.7752999494673054,-0.5798645582510028,,,
BIIB,Biogen,Health Care,Biotechnology,-0.612835773219403,0.036009223925968,0.0604653467013215,0.8856027938438512,-0.7161257006394219,0.3292450286974694,0.9319330346109536,,,-0.485829364968911,-0.3060574733507949,-0.4000756473855826,-0.390728047908368,-0.3987031500425404,-0.4677699345170247,,,
BLK,BlackRock,Financials,Asset Management & Custody Banks,-0.3548825249280427,0.4553934414657105,-0.2200451045491163,-0.8801916499012821,-0.249952535679596,-0.6102344820117549,0.2189263840245619,,,-0.113614644845983,-0.0235329398656281,1.0530261393339984,-0.2822864231570159,-0.2363154043399069,-0.0312029058728845,,,
BX,Blackstone Inc.,Financials,Asset Management & Custody Banks,0.3553584649144128,0.6350002806536211,0.5134928618338878,,-0.5616136179516135,0.5396829387994297,0.2189263840245619,,,-0.3032099689258297,-0.1960920812107209,,-0.4333818570921779,-0.0988463986059467,0.0864647929796327,,,
XYZ,"Block, Inc.",Financials,Transaction & Payment Processing Services,1.7391391381844683,-1.522429651694405,-0.248971341565739,-1.4602845319484885,-0.4882991295567616,,,,,-0.1441425068843211,-0.4835193872504745,-0.2592668482052985,-0.4462573710240735,-0.3510127765363244,-0.0537110026191756,,,
BNY,BNY Mellon,Financials,Asset Management & Custody Banks,-0.8555177019793252,0.7300342110720621,-2.282252559408137,,0.0525442355430647,,,,,-0.2280500194613484,-0.0945914915818187,,0.180227146821546,-2.7709095525870477,-0.7371130547680665,,,
BA,Boeing,Industrials,Aerospace & Defense,-0.7101904144771928,-1.6114711584932515,-1.850189315820564,4.327120400195623,1.987423050217872,2.176093516880917,2.161162514546404,-0.3226417205302457,-0.531696248154017,2.6547264660320025,-0.832344982549816,0.0074944952945436,3.702583537493733,2.864099694948832,-2.357406431766796,-0.3793210794888745,0.4333858333704449,
BKNG,Booking Holdings,Consumer Discretionary,"Hotels, Resorts & Cruise Lines",-0.1812484317842246,1.753461918204532,3.273909649252015,0.0901790410542117,-0.4277194846529257,-0.1085848605756159,1.2770066327135872,,,-0.1763921948942785,0.1406534596760854,0.0553768609593128,-0.1885921685846744,-0.3632133755666837,1.128513701888476,,,
BSX,Boston Scientific,Health Care,Health Care Equipment,-0.4682046853561666,0.2087354353091464,-0.2995127792035256,0.0344370875369833,0.0755671258890651,0.5029127361422892,-0.2452455354239353,,,-0.3896280397210386,0.0790351424068013,-0.0395435002758889,-0.1917224971792878,-0.1123675662107975,-0.8526350388039704,,,
BMY,Bristol Myers Squibb,Health Care,Pharmaceuticals,-0.3541016176103153,0.326080295837598,0.2915395073353206,-0.1023648184066559,-0.3318087945576321,0.4257270883890357,-0.2452455354239353,,,-0.1218925702303785,1.2255122319383729,1.17651286462155,0.4512175801148856,1.13373121657967,0.941880908589311,,,
AVGO,Broadcom,Information Technology,Semiconductors,-0.2612576195938331,0.3738462456175804,1.394417283500749,-0.099907292596756,-0.207942971762772,0.848686786562944,1.8483714691784217,,,0.9535891426421704,1.0741375116149152,1.1408364585731945,1.1913306030879287,1.781752693237796,2.0886519243608057,,,
BR,Broadridge Financial Solutions,Industrials,Data Processing & Outsourced Services,0.1646181442046999,0.5556824498151026,1.2010905572597552,-0.2936551057312437,-0.5660279857590907,-1.070855687965987,0.0997459622098339,,,-0.6417512522910175,-0.3492951600407249,-0.4466693728820982,-0.6809499492665991,-0.4747729240058665,-0.0773338887354589,,,
BRO,Brown & Brown,Financials,Insurance Brokers,-0.109847029861346,-0.2844345859269874,-0.1189375681637364,0.3440994624161949,-0.299305703477106,-0.114191673034381,-0.9121932667690076,,,-0.4690975305218605,-0.4332535252930247,-0.5778358010238644,-0.4573747980073441,-0.1615322229809276,-0.1485076884083307,,,
BF-B,Brown–Forman,Consumer Staples,Distillers & Vintners,-0.8005444469754222,0.5976104879847045,0.5661045089786453,-0.0295481689347078,-0.3894928959300595,,,,,-0.4814626692199109,-0.3486846811875943,-0.6341039423828286,-0.7449089850434137,-0.7975838079395287,-0.5721955059323357,,,
BLDR,Builders FirstSource,Industrials,Building Products,0.8819302668010631,-1.6214871069892525,-1.2203399959621413,1.749649302842559,-0.381441163881238,,,,,-0.3709643616394794,-0.8322248507859491,-0.7261944243964606,-0.6140469711159449,-0.3147001435038298,-0.743103105271042,,,
BG,Bunge Global,Consumer Staples,Agricultural Products & Services,0.9687387059944996,-0.1716045113910638,-1.6270402528678514,0.4448750393255765,-0.3104884519781274,1.42377712765419,0.7421423002352378,0.6471391834167132,-0.3530087826046091,0.2098132226393796,-0.0806736094594749,-0.1886715746750912,-0.0298438686386411,0.1892352935259508,-1.2539893263306183,0.2654895000263296,0.1397281864750314,
BXP,"BXP, Inc.",Real Estate,Office REITs,-0.3690462770592401,-0.8441348857046043,0.5417655274521408,1.6143162174370145,-0.2871536148009975,-0.2887974244375628,0.2511009804759127,,,-0.341981753036165,-0.7021927404998005,-0.3868057437751914,-0.2134947791223374,0.26318018120534,0.0774420622268582,,,
CHRW,C.H. Robinson,Industrials,Air Freight & Logistics,4.165299375458408,-1.166364363009129,-1.172235724268309,-0.0485619287717711,-0.6337252026827933,-0.6896920856578723,-0.9309623139584512,,,-0.346173562066155,-0.6506661121008795,-0.7872820892116017,-0.7853019140834352,-0.6343365011645955,-0.717426181461065,,,
CDNS,Cadence Design Systems,Information Technology,Application Software,-0.5461962084044126,0.1360108690602852,0.8224069911464366,-0.1536501918000414,-0.3694443983792549,-0.9519591256454868,-1.402212838687079,,,-0.4224006071391935,-0.2736243481365775,-0.2898893893364955,-0.4109251873643881,-0.3881699974871618,-0.3083957289538642,,,
CPT,Camden Property Trust,Real Estate,Multi-Family Residential REITs,-0.2543555053893073,-0.6027902676476287,-0.9885661971611132,-0.1200516494890507,-0.2587800914150669,1.0833568358343133,0.2511009804759127,,,-0.5973263797490034,-0.8010612752365186,-0.9128537941932722,-0.931609823394268,-0.9371161451486616,-0.9109467011576108,,,
COF,Capital One,Financials,Consumer Finance,-0.6274640146718752,-0.1580305235076538,0.6455043851256499,,0.5278963046072461,0.336756335126868,1.3500460348181316,,,0.4602643562285549,0.2551576920425517,,0.3149339452326427,-0.4365791907248484,1.003428249595012,,,
CAH,Cardinal Health,Health Care,Health Care Distributors,3.6162943407031514,-0.002726665309797,-0.1055666629870763,-0.3573503237134195,0.0723081185254915,-1.0793930427993983,0.9319330346109536,,,1.680513560125083,-0.1631046246353438,-0.2561620417858633,-0.008577489070808,-0.5528368556127319,0.1001469519143047,,,
CCL,Carnival Corporation,Consumer Discretionary,"Hotels, Resorts & Cruise Lines",-1.0999622133665512,-0.5591293281042505,1.3064695565345237,0.2417761016893008,0.1158928309999947,0.8175067089313586,1.2770066327135872,1.6976007497178434,2.8635152077984505,-0.2011582088370951,-0.1808152402957977,-0.1137808413444303,-0.0287296484100314,0.3776347578830874,0.4867716511432375,2.2141175408342764,-0.6397177747101863,
CARR,Carrier Global,Industrials,Building Products,-0.4391407991154931,-0.6569604123051729,-0.1898107615619758,0.5139208843676504,-0.0891786959079711,,,,,0.0392514482087663,-0.2256795750216115,-0.0348116093829423,0.118639578876959,0.2669235814771982,0.1054200173853733,,,
CVNA,Carvana,Consumer Discretionary,Automotive Retail,1.8010858821353708,-1.0421658884514682,-0.7111982525954527,0.1182130456664382,-0.4376253989210525,,,,,-0.1755295180660817,-0.2324595395835666,-0.2081566944460389,-0.2958715055066272,-0.3767654755688137,-0.0462005604926385,,,
CASY,Casey's,Consumer Staples,Food Retail,1.452350022602427,-0.0783506952934872,-0.8660073099015734,-0.6786999507970007,-0.3390223593985675,,,,,-0.3389834454761624,-0.2965132829221126,-0.5512738231962968,-0.7211157655196773,-0.816062419099713,-0.5557516023263125,,,
CAT,Caterpillar Inc.,Industrials,Construction Machinery & Heavy Transportation Equipment,-0.2055328201170883,0.5021897472555057,0.0782163298233093,0.1842098110661326,1.0029600002026575,1.6961097213818093,2.161162514546404,-0.2851055421440068,-0.5036937162677,2.378771267504579,3.488794563745137,3.21492398695432,1.953633512309306,2.927690347211669,2.7705811483141782,-0.3501402344661425,0.5219690285491587,
CBOE,Cboe Global Markets,Financials,Financial Exchanges & Data,1.2021354231561276,0.2593607611207155,-1.522980508722217,-1.1142716327559572,-0.6156159972083092,-0.0014546709940688,-0.9121932667690076,,,-0.4829240471801929,-0.4168495830351382,-0.6269544031162286,-0.4804951994365861,-0.2843549206458853,-0.2771563935134278,,,
CBRE,CBRE Group,Real Estate,Real Estate Services,4.83719586116001,-1.275786799006964,-1.5726216801592954,-1.2152154474462085,5.086875371074252,-2.003990249777407,0.2511009804759127,-0.3902927146166651,-0.796507300665872,4.861513141043564,-0.1894468522898772,-0.0673590102787766,0.0225665548565872,-0.6738292969871379,-0.9868000972332164,-0.0987861915614663,-0.5088306797110766,
CDW,CDW Corporation,Information Technology,Technology Distributors,2.178552012008794,-0.078449603558926,-1.3550567659950314,1.1747646432728938,-0.3753782303455114,-1.582185194918438,-1.402212838687079,,,-0.1773475126475356,-0.2834432243529852,-0.3025269676896003,-0.3638362908290034,-0.1097919245829843,-0.4288784830969167,,,
COR,Cencora,Health Care,Health Care Distributors,3.2045072945689546,0.0009086496639795,-0.0941102899816997,-0.1646470629868959,-0.108904989030194,-1.4846176935039763,0.9319330346109536,,,2.430031985618385,0.0107783682324573,-0.0676512012939531,0.3931888656517651,-0.2819268606262023,0.6072262489553267,,,
CNC,Centene Corporation,Health Care,Managed Health Care,1.6962548158015862,0.0158755041914819,-0.0294463328765878,-1.3958698656715522,0.1078497459999354,-0.1145724458837356,-0.2452455354239353,,,1.3216961263753506,0.1665670031843155,0.1060023957465114,0.3811607873086791,-1.2235098021286517,1.1081994253299146,,,
CNP,CenterPoint Energy,Utilities,Multi-Utilities,-0.2681288726544354,-0.2954300176137892,-0.4904422957564834,0.5731247950117181,-0.5542019220473123,0.5245961650652039,-0.0932054649001802,,,-0.7733258047148398,-0.4893510634885788,-0.541393572878387,-0.6044897405308145,-0.4148621116553907,-0.1942856267227187,,,
CF,CF Industries,Materials,Fertilizers & Agricultural Chemicals,-0.3352031285224757,1.557438837461938,1.055838623929636,-0.5422216448514675,-1.2157711517425964,0.6813083091912954,-1.224744871391589,,,-1.046757990873013,0.273879282825801,0.1673949869887735,-0.9887976835411376,-1.1201253033261953,0.2137009868777,,,
CRL,Charles River Laboratories,Health Care,Life Sciences Tools & Services,-0.4148225591023733,-0.0129121793785116,0.1257454800614647,1.0046788375872413,-0.5501007972120887,,,,,-0.5474011283192235,-0.3531448572827509,-0.502093798803153,-0.7629059722710515,-0.6418104302431031,-0.5485865357307973,,,
SCHW,Charles Schwab Corporation,Financials,Investment Banking & Brokerage,-0.7876989488768943,1.4237882967738424,0.8233591598861281,,-0.1381926448337854,0.5171355383913678,0.2189263840245619,,,-0.1144002423833883,0.1997219424767293,,0.1271554171211468,-0.3257325575577582,0.4143768574461679,,,
CHTR,Charter Communications,Communication Services,Cable & Satellite,-1.0873208791543831,-0.4016589122619363,-0.2327501588309204,2.17820861367798,0.4068399787145471,0.5620649981098879,-0.5838742081211422,,,-0.2469830584367421,-0.3266306019903461,-0.2820327813416063,-0.1036590838821614,1.347549683338026,0.0973892416686876,,,
CVX,Chevron Corporation,Energy,Integrated Oil & Gas,0.0007870898857643,-0.1831780254178396,0.4185667846838232,-0.6193961947500457,0.854357794386118,0.6888864300946826,1.414213562373095,1.9481781174250856,0.0042416667123865,1.5994319408803088,2.4408499225783724,2.433210354231336,2.2238726754144125,1.2362523191212065,2.764940670407149,2.1226907458741757,0.4007861321892459,
CMG,Chipotle Mexican Grill,Consumer Discretionary,Restaurants,0.813467608649106,-0.0591457412365463,0.2468579811012379,0.1682337629057113,0.0350282247295715,0.1535165270206975,-0.3004721488737856,,,-0.3202952447160514,-0.2111768555946991,-0.219160176896237,-0.3361981485998174,-0.2794539815432416,0.0477439495461178,,,
CB,Chubb Limited,Financials,Property & Casualty Insurance,-0.0872876826882898,-0.2481611714618537,-0.033280127978137,,0.0301922573739026,0.5847777396155553,0.2189263840245619,,,0.4674002005266526,0.2133288991883402,,-0.1558202487944479,-0.0187124798059233,0.3571368811772873,,,
CHD,Church & Dwight,Consumer Staples,Household Products,-0.5925958582132431,0.3832399088404817,-0.2279797463330093,-0.54114712405056,-0.3877281918555318,-0.9904536540203068,-2.4384675579157804,,,-0.4647770085876134,-0.3271690513257552,-0.6012637544151,-0.723222268021255,-0.8321480825752896,-0.5825743689678352,,,
CIEN,Ciena,Information Technology,Communications Equipment,0.3026962729625982,0.054426120276137,-0.8788401355320057,-0.0698742856514062,-0.4296750927716283,,,,,-0.4181420303494737,-0.284288904679708,-0.3141569112909128,-0.448082187274559,-0.4044195142244846,-0.3924550869759259,,,
CI,Cigna,Health Care,Health Care Services,0.909244623434787,0.0196826933009779,-0.1653963682094555,0.0239420167874002,0.1780875037554433,-1.7161746367637358,-0.2452455354239353,-1.1072273515043267,-0.715268863239112,1.9551103953854545,0.4372497683060848,0.5579428065263482,1.5038580272817903,0.6440000106855512,-0.9880223679800104,-1.0732131219550023,-1.0008152588767334,
CINF,Cincinnati Financial,Financials,Property & Casualty Insurance,0.120007526849239,-0.8883816570955378,-0.0463019041038442,,-0.5553550640642481,1.0357257477768045,-0.9121932667690076,,,-0.3899485786282811,-0.4367812548108498,,-0.4437935395696293,-0.2783269627498979,-0.1001882279216133,,,
CTAS,Cintas,Industrials,Diversified Support Services,0.3788520307321785,0.5140945112996959,0.5285828464494559,-0.6118646047687227,-0.0722582372358346,-0.8590981311281454,0.0997459622098339,,,-0.5287805680518067,-0.2136796131289398,-0.3137185217011837,-0.63639951329426,-0.542919631346993,-0.1087653849465025,,,
CSCO,Cisco,Information Technology,Communications Equipment,-0.5252513830058213,0.1269888626036181,0.3962880380835268,0.16299727016794,0.246524158676092,-0.5243057214959844,0.7648433665565884,,,0.3473617376679891,0.0963394991712809,0.1392977466601108,0.6588672275412504,0.9536405551272672,0.5011405694878828,3.799272240691,,
C,Citigroup,Financials,Diversified Banks,-0.8709292672128247,0.187897082778104,-3.15487370463447,,2.62302172499671,1.847432162467052,2.481165685611701,,,1.043897860059208,0.9634753830858552,,2.978437723260502,0.3187651629840314,-4.007968841561244,,,
CFG,Citizens Financial Group,Financials,Regional Banks,-0.8512813384862421,0.3547464839501941,0.151459341956644,,-0.3762114096978032,0.5622303392074925,0.2189263840245619,,,-0.4279191262695351,-0.3579113020194752,,-0.2127718240481858,-0.232567282371599,-0.0926057895067746,,,
CLX,Clorox,Consumer Staples,Household Products,-0.2062284031439307,0.0870208368026269,0.0517921853948366,1.0819483369271838,-0.3778186997447225,-0.6747465518013336,-0.8481626288402713,,,-0.4504703173021381,-0.3556252069494778,-0.6066376033552738,-0.7454779975086587,-0.578238148979058,-0.5246018246093269,,,
CME,CME Group,Financials,Financial Exchanges & Data,-0.8675318313110683,3.077059377953271,0.7234336739039479,-0.8585974564343822,-0.5826244774306258,-0.7229714840520672,-0.9121932667690076,,,-0.4656801812341476,-0.2433104888261295,-0.0552511800285218,-0.2597370246544956,-0.2521552937016258,-0.0601202445333969,,,
CMS,CMS Energy,Utilities,Multi-Utilities,-0.2643710017111316,-0.902521118046366,-0.505010876027197,1.5141496827133356,-0.6193325605863983,-1.3213795683778835,-0.0932054649001802,,,-0.924378157839736,-0.713396546598281,-0.8696213212612524,-0.7466264721463541,-0.665482096846736,-0.0867307209801345,,,
KO,Coca-Cola Company (The),Consumer Staples,Soft Drinks & Non-alcoholic Beverages,-0.7669070301434285,1.2387603882129108,2.611835178751672,-0.4934931534942355,-0.2238822058589993,-0.6747465518013336,0.7421423002352378,,,-0.1088072824670577,1.919799469754197,1.6877968626567,1.092395554750937,1.4474788903645703,2.2622089130993808,2.090158111793085,1.893180197053849,
CTSH,Cognizant,Information Technology,IT Consulting & Other Services,0.894384829788404,0.0054337705851139,-0.7968204524546986,-0.3077834914965301,2.770012698744521,-0.3442411302751416,0.7648433665565884,,,-0.2309592594915121,-0.2451322739466986,-0.2600335057038707,-0.3313466607871864,-0.4209536885959983,-0.3296979374977501,,,
COHR,Coherent Corp.,Information Technology,Electronic Components,-0.7576563866144884,0.0071848393275589,-2.6802832301061565,0.2678271458948985,-0.0379501856038786,,,,,-0.3997471875476297,-0.2870316975008306,-0.3064339602885484,-0.3543260805174071,-0.3239312908875327,-0.5041060845584973,,,
COIN,Coinbase,Financials,Financial Exchanges & Data,-0.2600318998763697,-3.8945287849051033,-0.2104487923445734,-0.221338184183424,-0.5665906584239468,,,,,-0.4975055230719719,-0.5964029521106788,-1.1520210679033778,-0.4614845726829125,-0.3047231117117067,-0.1680867337975486,,,
CL,Colgate-Palmolive,Consumer Staples,Household Products,0.1025221904878243,0.2995733268689119,0.4161708234998992,-0.4004326568448942,-0.3115744237162984,0.1795197247911802,-0.8481626288402713,-0.8181132898974611,-0.4846998333304984,-0.348467523574695,-0.0726653105034554,-0.2798279752158167,-0.5803542511427339,-0.4551713676226445,-0.1673625057631283,-0.775617995201329,-0.7882842113117539,
CMCSA,Comcast,Communication Services,Cable & Satellite,-0.5292367482867787,-0.3581958053946428,0.354080359644111,0.7143641440811158,1.671294633050091,0.3051209989739394,-0.5838742081211422,,,0.2426697198212485,-0.2550649916196407,-0.1863846914510947,0.2772322837547911,1.0536671505669146,1.4126279075174506,,,
FIX,Comfort Systems USA,Industrials,Construction & Engineering,1.2188138295400384,0.0232119428524475,1.342376343529247,-1.5076718702523038,-0.462967010210623,,,,,-0.4693606880190676,-0.2970354401233151,-0.4657149544507961,-0.6938183937778688,-0.8934634366335221,0.3099977857954685,,,
COP,ConocoPhillips,Energy,Oil & Gas Exploration & Production,-0.2678753843509068,0.0053453058167819,0.1873826797948389,-0.5147973779375439,-0.3608906368226872,0.3051499356608727,0.0,-0.2690217603925804,-0.0337749692589216,-0.0461213534859034,0.2868169031826555,0.5304093276614307,0.3169814105001935,0.218437606938014,0.1602840441121349,-0.1925969709449886,-0.6765687555672102,
ED,Consolidated Edison,Utilities,Multi-Utilities,0.0201594108271875,-0.7743678429879629,1.316242768383237,-0.4253163646889158,0.4158631965539833,-0.7675868483449572,1.2116710437023397,,,0.1231675728096997,-0.3737146851093776,-0.258010894768762,-0.0586034148476612,-0.3390962977620817,1.2155907280716387,,,
STZ,Constellation Brands,Consumer Staples,Distillers & Vintners,-0.8289801005904772,0.9498831626655252,0.7906622830542389,0.5363631870087521,-0.377275713875637,-0.0990453654020309,-0.8481626288402713,,,-0.4359843067191637,-0.0935936651085197,-0.3680785167000039,-0.4827282318234314,-0.1439431987915917,-0.3866374905573279,,,
CEG,Constellation Energy,Utilities,Electric Utilities,0.7948649233129612,-0.8675250191905265,0.6899300746087151,-2.181392685508087,0.3988470837825104,,,,,1.729560244586848,-0.0033169106134989,0.2934880545489595,0.3631430696763785,-0.4403914264452549,0.4199435940240877,,,
COO,Cooper Companies (The),Health Care,Health Care Supplies,-0.6175361580237634,0.5241320014565491,0.3247229831868966,-0.0140142998713758,-0.600830628814885,-0.5776863324032536,-0.2452455354239353,,,-0.5451926217682078,-0.1465496857491617,-0.4452356824130937,-0.6849787034915462,-0.644068592052091,-0.4855173372180038,,,
CPRT,Copart,Industrials,Diversified Support Services,-0.7612577823867689,2.3177061284711704,2.2133289204165942,-2.1560696957666963,,-1.1555587107011238,-0.9309623139584512,,,-0.8037692639932287,-0.3441282928768064,-0.5343620934146976,-0.6611551811022454,-1.0593025983577449,-0.2282092042677735,,,
GLW,Corning Inc.,Information Technology,Electronic Components,-0.4857750736081478,0.0145205993799564,0.3839351369524522,0.3755294420576694,0.1066881185410569,0.0609041999717555,0.7648433665565884,,,-0.2789111151730747,-0.2532903026560019,-0.2516616109362155,-0.2209518083875221,-0.0804746481876934,-0.1766053671120351,,,
CPAY,Corpay,Financials,Transaction & Payment Processing Services,-0.2384706920420729,-0.1970593595277287,1.9934332493248936,0.5541198947180539,-0.4645315261035525,,,,,-0.4897319699728854,-0.4432553944180983,-0.6010048591044955,-0.4593690901931231,-0.1514450164008977,0.0130520702729532,,,
CTVA,Corteva,Materials,Fertilizers & Agricultural Chemicals,-0.7839116190594346,0.3642030674046191,-3.9145985588228784,-0.5032269094419304,-0.497373636362957,,,,,-0.1843731797950991,0.264050650279587,0.020273203443152,0.4418595808257202,-1.009955318958354,-3.922150088945472,,,
CSGP,CoStar Group,Real Estate,Real Estate Services,0.5014577089544802,-0.9704937514481364,-1.3189792667094538,-2.667601450465658,-0.0217182578183672,3.2940498107167784,0.2511009804759127,,,-0.327222492498507,-0.7535445614903746,-1.0577097727602274,-0.8835086474481126,-1.40710734485874,-0.90358880574678,,,
COST,Costco,Consumer Staples,Consumer Staples Merchandise Retail,2.313518761377324,-0.1581847167259994,-0.9113236889872368,-1.868092866174213,0.522994857068028,-0.359039449582361,0.7421423002352378,,,1.5991193665637629,0.7276306985014269,0.6755229474817434,0.6979047191688498,-1.8179665770476665,0.5029629576898509,,,
CRH,CRH plc,Materials,Construction Materials,0.1767803090710804,0.3010183550037785,-0.2240937094224121,-0.2593410533740925,1.8792089397843528,,,,,1.703037782057122,1.3297552363619276,1.5717392844697062,1.2621383041673524,1.258773825592205,0.0829733864390935,,,
CRWD,CrowdStrike,Information Technology,Systems Software,-0.6426439208632295,-0.121522183581494,0.2007565081431879,-6.151713955191491,-0.403842224304577,,,,,-0.4279796286761445,-0.3119533097750793,-0.3352716427002565,-0.4114286483168371,-0.7183946140358187,-0.3448357894575166,,,
CCI,Crown Castle,Real Estate,Telecom Tower REITs,-0.1926494145183095,-0.7206054360918926,0.4149270335948339,0.897202495653455,-0.2636600585821803,-1.20356693128548,-1.38105539261752,,,-0.2854144100226316,-0.6058948255251437,-0.0188520341572361,-0.3766823010084436,0.491079875343978,0.1428562235523472,,,
CSX,CSX Corporation,Industrials,Rail Transportation,-1.0717365856039365,1.464803296890001,0.3549095297791664,0.5240340278845024,-0.4706581277888668,-0.3226456538056139,0.0997459622098339,0.5878576457658934,2.283850935358641,-0.3590208096420428,0.376180561951914,0.5770600156747725,0.3254937473160577,0.9601095036626132,0.0412385860691287,0.6695032356280073,-0.4292373212798707,
CMI,Cummins,Industrials,Construction Machinery & Heavy Transportation Equipment,0.2978258229836487,-0.419542283085526,-0.149904645957351,-0.5991574013437255,0.2246189012843785,-0.6896920856578723,0.0997459622098339,-0.4610018199306847,-0.4981523724626539,0.5512686803629937,0.2920883272450342,0.3514274573948469,0.0696404000054727,-0.3156241682749813,0.5840612000827915,-0.4575166251357267,-0.1524712074705945,
CVS,CVS Health,Health Care,Health Care Services,0.7590686008494195,0.0260466793819093,-0.0487209044198074,0.1091555782652431,2.53519532481252,0.290652204820843,0.9319330346109536,,,3.188734189214416,1.0647200094231564,1.4393796347741563,2.969351551570169,2.004728551807325,2.243019060895375,,,
DHR,Danaher Corporation,Health Care,Life Sciences Tools & Services,-0.6847341261955417,0.1720892186427303,0.2250177213829071,0.523852666143023,0.0601944496457935,-1.658285400948796,-0.2452455354239353,,,-0.3603694696253258,0.0614336269243664,0.0736966477976141,0.5229568272701811,0.456838050619416,0.0174947621926023,,,
DRI,Darden Restaurants,Consumer Discretionary,Restaurants,0.1356254264771081,-0.2048642565159081,-0.0857275433651128,0.1155657491426746,0.31777536378442,1.3417094841239856,-0.3004721488737856,,,-0.3069870887361378,-0.2108690373703099,-0.2182203603541711,-0.3078516223383081,-0.3940142872937469,0.0155603137766463,,,
DDOG,Datadog,Information Technology,Application Software,-0.3560980502744391,-0.0807297686794943,0.1582497644809113,0.7057063594282621,-0.4370164848787176,,,,,-0.4451481125951325,-0.307794622204981,-0.3378654670286585,-0.4521733307762534,-0.4191504994875891,-0.3627144745524062,,,
DVA,DaVita,Health Care,Health Care Services,-0.1370627021292925,0.087469372699912,0.0190884862893055,0.687827667934416,0.3676479745112254,0.4064306764507229,-0.2452455354239353,,,-0.4567455641691769,-0.2261860775412172,-0.297284198380267,-0.6086454616857011,-0.2150539478322458,-0.4615578365030335,,,
DECK,Deckers Brands,Consumer Discretionary,Footwear,-0.0600472984401353,0.0281355217899504,-0.6543794716377164,0.0120426532525837,-0.5067646372822644,,,-0.6355327662345922,-0.5780684302505235,-0.4040119562098859,-0.2734173365535158,-0.2730847306812131,-0.3716220550906269,-0.5174157572173083,-0.0986541355916341,-0.4840432350602244,-0.6912412339311507,
DE,Deere & Company,Industrials,Agricultural & Farm Machinery,-0.8648234802211094,-0.2615079577062165,-0.378128991802286,1.9099497599373167,0.3122976416763585,-0.5908718924668797,0.0997459622098339,,,1.0285030290708137,0.8290773117303954,1.5587183334690322,2.094217838371125,4.499001020870207,0.6438913479199687,,,
DELL,Dell Technologies,Information Technology,"Technology Hardware, Storage & Peripherals",2.04564112884487,-0.0262366563324056,-1.16054005996285,0.1518994107208766,0.3808403551215862,,,-0.1694563805379412,-0.3751501371870194,1.8074859169716355,0.125369367565425,0.1622188566065066,0.6384463184006316,0.9903502256566548,-0.2331910181278078,-0.3189308451373037,-0.0852118390223564,
DAL,Delta Air Lines,Industrials,Passenger Airlines,0.0157651511085446,-0.6291793081896593,-1.2274570226027903,-0.3240993490116897,0.7722264728553416,0.863196664486299,0.0997459622098339,2.264172524067628,0.7390132119454345,2.249200905471989,1.0993737804310806,0.7423672024701347,1.495482751425972,0.140602902320496,-0.6266834279677229,2.434549962144782,-0.5520116165431322,
DVN,Devon Energy,Energy,Oil & Gas Exploration & Production,-0.5377721944623359,0.3932809183921841,-1.469945189675492,-0.3542349582669132,-0.6298232720972217,0.2909374729040647,0.0,-0.8010103177482506,-0.0822859739186093,-0.4484149104415801,-0.2476563432464499,-0.2205353790547169,-0.1773353707637935,-0.3266850968402896,-0.7500610522392758,-0.7608937869567406,-0.8561279035266196,
DXCM,Dexcom,Health Care,Health Care Equipment,-0.1288264638051863,0.2400014891246038,0.1128445193648354,-0.861933755066782,-0.6623213337879714,0.6765804435871082,-1.4224241054588245,,,-0.5365821409939895,-0.2339388315362778,-0.4211934047290196,-0.7792279772579401,-0.7690005888380765,-0.5303929126190509,,,
FANG,Diamondback Energy,Energy,Oil & Gas Exploration & Production,-0.6789830544283817,1.0065146973763035,1.1322762520580716,-0.2702465648605642,-0.6457411767256334,,,,,-0.5132258274851889,-0.2553294740120163,-0.2190062432209743,-0.1835875036402961,-0.1741677299791672,-0.2689085530596048,,,
DLR,Digital Realty,Real Estate,Data Center REITs,-0.4021135315304997,-0.5994702311470241,-0.193335987269302,0.046271256080392,-0.1666881395899705,-0.2506820283188998,-1.38105539261752,,,0.0305000539610088,-0.2830567848918336,0.2473441451777524,0.8420527063001573,0.3121593718450277,0.2952110551554378,,,
DG,Dollar General,Consumer Staples,Consumer Staples Merchandise Retail,0.2435929895094103,-0.0758439881394419,-0.8690761590582189,-0.8635505639957571,0.1239002432902271,-1.4175867923165633,-0.8481626288402713,,,-0.1712588142070927,-0.1488429196060982,-0.3277380278633305,-0.2980996008452276,-0.7313842007915181,-0.4502455855187582,,,
DLTR,Dollar Tree,Consumer Staples,Consumer Staples Merchandise Retail,0.2331115089225712,0.1873186772530165,0.1783363069147241,-0.9877534136448988,0.0044433520914296,-0.9533116419945448,-0.8481626288402713,,,-0.3625082245688799,-0.1679640680800875,-0.3924797715172374,-0.6310220578866754,-0.8185098880472518,-0.2776880995769463,,,
D,Dominion Energy,Utilities,Multi-Utilities,-0.5306515802235872,-0.7718442942225584,0.4465837010525383,2.505599672019453,0.3854982366945446,-0.0819387187803822,-0.0932054649001802,,,0.3153735082101096,-0.3158964959197771,0.0492255441245015,0.8205737111914402,0.81984805364762,0.1711418843544952,-0.3615216746336721,1.535525215108688,
DPZ,Domino's,Consumer Discretionary,Restaurants,3.105163646558396,-0.1450752552777154,0.2567547678981438,0.2983418202681935,-0.5059559912195603,1.6387577233998076,-0.3004721488737856,,,-0.397725342603873,-0.2721027957549047,-0.2669812564369527,-0.3865496876578741,-0.2972294052874242,-0.0531064255588413,,,
DASH,DoorDash,Consumer Discretionary,Specialized Consumer Services,-0.3341742000821916,-1.006153593953466,0.4859585915910424,0.0514398868828585,-0.4040665873188269,,,,,-0.2805604218990424,-0.2574854114851287,-0.2424751864829874,-0.2603551671958498,-0.5169920658686306,0.1424471292126619,,,
DOV,Dover Corporation,Industrials,Industrial Machinery & Supplies & Components,-0.5164555429906492,0.1119515397004266,-0.5485029365917046,-0.5647198714693671,-0.4429701045071889,0.2420411644286301,-0.9309623139584512,,,-0.6466767393739332,-0.4524330845910743,-0.5420398679672784,-0.5473718869648408,-0.6036451661314848,-0.5711936854009154,,,
DOW,Dow Inc.,Materials,Commodity Chemicals,0.3472894843340984,-0.2123455871962339,-0.1541814547539148,-0.1052144286357232,-0.0609278340086599,,,1.3840520570384147,0.6533387114738772,2.1257124099242324,0.2654547406433319,0.5142457372872389,1.4192526311578904,0.971257037120034,0.324761603179525,2.210301163942121,-0.022902680565804,
DHI,D. R. Horton,Consumer Discretionary,Homebuilding,-0.1428008523762755,-0.3402507218201172,-0.5611252854224418,0.126877956307755,-0.4730400532371844,0.2059368045399603,-0.3004721488737856,,,-0.1089919732046192,-0.0971150741813916,-0.1577224240539016,-0.1401689844709207,-0.2853791478877839,0.0252816181470456,,,
DTE,DTE Energy,Utilities,Multi-Utilities,1.360776686110555,-1.125726422321408,0.475565032427823,1.2541856731656384,-0.437142801429766,0.8146780660348324,-0.0932054649001802,,,0.6244930296205011,-0.4839306082520537,-0.5776512892695175,-0.4717771870360056,-0.3339904348041088,0.1542959352622832,,,
DUK,Duke Energy,Utilities,Electric Utilities,-0.4971991938240966,0.0915556481268887,-0.0729282821813167,0.0282099728134757,2.034447578626673,0.076287772657597,-0.0932054649001802,1.2291699774768927,-0.0122605285830041,1.7707138268623617,1.0428309500358364,2.3945273043718363,2.35321212425485,2.439747982102108,-1.2309594170126874,1.3546887992226475,-0.6934432553116244,
DD,DuPont,Industrials,Industrial Conglomerates,-1.084178398410485,-0.660227112630863,0.6190340996461798,-0.5515549630564406,-0.5814102209155785,0.6232047667367453,1.1304542383781189,,,-0.7078387308391919,-0.6557512896653684,-0.5832240774244282,-0.3401581286849309,-0.6150261716357945,-0.3373230766097383,,,
ETN,Eaton Corporation,Industrials,Electrical Components & Equipment,-0.578777989734387,-0.4474789435767966,-0.405669576301627,0.9316481202923972,0.6845938791688311,-0.887332472039858,-0.9309623139584512,,,0.3986196278920295,0.1587420693526962,0.4219376318573236,0.6477013213532994,1.1772739717662246,0.1750405530504523,,,
EBAY,eBay Inc.,Consumer Discretionary,Broadline Retail,-0.7390575957444511,0.6294859911332372,-0.1147206040157221,0.1389268397470203,-0.4812922863070811,-0.3881596740116834,-0.3004721488737856,-0.6259025607819226,-0.548945882015323,-0.3280076474498665,-0.1778576372528858,-0.1986495446249923,-0.271898508934709,-0.3082897258358292,-0.0077912110571449,-0.4828215051801273,-0.6614081133929071,
ECHO,EchoStar,Communication Services,Wireless Telecommunication Services,-1.0152273492119797,4.034303995876982,-1.0572158953380402,-0.495907477372786,-0.751638567967157,,,,,-0.5438007043860156,-0.0969295953811178,-0.1588290930428773,-0.5378468508308135,-0.3791935326540223,-0.3311135885752191,,,
ECL,Ecolab,Materials,Specialty Chemicals,-0.3299725292390681,0.194572396924901,0.1462835808318874,-0.09940405776546,0.5261497054413679,-0.6936257475495572,0.0,-0.8552353489166891,-1.342975400291213,-0.3417431401021236,0.0041535239504154,-0.1046465654946756,-0.2206831960318404,0.1066745729064924,0.082279257587207,-0.7602338512529815,-0.6123690295900918,
EIX,Edison International,Utilities,Electric Utilities,-0.2445867550503545,-0.1000429424838389,0.1598524003929602,-0.2901012469177469,0.1691295613676262,0.2081431821892461,1.2116710437023397,,,0.2578520238931986,0.0834103731709019,0.4318398670940626,0.3228532568481207,0.3453056887316179,-0.1735521509169194,,,
EW,Edwards Lifesciences,Health Care,Health Care Equipment,-0.4467970183092331,0.1721899514501686,0.4720027030766204,-1.3682929435559086,-0.5854579525716135,-0.3654258010818075,-1.4224241054588245,,,-0.521202727356802,-0.2373639913058327,-0.3621929071591914,-0.6668854984779657,-0.8989531913184177,-0.3273119188549906,,,
ELV,Elevance Health,Health Care,Managed Health Care,0.68122997379728,0.027242133949199,-0.0875404742555115,,0.6463392221254961,-1.7547674606403625,-0.2452455354239353,,,1.211309905054344,0.3435335912779854,,1.0393793689621464,0.3791963829124554,0.2005465443369862,,,
EME,Emcor,Industrials,Construction & Engineering,2.166398244185689,-0.6638709198099455,-0.8561606776105384,-1.1839855938812776,-0.1353254013774343,,,,,-0.1579243108116871,-0.3425749891700065,-0.4730699490936154,-0.646864804047743,-0.784041805971847,-0.4948319238058911,,,
EMR,Emerson Electric,Industrials,Electrical Components & Equipment,-0.8596986803903794,0.1694861971317808,1.04698606719029,0.2803520856462454,0.2799949478477343,0.5949704258250327,-0.9309623139584512,,,-0.2043935837049323,0.0350063525697159,0.1547824152828284,0.2546671500724283,0.2980017198011407,0.6623843027060053,,,
ETR,Entergy,Utilities,Electric Utilities,-0.3534481243813007,-0.1782931817698833,-1.4857932397663745,-0.4521563669237868,-0.083911770794363,-0.0028254730613925,-0.0932054649001802,,,-0.2890108070141466,-0.2241010864892252,-0.0547730362904368,-0.0712759349383014,-0.1598117085973772,-1.466889525733592,,,
EOG,EOG Resources,Energy,Oil & Gas Exploration & Production,-0.2632563322863364,0.8591848250593629,0.8358590046980601,-0.7362794417700432,-0.586212574485135,0.3477873239312966,-1.414213562373095,-0.8242458711765308,-0.2954550742484847,-0.4115220152745788,-0.0325440910945377,-0.0980655000067854,-0.3265529420829891,-0.9598085148311868,-0.1295874971262507,-0.7769038182926309,-0.9184239344513128,
EQT,EQT Corporation,Energy,Oil & Gas Exploration & Production,-0.8747578498294218,-0.6256759766402892,0.1590894417437187,0.0776179188756398,-0.6544269740000406,0.560974265283413,-1.414213562373095,,,-0.6420152592023429,-0.6973481094839485,-0.6115180351991393,-0.451245109675194,-0.7427012904263303,-0.6033474155224416,,,
EFX,Equifax,Industrials,Research & Consulting Services,-0.655639610686984,-0.3034202383608536,-0.2506859335142682,0.7377253031048044,-0.5814102209155785,-0.1391224378794845,1.1304542383781189,,,-0.7274391329329258,-0.6066173982437773,-0.5463237527890654,-0.5955389236390056,-0.2409410112565223,-0.5529291729975299,,,
EQIX,Equinix,Real Estate,Data Center REITs,0.074022679776559,-0.060865389594329,-2.4118088987776747,-0.5165873629264682,0.1621519336567967,0.2448181212237222,0.2511009804759127,,,0.5290876305013493,0.8516730807982891,1.1048929126584508,0.4951677510223035,0.6596634457379741,-2.3358316410284767,,,
ERIE,Erie Indemnity,Financials,Insurance Brokers,4.999910997594503,-0.5688521239713193,-0.2837021126548935,,-0.5410199953984254,,,,,-0.4913455218482543,-0.4603933563963723,,-0.4889532435535202,,-0.1716411133109515,,,
ESS,Essex Property Trust,Real Estate,Multi-Family Residential REITs,-0.3325179224712733,-0.4657416420936518,0.3584784469565391,0.5654703283601468,-0.2571766736315868,-0.3269128205562259,0.2511009804759127,,,-0.5468161715761013,-0.7252942453423605,-0.8013564673299014,-0.7605431193215259,-0.6698513625501764,-0.4862085323136762,,,
EL,Estée Lauder Companies (The),Consumer Staples,Personal Care Products,-0.5018050056521035,-0.452190475241695,-0.0289429456972223,2.36791056622138,-0.2997644810636899,0.0495226827010151,-0.8481626288402713,,,-0.4002908005519544,-0.5045795675314406,-0.674706356597475,-0.5258024754424749,-0.6662442916007699,-0.4208131942543318,,,
EG,Everest Group,Financials,Reinsurance,0.0130241629280388,-0.5243866551006274,-0.425874898412833,,-0.5947094469607528,-0.6778766832359424,-0.9121932667690076,,,-0.3214051934896727,-0.3649667610551253,,-0.4186602958553276,-0.232730244196308,-0.1543060236667368,,,
EVRG,Evergy,Utilities,Electric Utilities,-0.3407019985886611,0.0850513358994079,-1.0930491072280102,0.1877681809740216,-1.156073566024496,,,,,-1.078189671594468,-0.5417487974416543,-0.8112273148629053,-0.8540621027226855,-0.7660762511238146,-0.2192953819134642,,,
ES,Eversource Energy,Utilities,Electric Utilities,0.5686159815693925,-0.0242601486628374,1.0797645264443507,-1.653533215958931,-0.2700621768891829,-2.138883107474108,-0.0932054649001802,,,0.3267842742046838,0.1662367360034169,0.4104210982112179,-0.286010555183961,-0.1778933434025869,0.9810627206521012,,,
EXC,Exelon,Utilities,Electric Utilities,-0.103674905099614,-0.8929218730822353,0.5670083097710299,0.6784050701084726,1.173373596139208,-1.004926585501926,1.2116710437023397,-1.6442516671805316,-1.4945743093271349,1.0107755177974806,-0.214714664837976,0.4451979731329001,0.7937525389628306,0.7217116367943791,0.2424132074369305,-1.7244700821744416,0.3017077707588522,
EXE,Expand Energy,Energy,Oil & Gas Exploration & Production,-0.5324442729089004,-0.2075218399582314,-0.4939403666353158,-0.4549126678003893,-0.651628620903265,,,-1.0231738933681935,-0.3817015252064306,-0.6010905221029775,-0.6151728478454735,-0.5690393367995119,-0.5743504396312473,-0.9595504482205928,-0.6143562532222246,-0.979697548547242,-1.045581126985833,
EXPE,Expedia Group,Consumer Discretionary,"Hotels, Resorts & Cruise Lines",-0.9400663633952068,0.9799533724014572,1.5862907140000764,0.0706609339599575,-0.4663323341470528,1.3591829099637402,-0.3004721488737856,,,-0.2855567585290156,-0.1032350374009554,-0.1424182316590461,-0.1929953720366594,-0.5123994097567977,0.3249765154680608,,,
EXPD,Expeditors International,Industrials,Air Freight & Logistics,3.513610523661388,-0.6916246867735067,-0.8777339736204206,-1.2961058896298612,-0.4985153556572661,-1.070855687965987,0.0997459622098339,,,-0.4303446782028956,-0.5077177223226546,-0.6605400506152997,-0.7881290429406075,-0.7918524593204612,-0.5944306270000053,,,
EXR,Extra Space Storage,Real Estate,Self-Storage REITs,-0.4654505975487853,0.6713976326353339,0.8441192232346897,0.3359461084608791,-0.0233913894185204,0.7403182707663435,0.2511009804759127,,,-0.3619650090359593,-0.0494559731415095,-0.1525332181001915,-0.038558761380733,0.0330053236695191,0.1806795378643639,,,
XOM,ExxonMobil,Energy,Integrated Oil & Gas,0.2350061129321381,-0.5735280976874852,-0.2941139995129838,-0.6418709915177148,1.3944399420638014,1.3995095679350709,1.414213562373095,,,3.2207325242175173,3.0898909490588657,3.170809875489366,3.4682508910581102,1.5142760809346003,2.561859295160034,,,
FFIV,"F5, Inc.",Information Technology,Communications Equipment,-0.595120280248788,0.1461821800767432,0.5978861464409428,-1.2100843747420216,-0.4516256711770358,0.1959526433873882,-0.3186847360652452,,,-0.4577441708984849,-0.2904561624870917,-0.3245974768714961,-0.458712762919461,-0.5392447358986688,-0.3623663537673545,,,
FDS,FactSet,Financials,Financial Exchanges & Data,1.4071517786162633,-0.0587569829915858,0.3951195344037052,-0.3790517423647677,-0.4512097471147319,-0.587687081603693,-0.9121932667690076,,,-0.5365988205271008,-0.4738934732997291,-0.8222387734552449,-0.4881916892384337,-0.2550627445048072,-0.1596516427491981,,,
FICO,Fair Isaac,Information Technology,Application Software,1.6332272994696315,0.2716450515537073,1.901693299210886,1.6601296815897906,-0.4758761844530852,,,,,-0.4671227382952039,-0.2873874723112961,-0.3130484073992498,-0.5023183292073452,-0.1174400879851164,-0.345933441212172,,,
FAST,Fastenal,Industrials,Trading Companies & Distributors,1.729496661178748,0.3268249212297127,-0.5604403529529876,-0.9985604021305164,-0.4701966607341722,0.072635118958357,0.0997459622098339,,,-0.6142216715538134,-0.3676753199123715,-0.5144374850043676,-0.783668204951383,-0.7248228437082589,-0.5564101997807838,,,
FRT,Federal Realty Investment Trust,Real Estate,Retail REITs,-0.3459469749799367,0.4775366898567301,-0.5190179403492439,0.0717595539697208,-0.3050003518692978,-0.3269128205562259,0.2511009804759127,,,-0.6240568558061995,-0.637310146269746,-0.8996902135482892,-0.9316324619051264,-0.8875371796929735,-0.8363465175628767,,,
FDX,FedEx,Industrials,Air Freight & Logistics,0.2000682787170998,-0.8383258739455239,-0.670921006932901,-0.425634684066785,3.802526798683424,-0.6332234038344481,0.0997459622098339,2.9583172863502005,0.7112015583885651,3.114651796911041,1.0909645569603927,1.6613498096310817,1.850347068672052,0.4385705300663581,1.1725722906266622,2.9933857138899223,0.9165427389283808,
FDXF,FedEx Freight,Industrials,Cargo Ground Transportation,0.9021923284383584,-0.93202174966832,,0.1139576204464472,-0.1968543420033852,,,,,-0.6550874384086212,-0.6833815953547718,-0.7736015484731155,-0.7575231207027915,-0.6049855423311362,,,,
FERG,Ferguson Enterprises,Industrials,Trading Companies & Distributors,1.7483118905673636,-0.6905172984631512,-1.48178429415534,-0.2950978631028056,-0.2737655177858239,,,,,0.4348861414380469,-0.0274621646411091,-0.1632968161812333,-0.3896073574197604,-0.3203097952838219,-0.9911034193396208,,,
FIS,Fidelity National Information Services,Financials,Transaction & Payment Processing Services,0.235403720798143,-1.098631497239761,-0.4349593887745142,1.1040884414568135,0.0152909385944612,-0.7906136852762548,-0.9121932667690076,,,-0.3562988174427561,-0.4476164240441696,-0.238357867575373,-0.4403214675829475,0.0599166006161892,-0.1620371373446116,,,
FITB,Fifth Third Bancorp,Financials,Regional Banks,-0.8362016668331391,0.2969286650575616,1.402094422895276,,-0.2648985584153758,-0.9484454881326916,0.2189263840245619,,,-0.3672971829664296,-0.3039874365327206,,-0.1332032078532234,0.0093495464089736,0.19240468973334,,,
FSLR,First Solar,Information Technology,Semiconductors,-1.116522413952935,0.3261829773735212,-2.962676288238209,-0.7346289000376567,-0.4388564327752312,,,,,-0.4483544507648399,-0.2677449521993649,-0.2940262432791613,-0.3990196062306427,-0.548129926892592,-0.4698290975493377,,,
FE,FirstEnergy,Utilities,Electric Utilities,0.3532109853471796,-0.7412113785226838,0.3209986709967281,0.4559097942723856,-0.2033179414493539,-0.2929073740310201,1.2116710437023397,-0.0236936681080292,0.3553243217973253,-0.0596852757099116,-0.409851053352878,-0.3496093361779337,-0.4115359827447631,-0.2276327131880303,0.111533141412822,-0.046949874221026,0.0422597279392608,
FISV,Fiserv,Financials,Transaction & Payment Processing Services,0.0541851501634066,-0.7129654929660013,-0.1503877470339459,0.5183834569893664,,,,-0.2745849763738513,-0.1645669789232544,-0.2309305437651676,-0.3478320748256893,0.2882681573895945,-0.3962099623428245,0.139556044351498,-0.0509767158566796,-0.2771786638925317,-0.2174453087322995,
FLEX,Flex Ltd.,Information Technology,Electronic Manufacturing Services,1.7208273812836026,-0.0878397574561107,-1.118644493866943,0.0144609936164537,0.8655378295001691,,,,,-0.1328937841427427,-0.2860283659180111,-0.3032747485814686,-0.3201078805783343,-0.3679706589659546,-0.375112958377723,,,
F,Ford Motor Company,Consumer Discretionary,Automobile Manufacturers,-0.7820199988283417,-1.91270340147133,-0.5815760558740747,-6.691158058807973,0.1522819038216852,0.4505647662965194,1.2770066327135872,-0.0807794791225497,-0.4667103670877334,1.295334474009466,-0.6048900150640852,-0.3223584331500738,1.625506382118875,4.884385613591405,0.557472046564323,-0.1939267843193301,0.3708685992499402,
FTNT,Fortinet,Information Technology,Systems Software,0.0803732687072189,0.208714975380361,1.450706855793579,-0.8432354776231273,-0.3691960054132256,0.6010979736342845,-0.3186847360652452,,,-0.399630894471402,-0.2482789421631442,-0.2816703832490146,-0.4220377019251449,-0.6076557930066286,-0.2369267698453539,,,
FTV,Fortive,Industrials,Industrial Machinery & Supplies & Components,-1.0219572736439275,0.1220984115933257,0.9579389652244464,0.6107346567235448,-0.6583213966980171,1.498469334999823,-0.9309623139584512,,,-0.8268918039434363,-0.6385724474323915,-0.691026299713726,-0.6058563167561475,-0.4476727873873886,-0.4643805541985075,,,
FOXA,Fox Corporation (Class A),Communication Services,Broadcasting,0.8235293272421351,-0.2677768830621957,0.4982310687499569,-0.4099084902238225,-0.7741403442498216,,,,,-0.524832819414866,-0.3458834810560552,-0.3892178057859219,-0.6011608313727267,-0.697267583476769,-0.024165642072759,,,
FOX,Fox Corporation (Class B),Communication Services,Broadcasting,0.8235293272421351,-0.2677768830621957,0.4982310687499569,-0.4099084902238225,-0.7741403442498216,,,,,-0.524832819414866,-0.3458834810560552,-0.3892178057859219,-0.6011608313727267,-0.697267583476769,-0.024165642072759,,,
BEN,Franklin Resources,Financials,Asset Management & Custody Banks,0.0484340897967153,-1.065400472886802,-0.0176454870501921,1.9841845858602212,-0.489863768028603,-0.6102344820117549,0.2189263840245619,,,-0.422982955076172,-0.4626092744949261,-0.6635135651799123,-0.4497518309788987,-0.077875770266541,-0.1132419160161788,,,
FCX,Freeport-McMoRan,Materials,Copper,-0.7442258691533716,0.3192400171446429,0.2792083598179061,-0.446313144489833,-0.2076972188711669,1.0177283443512912,2.449489742783178,,,0.4983347362427275,0.6347305063082272,1.2302384172092635,1.3230052129091532,-0.3526301378368137,0.6081975510331411,,,
GRMN,Garmin,Consumer Discretionary,Consumer Electronics,-0.7218949287251522,1.7881023317502556,0.2299018678157599,0.0427370065211289,-0.4380297219524046,0.1535165270206975,-1.8779509304611584,,,-0.3679750335618102,-0.1796959012980188,-0.2179694643515766,-0.318051377240903,-0.5560401080519899,-0.0160244080662292,,,
IT,Gartner,Information Technology,IT Consulting & Other Services,0.5646770605579748,0.0600268601643832,0.0263376228154774,0.1307257448188185,-0.3341173987661934,0.6010979736342845,-0.3186847360652452,,,-0.4179055137170444,-0.283326892982559,-0.3095274973259946,-0.4553948201954549,-0.3598607863056178,-0.3444642286616881,,,
GE,GE Aerospace,Industrials,Aerospace & Defense,-0.9438510618575214,0.5342211182188892,0.5563476346426327,-0.5614418995208538,0.0646436556569061,2.303148050983621,1.1304542383781189,,,1.192691426760965,2.01958309165208,1.6637001487798309,2.658608495119903,0.190806048843788,2.335452800407434,-0.3501402344661425,1.95137967802386,
GEHC,GE HealthCare,Health Care,Health Care Equipment,-0.3784225972720378,0.1284740848770789,-0.1232162841185062,0.0784810133054141,-0.0012962553272928,,,,,-0.3948896051817501,-0.0860385298203585,-0.2245364148464165,-0.312525750893149,-0.3315747639499773,-0.5894664101808811,,,
GEV,GE Vernova,Industrials,Heavy Electrical Equipment,-0.6900978821261534,-0.8830375780256512,2.669156970459401,-2.747064025437039,0.3876705939431484,,,,,0.8227729885915875,-0.0250595293637696,-0.1045383374625027,1.3401874204561235,-1.7348910267486926,4.778698473903801,,,
GEN,Gen Digital,Information Technology,Systems Software,-1.0454647092053055,0.0561246479840848,0.5833098232642786,1.5573331224657367,-0.4756553907055036,0.1509364955821767,0.7648433665565884,,,-0.4346072531391319,-0.2897365607858763,-0.2975038308290072,-0.3784949363030269,0.0269421368836928,-0.3350085649393599,,,
GNRC,Generac,Industrials,Heavy Electrical Equipment,-0.1816145417727751,-0.135680078500306,-0.8258061698296815,-0.4346913541829132,-0.6675507377919098,,,,,-0.8142463300610954,-0.655458168161533,-0.7368555627751872,-0.7702046538801914,-0.6543240472337355,-0.707268110179182,,,
GD,General Dynamics,Industrials,Aerospace & Defense,0.0573310218848996,-0.6156809680471904,-0.2823149827132744,-0.7457185636905143,0.98757776504617,1.5549380168232485,1.1304542383781189,,,1.315667877239733,0.5659887488617286,0.3772811880310884,0.7597074810928277,-0.4430923479236444,1.0148382645104677,,,
GIS,General Mills,Consumer Staples,Packaged Foods & Meats,-0.6351946263347534,-2.333862881896929,-0.4029462060195324,-2.520606024608305,-0.3213481693598363,-0.7676015818657373,-0.8481626288402713,-0.8812643650660681,-0.5178861081779221,-0.3709242769315074,-1.514639620524327,-1.5047868895563177,-0.3375749874635232,0.0646085107157236,-0.4537273786873523,-0.6918596400171165,-0.9702837175922362,
GM,General Motors,Consumer Discretionary,Automobile Manufacturers,-0.7765625927376805,-1.228228389108697,-0.7328321474286859,0.3295190269080226,0.0997199097459101,1.516443742521528,2.85448541430096,0.3668700582790884,-0.3744272207881552,1.285629359692252,-0.0060891528376192,0.2640703936164326,1.6057309643610878,3.574311635329948,0.2624338579801774,-0.1007236195580757,1.648850418970258,
GPC,Genuine Parts Company,Consumer Discretionary,Distributors,0.2985376782633733,-1.1325601491963202,-0.5470031682721499,0.1837436822570444,-0.2682140487845157,-1.069623281762099,-0.3004721488737856,,,-0.2056890234836525,-0.2512157480500083,-0.2400003130673769,-0.2497386040618193,-0.308477798868081,-0.0103884308716281,,,
GILD,Gilead Sciences,Health Care,Biotechnology,-0.3127115423209788,-1.7841243588312656,0.663450982546651,-1.1977055262879557,-0.5700852763283418,0.4836163242039756,-0.2452455354239353,,,-0.3056918501755004,-5.345561642625774,-3.718998161402927,-0.1288805536538589,0.5044338369032967,1.1168195923561044,,,
GPN,Global Payments,Financials,Transaction & Payment Processing Services,-0.1603820626889341,-1.5953613907191675,-0.2920168685435473,0.7211145983034858,-0.2529327994354843,-0.0240020714021316,-0.9121932667690076,,,-0.3599786217744237,-0.5025555196900182,-0.1731519906660742,-0.4169730883479258,0.0226982057640004,-0.1339442030176341,,,
GL,Globe Life,Financials,Life & Health Insurance,-0.1856082255583922,-0.2401595702581681,-0.1506811520552337,,-0.5853067148109253,-0.1367390734424438,0.2189263840245619,,,-0.4726503953847757,-0.4333172764050254,,-0.4553652910701928,-0.2292396833919527,-0.153180997951343,,,
GDDY,GoDaddy,Information Technology,Internet Services & Infrastructure,-0.2062254977796483,0.0832805140058539,0.6709686227425241,0.651211812285331,-0.4577618974119087,,,,,-0.4364742311267337,-0.287077255323493,-0.3139468823969358,-0.4480880114197684,-0.2886916471302379,-0.3336534393163284,,,
GS,Goldman Sachs,Financials,Investment Banking & Brokerage,-0.8546099928394906,0.884413169568683,0.0694979867488732,,0.0480738399092323,1.0131783473687417,0.2189263840245619,,,0.7540778352181199,1.1643039849220391,,2.058616892282372,4.382625666665763,0.6356056488438155,,,
HAL,Halliburton,Energy,Oil & Gas Equipment & Services,0.0970512881220338,-0.8201240441250859,-0.5635837487818599,0.0598005135550176,0.961967190743942,-0.8744844731541711,0.0,,,-0.5067515868291412,-0.6119977592528254,-0.6208909427982389,-0.5947462864372602,-0.779678020636494,-0.5669642546875181,,,
HIG,Hartford (The),Financials,Property & Casualty Insurance,0.3116770647542745,-0.2271315279297895,-0.1884692496724967,,-0.354261767135686,-0.9935402889488164,-0.9121932667690076,,,-0.1093593248517046,-0.1787530386499309,,-0.3876982888058709,-0.2037719279455113,-0.016038029043207,,,
HAS,Hasbro,Consumer Discretionary,Leisure Products,-0.6319680530598473,0.1998235405264937,0.720634876666686,0.1819132822717132,-0.5127486181462758,-2.2228693871858782,-0.3004721488737856,,,-0.3996960918730208,-0.2663809714065021,-0.2613387630181615,-0.356245735382572,-0.3748192434296189,-0.034507802788382,,,
HCA,HCA Healthcare,Health Care,Health Care Facilities,0.3541061734447184,0.0997424119269455,-0.0463614263374114,0.5262453115068679,2.7042947634885075,1.6028082166261448,0.9319330346109536,,,0.1361018929343699,0.4558027170578405,0.8194493346600537,0.0816232841853008,1.928308712919788,-0.0641432902319012,,,
DOC,Healthpeak Properties,Real Estate,Health Care REITs,-0.368907756340999,-0.9039818266902304,0.4138497778894137,0.0095291703856338,-0.3016192317606549,,,,,-0.4045024662518958,-0.7618053749230961,-0.4905884403112322,-0.3691934994421197,-0.4757343643182805,-0.1367841469278291,,,
HSIC,Henry Schein,Health Care,Health Care Distributors,0.2881429698343827,0.0248668783206252,-0.0424793414981526,0.5800988486149258,-0.4471038663821691,-1.272357162182531,-0.2452455354239353,,,-0.4601614577889539,-0.3077224815721063,-0.4635989496682564,-0.7045679287236408,-0.5931016689800754,-0.5245616231601578,,,
HSY,Hershey Company (The),Consumer Staples,Packaged Foods & Meats,-0.4308365060411737,0.4624177604424236,-0.0186200550771116,-0.3111943930028185,-0.3551490397104052,0.1423777127654188,0.7421423002352378,-0.8720989682657571,-0.3183640367446492,-0.4253863569176654,-0.1983075128244454,-0.4338269613887033,-0.6320600100442455,-0.592504598638041,-0.4755820531001696,-0.8085672645104512,-0.8284474921892433,
HPE,Hewlett Packard Enterprise,Information Technology,"Technology Hardware, Storage & Peripherals",-0.3832351976285848,0.0167911897850086,-0.8569807552452562,0.4922591694037712,0.1048481706445433,-1.244564086379357,0.7648433665565884,,,0.0997906303120527,-0.1493548979309824,-0.1546126560567948,0.2398836813098645,0.4309377378127763,-0.2496722757052173,0.4940203234798274,,
HLT,Hilton Worldwide,Consumer Discretionary,"Hotels, Resorts & Cruise Lines",-0.5661733459353518,0.2383788137049867,0.1775028693493849,0.2309491860151344,0.2048438978974604,-0.3881596740116834,-0.3004721488737856,-0.0387744369254043,1.1770460454802536,-0.3205670598066691,-0.1933281762465787,-0.1892583356554219,-0.279024466212076,-0.0105576177334796,0.0380960648171173,-0.3393027719972952,0.9512093582294664,
HD,Home Depot (The),Consumer Discretionary,Home Improvement Retail,1.2708798662721754,-0.3213354081931733,-0.1273762725907948,0.1504026576856897,1.3692942281915557,-1.2618309659993954,-0.3004721488737856,,,1.2796984564983989,0.7813157803560733,0.6331101238651061,0.3765352412866729,1.437898359438616,1.4232119847254048,,,
HONA,Honeywell Aerospace,Industrials,Aerospace & Defense,0.0509877598070654,-0.952548210614893,-0.4347387201328211,2.597833121883256,-0.3506766935682626,,,,,-0.2622551575897146,-0.5320155728823881,-0.3959803919074066,-0.3876946455005519,0.6670187530075854,-0.2883711374702296,,,
HON,Honeywell Technologies,Industrials,Industrial Conglomerates,-0.7809147625342664,5.448590698175437,-0.4363968414176651,-0.539072844055183,0.7414620025423662,0.6232047667367453,1.1304542383781189,,,0.5944588010405235,5.998347110926166,5.483001265497322,1.2429766499740018,1.6658223062186022,0.2696809687201691,,,
HRL,Hormel Foods,Consumer Staples,Packaged Foods & Meats,-0.3270619161255969,-0.2092971501870154,-0.6179526679556558,0.4697989800184999,-0.3484974628141085,0.8852179532806486,0.7421423002352378,-0.4597155485578029,0.5010507929785055,-0.4201852903533508,-0.4108434960244265,-0.6690463004433764,-0.6445606265379713,-0.8074729565494722,-0.5656384728488585,-0.4527039791043558,-0.6366528161184939,
HST,Host Hotels & Resorts,Real Estate,Hotel & Resort REITs,1.0100399137765943,-0.3415843342296364,-0.5885229189215292,-1.767559390013437,-0.3102986019364494,0.0542411406304061,0.2511009804759127,,,0.0329314709984914,-0.0645124603192972,-0.3523374949928267,-0.7447363584466945,-1.05597405048951,-0.0840836623197525,,,
HWM,Howmet Aerospace,Industrials,Aerospace & Defense,-0.2672387662502302,0.9217915644143108,0.3309315065954143,-0.2008411861313742,-0.4209735082334115,,,,,-0.5878295405596434,-0.186036092945511,-0.3301708957424283,-0.5598387182293096,-0.3708954419711008,-0.254648690507457,,,
HPQ,HP Inc.,Information Technology,"Technology Hardware, Storage & Peripherals",1.7655047026604282,-0.0779843063267534,-0.7098811965016227,0.2457271449367107,-0.0055487031462738,-1.1095156429637243,0.7648433665565884,-0.4854315664443907,-0.3879697335218894,0.269980413181861,-0.242483563326795,-0.2500360003017193,-0.104969416677546,-0.1390713559571108,-0.130274720811095,-0.3207798269508267,-0.4211009648026213,
HUBB,Hubbell Incorporated,Industrials,Industrial Machinery & Supplies & Components,-0.6354805447770719,0.0861195547024886,-0.2175609674463987,1.04064027437911,-0.5137283862270325,-0.6473405742903039,-1.961670590126736,,,-0.7255104138034331,-0.5387429516589385,-0.6228664643999985,-0.5993530962308389,-0.2699153986785365,-0.544226606039395,,,
HUM,Humana,Health Care,Managed Health Care,1.98097616626341,0.0114192386146926,-0.0642181077376516,,0.1994708964098341,0.3871342645124093,-0.2452455354239353,,,0.869770314641813,-0.0222925007758645,,-0.0101386854487914,-0.3682296285326625,0.3060168232456617,,,
HBAN,Huntington Bancshares,Financials,Regional Banks,-0.847592810989631,0.3481138213408442,0.2823559329635939,,-0.2599811232181601,0.1789245322704309,0.2189263840245619,,,-0.3916507066259925,-0.3226340068412245,,-0.1526276216343281,-0.1784150680207844,-0.0447323548091653,,,
HII,Huntington Ingalls Industries,Industrials,Aerospace & Defense,0.3294205444487312,-0.8746375809711988,-1.6646930708938754,0.2246920768096008,-0.1199431662209466,,,,,-0.4442471164751836,-0.5776656431518371,-0.6623521620989854,-0.5758436164944507,-0.4902354931350404,-0.9388880175908116,,,
IBM,IBM,Information Technology,IT Consulting & Other Services,-0.7461375079737002,0.0168540340642852,-0.5344755090181202,1.4605970357405087,1.9199567705552287,-0.4792895736907738,0.7648433665565884,,,0.3429399476973532,-0.0831371324333909,0.0068104799486738,0.863276523939013,3.003579201527769,-0.0083134147382646,,,
IEX,IDEX Corporation,Industrials,Industrial Machinery & Supplies & Components,-0.7254713357402547,0.2712022921220789,0.3670801395938865,-0.2289870959137444,-0.6783183024014512,0.722024959927738,-1.961670590126736,,,-0.8559379843380193,-0.6552707626099006,-0.7449274108583749,-0.7376365423663157,-0.629121302678715,-0.5831705931770486,,,
IDXX,Idexx Laboratories,Health Care,Health Care Equipment,0.4925138716839568,0.3557145354190495,0.3385269462896251,-0.7086192809665172,-0.6623213337879714,-0.3461293891434946,-1.4224241054588245,,,-0.5398462668911194,-0.1914516274614879,-0.3940711990536491,-0.824896230121928,-0.7337824283340117,-0.4613686998971059,,,
ITW,Illinois Tool Works,Industrials,Industrial Machinery & Supplies & Components,0.2618512785029933,0.6783193121647302,-0.0248684818191735,0.1503886911453856,-0.150707636533922,0.1573381416934938,0.0997459622098339,-0.3115625683057949,0.0293790250981009,-0.2986865189245775,0.1515341635206779,0.0403992433770328,-0.4686192365529434,0.0992928846099016,-0.0892999183028944,-0.5188398517855055,1.7676863167853094,
INCY,Incyte,Health Care,Biotechnology,-0.0877956803318985,0.4501645459312027,0.3980112849240209,-1.5044881475103178,-0.7877008812280946,0.8309517390936144,-1.4224241054588245,,,-0.5235832657677121,-0.0738578053898788,-0.288613335630783,-0.7577448995613806,-0.9957002630486516,-0.3728218371354354,,,
IR,Ingersoll Rand,Industrials,Industrial Machinery & Supplies & Components,-0.8816505612791586,-0.0961176242168141,-0.1579031889867748,0.1162489071784716,-0.4891168099766521,,,-0.6004943334569737,-0.5636886514705872,-0.6699567089624883,-0.5190413423847552,-0.5344937124070276,-0.420798625761087,-0.4048518940290455,-0.4831998552454741,-0.5106351100665203,-0.9702310002717632,
PODD,Insulet Corporation,Health Care,Health Care Equipment,0.0797851569783292,0.1452391848938173,-0.0294772183267289,-0.5954739990312694,-0.7484083207502923,,,,,-0.5545958924733306,-0.3072467649374459,-0.4993393087148786,-0.8290983493243574,-0.7536888522237639,-0.598035870342211,,,
INTC,Intel,Information Technology,Semiconductors,-1.108001746141306,-0.8980704548540028,0.3170436385177014,-1.131683679562099,0.2713634552790259,0.6010979736342845,1.8483714691784217,0.9392038929361608,0.9493470861797864,0.2921384940347142,-1.48144444289293,-0.9350683216784008,1.321381945569472,1.921716196510495,0.401154273518265,-0.0622275448132343,0.2471563091155345,
IBKR,Interactive Brokers,Financials,Investment Banking & Brokerage,-0.813034810583892,-0.8234192622086236,4.481930173337727,-1.3013524960063576,-0.5917142818860851,,,,,-0.3812415392553729,-0.4272059889767531,0.6948955721795459,-0.1966131968023953,-0.3984624199254035,0.7240674303502673,,,
ICE,Intercontinental Exchange,Financials,Financial Exchanges & Data,-0.6729897249155394,0.4177650136871615,0.5745501056739358,0.210252978547638,-0.4507478062325692,-0.2720234758908181,-0.9121932667690076,,,-0.3409796654633537,-0.264426469797111,0.2093053413676926,-0.2842389389408908,0.0330116033567264,0.0606784066833965,,,
IFF,International Flavors & Fragrances,Materials,Specialty Chemicals,-1.2993286690900714,-0.4374917569778535,0.341769495048083,0.398239350465613,-0.497373636362957,-0.2840709221373883,1.224744871391589,-0.6927610190172941,-0.2935350234987081,-1.1329000443090476,-0.6766898934294618,-0.7492183068590987,-0.467932349584705,-0.3821879385208687,-0.155344186041906,-0.6997338270393093,-0.3357893815109459,
IP,International Paper,Materials,Paper & Plastic Packaging Products & Materials,-0.0960262113216387,-0.6199705989212804,-0.4883016388166988,0.3159180660769043,1.0901303785367171,-0.0207856772295654,1.224744871391589,-0.2179246355498117,-0.1888663647905407,0.1688735244071473,-0.7637434959816425,-0.5129318060131005,0.1208967156647002,0.1822652893149762,-0.4919966792068132,-0.1275620492599999,-0.12373737669912,
INTU,Intuit,Information Technology,Application Software,-0.6858466401020988,-0.0314522663361488,0.3924632136033474,0.1377042438040245,-0.3404192203117526,0.0383961260691498,0.7648433665565884,,,-0.2863298961238082,-0.2740561939160466,-0.2765334536440068,-0.1860979393997459,-0.2669244524572283,-0.1833809952271923,,,
ISRG,Intuitive Surgical,Health Care,Health Care Equipment,-0.3932350787026491,0.3618955709913197,0.4570680210938154,,-0.5697624501272331,0.116984497376024,-1.4224241054588245,,,-0.480272725228984,0.0367439335854915,-0.1442821357312611,-0.5606407799199594,,-0.1430431719539681,,,
IVZ,Invesco,Financials,Asset Management & Custody Banks,0.0708596887022358,-0.0126701194601315,0.3400811341714209,0.7962643826641828,-0.5300228221391976,0.4043985363510555,0.2189263840245619,,,-0.4578634857369653,-0.4094917471836745,-0.6423739136464898,-0.4602698703972064,-0.1482638712131175,-0.0927990673487214,,,
INVH,Invitation Homes,Real Estate,Single-Family Residential REITs,-0.2917614930505244,0.7545545788570351,0.2969315707003236,-0.3206153745182267,-0.2558172542064624,,,,,-0.4166061579845802,-0.1332377335751136,-0.3565070738152742,-0.5132125752829314,-0.4707256837591383,-0.2168258446749187,,,
IQV,IQVIA,Health Care,Life Sciences Tools & Services,-0.3617535659022558,0.0662913078840378,0.0049243349880669,1.2103441751203723,0.6136107944035709,-0.2689437413902412,-0.2452455354239353,,,-0.4278099404291742,-0.230656386757121,-0.284727124182783,-0.4241588705421563,0.0058721409051673,-0.4414023647898559,,,
IRM,Iron Mountain,Real Estate,Other Specialized REITs,0.5199997313157086,-1.0405244559662692,-1.7412391750445528,1.105635235170141,0.7088476840068392,0.4735104979357013,1.883257353569345,1.4834126202205251,1.241690154064857,0.2289066057482385,-0.5777656578784344,-0.0992280935906287,-0.3569207527170605,0.4853456146168909,-1.23870084899696,1.4440697101935962,1.475110096838285,
JBHT,J.B. Hunt,Industrials,Cargo Ground Transportation,1.64488311978671,-0.9840222388654604,-0.6635584236236822,-0.6229834065151035,-0.323757782044409,-1.3249647561713969,-0.9309623139584512,,,-0.4315050417885793,-0.6100603745962045,-0.599627877789932,-0.7090927486023381,-0.6383419472568262,-0.5001437531129628,,,
JBL,Jabil,Information Technology,Electronic Manufacturing Services,2.031308269491,-0.090110456492939,-1.049729528685516,0.0960018292168774,0.730430455459174,,,,,-0.0703008905584079,-0.2833796552981075,-0.2940087679648405,-0.3041005814792485,-0.3265934358263013,-0.3494754465906415,,,
JKHY,Jack Henry & Associates,Financials,Transaction & Payment Processing Services,2.320286394436411,-0.295345842625122,0.2964895508024741,-0.9451287197366902,-0.5315874606110389,-0.5200448803795055,-2.0433129175625773,,,-0.5352171508581893,-0.4777969060112025,-0.8381867752738416,-0.4894465356324432,-0.2725590267414162,-0.1622100466755225,,,
J,Jacobs Solutions,Industrials,Construction & Engineering,0.9283550265739908,-1.204890741149509,-0.3774586902018004,0.1105890546261563,-0.0891786959079711,-0.2520598015263334,1.1304542383781189,,,-0.3357096838213959,-0.6634961844818721,-0.6677673434977036,-0.602236171911648,-0.5173488260091759,-0.3068706191814848,,,
JNJ,Johnson & Johnson,Health Care,Pharmaceuticals,-0.4454233812858572,0.2772588357955466,0.3839862360281657,-0.5265202676917426,1.2930830843561754,0.6765804435871082,2.1091116046458422,1.2617221762881483,-0.1048833290354445,0.3167015722614917,2.2801760109804863,2.5027488330499645,2.170458566187926,0.8125013124186831,3.0751187132469924,0.4025617207110198,1.262969930355864,
JCI,Johnson Controls,Industrials,Building Products,-0.4337057229948266,-0.2421583292449872,0.266074847745461,0.2763529070967147,0.526110710351538,-1.3814334379948214,1.1304542383781189,-0.4511448631331774,-0.4141018323567786,0.0826064166751416,0.0722471993684769,-0.0536143225729361,0.1576532764055189,0.0972847587489699,0.5231432313758474,-0.3936019114725775,-0.6259705314996148,
JPM,JPMorgan Chase,Financials,Diversified Banks,-0.8386679971321197,1.4572210182703156,-1.7854379462736003,,4.136399660236781,1.869979562875115,1.3500460348181316,,,2.8826543628176555,4.824827321025231,,5.521523568386532,3.3633483416581185,-3.956378525287733,,,
KVUE,Kenvue,Consumer Staples,Personal Care Products,-0.6602753448970409,0.2344442514801653,0.3767163414351417,0.1383062335938304,-0.3436648885792481,,,,,-0.3904880122886666,-0.1991964340085635,-0.4076061611266154,-0.3978113812439874,-0.3856016058187309,-0.3067030426485637,,,
KDP,Keurig Dr Pepper,Consumer Staples,Soft Drinks & Non-alcoholic Beverages,-0.947455161838585,-0.2125086609719539,-0.2264114990242373,2.292829436972262,-0.267049582451292,,,,,-0.290248524986632,-0.3668368254879052,-0.2129534106269875,0.7197291004971161,1.276272670206128,-0.2562422720892291,,,
KEY,KeyCorp,Financials,Regional Banks,-0.8476996667771237,0.4269426906712141,-0.3082091732657012,,-0.3796983182921925,0.0887349306381806,-0.9121932667690076,,,-0.4523381163905484,-0.3775657950473576,,-0.2637663072266739,-0.0622069908207666,-0.1627805136597918,,,
KEYS,Keysight Technologies,Information Technology,Electronic Equipment & Instruments,-0.2876871063496847,0.117249930392632,-0.0168585575270465,-0.3476122700931621,-0.3588186992768888,-1.942314377360124,-0.3186847360652452,,,-0.4095504433055285,-0.2704539474729776,-0.2943338900917397,-0.4123750810135989,-0.4449852770353396,-0.3399529422125827,,,
KMB,Kimberly-Clark,Consumer Staples,Household Products,-0.3137834652995819,0.0808807917783897,0.1264517344764098,-0.150487229366195,-0.3050585932872731,0.6066528630874375,-0.8481626288402713,1.5200483693632574,2.9974654358014257,-0.3834945596861991,-0.2584578462831079,-0.4291015568873105,-0.5479756063462141,-0.5281290113717092,-0.345695456262595,0.5937377443253112,1.0149208515668395,
KIM,Kimco Realty,Real Estate,Retail REITs,-0.4954815005829268,0.6477707274248414,1.0915885071346545,0.5078712785624883,-0.2911970161680343,-0.898643762336174,-1.38105539261752,-0.388916318179509,0.3793586521293607,-0.51571095821405,-0.381414224388672,-0.6656784128699426,-0.4426837207518516,-0.5158680311039489,-0.1765717520297831,-0.6703959068563097,-0.2614489491613907,
KMI,Kinder Morgan,Energy,Oil & Gas Storage & Transportation,-0.7782494268179385,-0.0796379272493776,0.1182094881277623,2.2494714335875328,-0.308993906664304,-1.812507015103484,0.0,-1.1096049241218746,-1.1656721843365248,-0.5491253206467649,-0.5238890508068391,-0.4955018044313442,-0.1479827647109982,1.5375020758880709,-0.4929261525590007,-1.0783445425515774,-1.0357149014763247,
KKR,KKR & Co.,Financials,Asset Management & Custody Banks,-0.7880581812375175,-0.6718585292070448,0.7851326652483346,0.8334929271528755,-0.5652197370962383,,,,,-0.2070130267388647,-0.3293160305093449,0.3774078503614687,0.0038605661485089,0.2631112554185229,0.2789274484592756,,,
KLAC,KLA Corporation,Information Technology,Semiconductor Materials & Equipment,0.2457742681647378,0.2952230286906138,0.0127142620651464,-0.0243222456595175,-0.3551388034838615,0.218460717289993,-1.402212838687079,-0.6147993200943973,-0.4844397283764176,-0.320546886060581,-0.1681015181628373,-0.2039283994728462,-0.3574958442469672,-0.1865937905583905,-0.2641131535945435,-0.3292538434416727,-0.5325250947950562,
KHC,Kraft Heinz,Consumer Staples,Packaged Foods & Meats,-0.9372770535156812,-4.368109638914902,0.2251493373066036,1.0468616828570845,-0.3077735226327002,1.5723451757572366,0.7421423002352378,,,-0.3215397424002367,-3.357669542262656,-0.273857031948957,0.4525869256850141,0.3401930099657,-0.152453641734234,,,
KR,Kroger,Consumer Staples,Food Retail,2.763383800378959,-0.2118054669104396,-1.0955698217017344,-0.5136276594550001,0.6831756884482337,-0.730459569839976,0.7421423002352378,,,0.869708237436316,0.0394508748808176,0.2722852455264815,0.0345830266197399,0.0189745287940624,-0.3887017948074825,,,
LHX,L3Harris,Industrials,Aerospace & Defense,-0.6936546270225932,-0.4063642437855709,-0.1591714297076437,0.3876101467651657,-0.1199431662209466,,,,,-0.0382270125486344,-0.123567575734686,-0.0614487864021002,0.2752006750874599,0.1588672851508746,0.0629950034644658,,,
LH,Labcorp,Health Care,Health Care Services,-0.1344185390786727,0.0945653169023267,0.0080795608929856,0.1777427594927763,0.2600392408083242,-0.153165269760362,-0.2452455354239353,,,-0.4504524474692222,-0.2103432864571218,-0.3403270167053588,-0.5961739126277894,-0.459161461534527,-0.4647782294902883,,,
LRCX,Lam Research,Information Technology,Semiconductor Materials & Equipment,1.1398520154272094,0.2569420783080963,-0.1885322389211276,-0.4798710071035873,-0.2971804447436825,-0.5918299432038008,-0.3186847360652452,,,-0.1699759957184881,-0.07124103140043,-0.1236458301165554,-0.3067328858086994,-0.5702275716754014,-0.1814715499743073,,,
LVS,Las Vegas Sands,Consumer Discretionary,Casinos & Gaming,-0.8640400849840022,-0.1945593092088417,0.0064425941863447,0.2098202315797026,-0.3652515763090237,-0.1959519897743871,-0.3004721488737856,,,-0.3272887500930359,-0.2242692542339645,-0.1766207828445185,-0.2578876715415974,-0.0274224532916858,0.0081843590620427,,,
LDOS,Leidos,Industrials,Diversified Support Services,0.4997300941655695,-0.6716836259747803,0.1493488225617337,0.4537025822588453,-0.0430319904385079,-0.929683983407426,0.0997459622098339,,,-0.2563206371912754,-0.4022732679060592,-0.473541583816131,-0.492865672940556,-0.2422797618304768,0.0521167947667972,,,
LEN,Lennar,Consumer Discretionary,Homebuilding,-0.2737788786744451,-1.0877965467976605,-1.2498062720979168,0.1760296295488439,-0.4803542568743442,0.9747675414891463,-0.3004721488737856,,,-0.1552612135465406,-0.23364895102267,-0.242343593616562,-0.1600922038002971,-0.3273177024227087,-0.2128356141024345,,,
LII,Lennox International,Industrials,Building Products,0.8734422906855629,0.4922276268356311,-0.5282459998221812,-0.4201069759396304,-0.7290796784178607,,,,,-0.7529575706462145,-0.5043852671929847,-0.641277454398534,-0.8047221001209052,-0.6083228562619226,-0.6274449025765597,,,
LLY,Lilly (Eli),Health Care,Pharmaceuticals,-0.2987380053041186,0.3961333457053062,0.2118855622109374,-0.484585233414491,-0.0627869603003792,0.7344696794020481,-0.2452455354239353,1.0836286919668248,-0.0887773431383854,0.2336541606653979,3.022769677685375,3.864351093969804,1.2795459379829908,1.7757467235127629,1.6451851241966806,0.6516766815991548,0.8813202916122764,
LIN,Linde plc,Materials,Industrial Gases,-0.918311317676039,0.7661624486282518,0.0263787767872417,-0.1727007728964749,1.1691927287508097,,,1.7354278530648717,1.7062678735137882,1.2247565301436163,1.9601918096833648,2.141501828019113,2.8056713082349627,2.6382498188809973,0.4797837134341559,0.945059653760284,2.6807476163928863,
LYV,Live Nation Entertainment,Communication Services,Movies & Entertainment,2.4352397463289503,-0.5132310090390441,-0.7049018204903766,-0.7408853784798611,-0.6703418278491426,,,,,-0.4217695308693046,-0.3585869855569257,-0.397099159089761,-0.5798654950726675,-0.7467853841643334,-0.2451327792243484,,,
LMT,Lockheed Martin,Industrials,Aerospace & Defense,0.728838989494337,-0.504527442304637,-0.0362086020417052,-0.0504562490200732,1.0798711759850963,0.8490794940304427,1.1304542383781189,-0.4410111861368692,-0.574408225032439,2.299644328858723,1.3780794726024537,1.2837286530653729,0.8240364834344402,0.8539657081562247,2.397458589984146,-0.4465412077769033,-0.0649771829416916,
L,Loews Corporation,Financials,Multi-line Insurance,-0.145719092066134,-0.8876956619640236,-0.2325192311590943,,-0.4451598116902787,-1.038635089764942,0.2189263840245619,,,-0.2739420089381053,-0.3939445392372597,,-0.3886037859906532,-0.1356701813996027,-0.0921597637176664,,,
LOW,Lowe's,Consumer Discretionary,Home Improvement Retail,1.4769054530429335,-0.410943372378193,0.091786765152916,0.1707182569338656,0.6819450748929577,-1.4016183727174292,-0.3004721488737856,,,0.4923261264296092,0.242804518619734,0.1936942967703928,-0.0028280345451342,0.8195085073969803,0.9497232788524612,,,
LULU,Lululemon Athletica,Consumer Discretionary,"Apparel, Accessories & Luxury Goods",0.101870043757548,0.1384355706919004,-0.1360285176136177,0.0933135329911452,-0.373338036936066,-0.5104736548899635,-0.3004721488737856,-0.6347424285418125,-0.575785819056142,-0.353829326216321,-0.2280861547148055,-0.2258973838346662,-0.3388925900397184,-0.4465817538603421,-0.0332290773673526,-0.483057093846904,-0.6914393277762219,
LITE,Lumentum,Information Technology,Communications Equipment,-0.4747506756384675,-8.161965386766072,-0.1521296467643686,-0.3738607553476362,-0.3849735586258299,,,,,-0.4508057437315614,-1.071286305979609,-0.9437734666261278,-0.4543589777695013,-0.4773616926414127,-0.3778232096237859,,,
LYB,LyondellBasell,Materials,Specialty Chemicals,1.3157410713691342,-0.2045536637309963,-0.1841200356114717,-0.0807747598330104,-0.5950911478635209,-0.5766100831460803,0.0,0.639587845336485,0.4168696214335163,1.1887568660210943,0.0365880113529214,0.1112212150895362,0.0152732033885027,0.4827136155864212,0.073718335080608,0.7680404590795842,0.4668658435103025,
MTB,M&T Bank,Financials,Regional Banks,-0.825737438212247,0.9096943218464848,0.6263635985540148,,-0.3175747203007013,1.238652351449366,-0.9121932667690076,,,-0.4146949010565466,-0.2997037649753616,,-0.2302521173835527,-0.2619330031841683,-0.0120237969412335,,,
MPC,Marathon Petroleum,Energy,Oil & Gas Refining & Marketing,1.8939804222016865,-0.7804812422706205,-0.1337840474998284,-0.2750068867131545,-0.0374446295330443,-0.1780737980705909,1.414213562373095,1.0187559802938773,-0.1154402935542621,1.0785809928633583,0.6061778974598488,0.3737424108770733,0.0395626967459273,0.9351746067614046,1.0607320162715588,0.9189735750646424,1.390193682169665,
MAR,Marriott International,Consumer Discretionary,"Hotels, Resorts & Cruise Lines",-0.1500486644497127,-0.2117455644375152,0.028085906118699,0.2033447338312785,1.1428733306343706,0.275830507898977,1.2770066327135872,0.5158126300285364,1.0215287161750544,-0.1864927027577494,-0.1287159251552731,-0.1225923460566198,-0.199915704676172,0.1445009931242239,0.1608020395623668,-0.2298207179838942,2.552366913443953,
MRSH,Marsh McLennan,Financials,Insurance Brokers,1.0079640393122442,-0.3085763062463004,-0.1261631976450909,0.054375053603876,0.7752581963459737,,,,,-0.0926653771818429,-0.1868164204049596,0.3945881695135726,-0.4216406408939819,0.0343478903193406,0.0183059567181213,,,
MLM,Martin Marietta Materials,Materials,Construction Materials,-1.1091483627890992,0.2459819051363766,-0.528255308892781,0.0478554276132043,-0.9569935521165972,0.7983239735947723,0.0,-0.5244770402924107,0.6716980678078694,-1.1351500233167051,-0.3944677303167472,-0.5218482777431381,-0.6673168021355065,-0.2631170255379428,-0.5024086119851093,-0.3028832180924436,-0.5533251932416919,
MRVL,Marvell Technology,Information Technology,Semiconductors,-0.8925688168777984,0.0013689456378098,-0.2786316195175781,-0.1866790544794258,-0.4427203233579098,,,,,-0.3656617212969836,-0.2798833572798346,-0.2814346697070127,-0.2701057739098654,-0.3889052631733492,-0.3268961237095905,,,
MAS,Masco,Industrials,Building Products,1.0958898461352435,0.3179296068618518,0.6694460431914251,-0.0715557158696298,-0.5352635154461153,-0.2802941424380455,-0.9309623139584512,,,-0.6793200633689146,-0.4455207028981688,-0.5777399527440134,-0.7806444324320462,-0.4893748677660697,-0.2829320331213953,,,
MA,Mastercard,Financials,Transaction & Payment Processing Services,1.6057418720760002,2.0173430135917094,0.2655684283378262,-0.701148049912183,-0.0472946002791927,-0.8808032869085042,2.481165685611701,-0.2798121512731819,-0.3177432364568238,0.029953305114827,0.5998672620700293,2.778394757135397,-0.4240285149269641,-0.0554277789128705,0.292463141756604,-0.2781207116350525,-0.3146910978760007,
MKC,McCormick & Company,Consumer Staples,Packaged Foods & Meats,-0.7955986000263149,0.0582621013432704,0.5395165332616533,0.8562603179607368,-0.3645155459521291,0.1609487187782998,-0.8481626288402713,,,-0.4508110239673865,-0.3625123440516546,-0.6024977493569177,-0.5860976059935451,-0.6036630211581328,-0.4712166230289399,,,
MCD,McDonald's,Consumer Discretionary,Restaurants,-1.1694405576995053,2.598166983596599,1.4328903229666508,0.1912274932923342,0.0754605278647831,1.0796080965276722,1.2770066327135872,,,-0.1854503015903449,0.2343867253437541,0.1583323370701586,0.025810514154652,0.9948199788134224,0.5618908212781409,,,
MCK,McKesson Corporation,Health Care,Health Care Distributors,3.953496202189291,-0.0032859202400637,-0.1533757271473844,-0.5614545341952438,-0.1919174407438606,-1.0215038069844586,0.9319330346109536,,,3.1632795887423257,-0.0603498315486967,-0.0160793254498477,0.4617670236010647,-0.5231242002313128,-0.8125766155646177,,,
MDT,Medtronic,Health Care,Health Care Equipment,-0.5333198391108456,0.1876570185546398,0.0966630308760296,0.2624990418875361,0.6289834706468425,0.4450235003273493,0.9319330346109536,,,-0.2362605167648963,0.3468636077206082,0.3593474717668112,0.53718948162869,0.6900962797819584,0.0301714784075873,-0.3975218989976494,,
MRK,Merck & Co.,Health Care,Pharmaceuticals,-0.4369366196598914,-0.1169346514512606,0.3496530990232088,3.0106897917528608,0.2907845932948674,0.1748737331909632,0.9319330346109536,0.4297953615259325,-0.0844201745574227,0.0073001925008735,-0.9875215525018224,-0.068788703682259,1.090368345812012,1.8367826268102947,1.6461992614938794,1.650763190129692,-0.569461108640459,
META,Meta Platforms,Communication Services,Interactive Media & Services,-0.1700887851671397,-0.0790741404440861,-0.6136205899564904,-0.3265112378548628,0.1683501846683436,2.071610993033587,1.5569978883230462,,,1.1632968911274415,0.1396670813382074,0.2214262237702284,0.996221259172144,0.7371782691211024,0.3538403988305202,,,
MET,MetLife,Financials,Life & Health Insurance,-0.6057209711157273,-1.3251681686769228,-0.3179586455540276,,0.045093576153344,-1.038635089764942,0.2189263840245619,-0.2816886969617592,-0.3529353894117167,0.6584313350390303,-0.3203661807226227,,0.4175213792653887,-0.239705010293855,0.1338266360971349,-0.2776508547878365,-0.3669592994649598,
MTD,Mettler Toledo,Health Care,Life Sciences Tools & Services,0.189254230654792,0.2878809556455106,0.359828303468779,-0.1841865045159225,-0.5762343468256504,-1.426728457689037,-2.5996026754937134,,,-0.5465750625418918,-0.241645916734411,-0.4379675692456013,-0.8214311471823708,-0.6622138607739924,-0.4806373085438831,,,
MGM,MGM Resorts,Consumer Discretionary,Casinos & Gaming,-1.2213964178209638,-0.7456713900714539,-0.3215885804304257,0.1286872231393279,-0.2884302003521216,0.8699269864506214,-0.3004721488737856,,,-0.2806685081166419,-0.2364561713262461,-0.2024797665943593,-0.1165077857550373,-0.3423182207572885,-0.0018642745429262,,,
MCHP,Microchip Technology,Information Technology,Semiconductors,-0.8528791196513307,0.0491807386345075,0.6603727980298335,1.1147651277901884,-0.3468590379495502,3.50463950707038,-0.3186847360652452,,,-0.4273014734876479,-0.2881685240988933,-0.303754303718645,-0.3897482768749026,-0.1328900025002724,-0.3226293092478834,,,
MU,Micron Technology,Information Technology,Semiconductors,1.3954210002249734,0.6437025809160931,1.173202578270291,-0.4570323381807651,-0.02394818211141,0.4435414563160469,0.7648433665565884,,,1.5365284537710024,2.6797858894005127,2.5478024627296207,0.6995907428729211,-1.628272938772983,2.8022903774626373,,,
MSFT,Microsoft,Information Technology,Systems Software,-0.6823156489121117,0.3231140095285377,-0.0175292779514847,-0.3309810578557206,1.5400075299251663,-0.2542088346647199,1.8483714691784217,3.0318740230836507,0.0946095853057325,3.921887618930372,3.4768358891419218,4.200398233758416,6.380534781981321,0.7671907508577325,3.1826411773324104,-0.3044956825576118,3.332412968245756,
MAA,Mid-America Apartment Communities,Real Estate,Multi-Family Residential REITs,-0.201660765015342,0.2115644700869028,0.1382455274767016,-0.3331973041137772,-0.2285591518873006,-0.0601050477255837,0.2511009804759127,,,-0.5135319008069339,-0.5008363595498834,-0.6941823247133628,-0.8008164062424583,-0.7798329525172988,-0.4826909640826586,,,
MRNA,Moderna,Health Care,Biotechnology,-0.91054921849891,-7.219648991043399,-7.398232262568181,-0.828725921379479,-0.7591691941205825,,,,,-0.5780134138852941,-0.7244502535346193,-0.7869964896619543,-0.7109339722066799,-0.8008681059555686,-0.9094267274471032,,,
TAP,Molson Coors Beverage Company,Consumer Staples,Brewers,-0.7529257840765717,0.0457650317096772,1.105507139477886,0.4139316589675228,-0.3588141943267319,-0.7118885638270956,-0.8481626288402713,-0.6262077860861436,0.117446633808869,-0.4161456151058391,-0.3189471977309085,-0.52917456603988,-0.4414234334188915,-0.5265138583513465,-0.2548660692557927,-0.4966481511326555,-0.8241845355849224,
MDLZ,Mondelez International,Consumer Staples,Packaged Foods & Meats,-0.687896422942821,-0.0440780720713684,-1.0461302446546694,1.2816527885548272,-0.1557374792887761,-0.6004625277498109,0.7421423002352378,-0.3316308397206619,-0.3351400591483251,-0.2074328960915998,-0.143672227913495,-0.2404197496545424,0.4169226927827251,0.5700962545226875,-0.5756360130159267,-0.337355979660594,-0.5824013138474449,
MPWR,Monolithic Power Systems,Information Technology,Semiconductors,0.3059491053794193,0.1706809081217432,-0.4223267453154736,-0.826754365395417,-0.4701263472764802,,,,,-0.45206634692119,-0.2852551543138488,-0.3177458531692216,-0.4782133388140378,-0.5161120297870154,-0.3871107645188246,,,
MNST,Monster Beverage,Consumer Staples,Soft Drinks & Non-alcoholic Beverages,-0.3264330924384537,0.7708957307682829,0.6027545878995114,,-0.3871227626115015,0.7366499051776025,-0.8481626288402713,-1.084330627380503,-0.7805703553299757,-0.4328530032596837,-0.1305706508214471,-0.4263736319401245,-0.679614052091681,,-0.4020326129207031,-0.9053303140284727,-1.0225158454322938,
MCO,Moody's Corporation,Financials,Financial Exchanges & Data,1.4119622629145874,1.469250656478783,0.166394779210785,-0.4902519164047074,-0.4019459872298986,-1.1739194922133165,0.2189263840245619,,,-0.434334839491678,-0.2845849241846828,-0.1121417128317031,-0.4756190671131829,-0.1837276235062991,-0.0951332689783875,,,
MS,Morgan Stanley,Financials,Investment Banking & Brokerage,-0.8170000756478751,0.5361943468775459,-1.0496486545617143,,0.5964423709926767,0.8102517436961798,0.2189263840245619,-0.2630716460634419,-0.2408902585495407,0.7243560617196212,0.9004802131246935,,1.5157335509837688,4.605052261211133,-0.7275978379337591,-0.2764019445563033,0.0246337158873276,
MOS,Mosaic Company (The),Materials,Fertilizers & Agricultural Chemicals,-0.7868851092132044,-1.245703488106453,-0.7884422140573294,4.474300749087375,-0.8256735761869858,1.2956405473095485,0.0,-0.574320085805218,-0.1810465329198538,-0.8532276536572053,-1.1299302628462993,-0.980511583536276,-0.4945221234205912,-0.3096873558202634,-0.6607856783571912,-0.4492318208890175,-0.4454480738863665,
MSI,Motorola Solutions,Information Technology,Communications Equipment,-0.2007491167279769,0.0751592813169369,-0.5163001615923509,0.8263029231123248,-0.2999403665884529,-0.7043703127168277,-0.3186847360652452,,,-0.3463188467254352,-0.2535021995055942,-0.2626344827190646,-0.3457523199536746,0.0710315865401221,-0.3379385662864549,,,
MSCI,MSCI,Financials,Financial Exchanges & Data,1.50728254915987,1.412513826706587,0.3179564638548783,0.3347320571870376,-0.5460864437834354,-1.061182490173004,-0.9121932667690076,,,-0.520619635683355,-0.4196465685814137,-0.620861209438948,-0.4865000250058152,-0.174785908184514,-0.1488942440922244,,,
NDAQ,"Nasdaq, Inc.",Financials,Financial Exchanges & Data,0.4963720063697672,-0.0833207817964819,0.0077399163888342,0.1107941460564143,-0.4968673878549404,-1.7826993032310028,-0.9121932667690076,,,-0.4116179773683761,-0.3780697564070469,-0.3993922719035035,-0.4604283024211928,-0.1387175675216618,-0.1031617331823344,,,
NTAP,NetApp,Information Technology,"Technology Hardware, Storage & Peripherals",0.039572286119923,0.0835157239425545,-0.1344339921811269,-0.1382625379451292,-0.4038974227414724,-0.1866846129569036,-0.3186847360652452,,,-0.4007559943639304,-0.2727848128184928,-0.2994545635904026,-0.421165900189106,-0.3961651997333707,-0.3403191923809696,,,
NFLX,Netflix,Communication Services,Movies & Entertainment,1.3473612379610116,-0.0592249938349618,0.1040001669550804,-0.6670073004000536,-0.6950211953849684,-0.7708319974078462,-0.5838742081211422,,,-0.2758020508986327,-0.2590560718047995,-0.2035394721917927,-0.4667541926573432,-0.6360304510784693,0.2720013497866448,,,
NEM,Newmont,Materials,Gold,-0.904436743019146,1.7739936881982203,1.5602806623943026,-0.6344381376773628,-0.6518677256919118,-0.6058639992469493,1.224744871391589,,,0.2055160396747143,2.344912569349453,2.202133835783369,1.2149470242832836,-1.81658098194424,2.067025021414405,-0.7920204589519462,-0.4006326533826705,
NWSA,News Corp (Class A),Communication Services,Publishing,0.1195081481796754,-0.4386300078304261,0.0980894301940651,-0.4430192105207129,-0.6122727277648466,-1.557722994761689,-0.5838742081211422,,,-0.5807667148232816,-0.3622852682135311,-0.4064985560470685,-0.6270867050965094,-0.7317330003086899,-0.18870944811301,,,
NWS,News Corp (Class B),Communication Services,Publishing,0.1195081481796754,-0.4386300078304261,0.0980894301940651,-0.4430192105207129,-0.6122727277648466,,,,,-0.5807667148232816,-0.3622852682135311,-0.4064985560470685,-0.6270867050965094,-0.7317330003086899,-0.18870944811301,,,
NEE,NextEra Energy,Utilities,Multi-Utilities,-0.6776081764593783,3.5667782878769594,1.851814297601716,-0.0415987107139755,0.7082176168431686,-0.8994422578766063,-0.0932054649001802,0.0536529408797932,-0.6234153602099783,1.7435898749080458,4.7504223318189736,3.177884808506524,2.9669641433043337,3.165213222384928,2.9118482174336,0.1692000148126802,-0.6654050654412684,
NKE,"Nike, Inc.",Consumer Discretionary,"Apparel, Accessories & Luxury Goods",0.1091080690985975,-0.3482665862734942,0.2319189206438232,0.0819732384474586,-0.2358682062763464,-0.0386911572165986,1.2770066327135872,-0.5722733856674849,-0.5228456423347313,-0.0462717733079275,-0.0597810234627886,-0.119461943066763,-0.1267062430952623,-0.4606002719708787,0.3997557798557475,-0.4685609388123862,-0.5175487074271188,
NI,NiSource,Utilities,Multi-Utilities,-0.5640532963002062,-1.305548909551966,-0.6522047929059072,1.503638847013794,-0.7193755684324717,-0.1874230464057011,1.2116710437023397,,,-1.1519387616495644,-0.8480045183053199,-0.917805918044202,-0.8116745878240227,-0.7290024936459236,0.0324867649032118,,,
NDSN,Nordson Corporation,Industrials,Industrial Machinery & Supplies & Components,-0.6897479337802546,0.6473967392916908,1.2040461662784134,0.0815368486055799,-0.686009419979695,0.1008694598700691,-0.9309623139584512,,,-0.8729062617872566,-0.6439231161950264,-0.753774087414267,-0.7652606029783188,-0.5927862733510173,-0.5181711205667391,,,
NSC,Norfolk Southern,Industrials,Rail Transportation,-1.1580921494191945,0.94803934940306,0.2399456043639257,0.7105717848395979,-0.5152666097426812,-0.0403022446884918,1.1304542383781189,0.6065019965104955,2.734786401780112,-0.4364992703994436,0.0542274347884313,0.2417449637865497,0.3366324814338008,0.739215658960129,-0.1067050522191641,0.7028209213834151,-0.5514680378454446,
NTRS,Northern Trust,Financials,Asset Management & Custody Banks,-0.8129874409738719,1.1827674267046897,-0.8568511233672164,,-0.2886959645061437,0.652419940839742,0.2189263840245619,-0.2802089746317094,-0.1902760895610712,-0.4351466236136634,-0.3062048665153535,,-0.2781820622752119,-0.9881935600372256,-0.2300412026573024,-0.2782395535835756,-0.3210569807318567,
NOC,Northrop Grumman,Industrials,Aerospace & Defense,-0.0971367942793456,-0.3949493420750626,-0.5134491255295884,0.1681562318283665,0.6491685916034398,0.467915891722328,0.0997459622098339,-0.488270762360311,-0.5433556708097064,0.7851876927348058,0.4867017847095276,0.384332205477336,0.4953031863787228,0.4116042685052756,0.2881739235062057,-0.4849944942809602,-0.1613758318404911,
NCLH,Norwegian Cruise Line Holdings,Consumer Discretionary,"Hotels, Resorts & Cruise Lines",-1.2346233976943255,-0.5129289549517532,-0.4609849292275095,0.3198562504914533,-0.3511002702116996,1.0621346706879176,-0.3004721488737856,,,-0.3457448581554782,-0.2523544252215293,-0.2148939013844681,-0.2287973867839592,0.082902369471487,-0.0605129717906945,,,
NRG,NRG Energy,Utilities,Independent Power Producers & Energy Traders,4.506157076111466,-0.87674478950475,1.2104450553739865,-1.4865194008287668,0.6058275589596507,1.3948418679740884,-0.0932054649001802,-0.0143540523659794,-0.6525697730621911,1.7188041946739296,-0.015964639498724,-0.0986677727340569,-0.7653006649317858,-0.4797238792316729,1.529184549634354,0.099028576202835,-0.655671876207132,
NUE,Nucor,Materials,Steel,1.5268107959770505,0.1287023135272611,-0.0299460910635871,-0.4352035284886054,-0.0532031295422122,1.1932518409565058,0.0,,,1.5808960644985657,0.8762340488723412,0.7808482420153652,0.1433268190563596,-0.4676704416355504,0.4751561877549132,,,
NVDA,Nvidia,Information Technology,Semiconductors,1.3007213164428162,0.5748726217017411,0.0068755063322745,-0.359441793300127,-0.1251453164196591,-0.5918299432038008,0.7648433665565884,-0.5950350385777106,-0.5174728030694203,4.227187650902944,6.011334107115334,5.578347088089086,2.393688980670423,0.2350897532874361,3.5051244505970565,-0.3290296965822905,-0.511882088529906,
NVR,"NVR, Inc.",Consumer Discretionary,Homebuilding,1.182334718328495,-0.297671840278786,-1.4996211964899384,0.0759875958564766,-0.5055516681882081,0.0836228236616808,-1.8779509304611584,,,-0.3568951358842611,-0.2491909275052455,-0.2564963774154075,-0.360263073565866,-0.4784051715325659,-0.1633599532548049,,,
NXPI,NXP Semiconductors,Information Technology,Semiconductors,-0.5467574475016925,0.1221438925547103,-0.0321302075923199,0.5447910532577471,-0.215587955272786,0.8036706387577335,-0.3186847360652452,,,-0.3284842938438704,-0.2312530302984035,-0.2406074586216416,-0.2782013357509949,0.057848904167885,-0.2756760376606856,-0.2351188331966719,,
ORLY,O'Reilly Automotive,Consumer Discretionary,Automotive Retail,0.0760005652476567,0.2621949196941819,0.2848454516974006,0.1460971141680244,-0.1435936040611664,-1.3491980951981666,-1.8779509304611584,,,-0.2648161025011688,-0.1403042688932546,-0.1637249138165263,-0.2757549210221154,-0.2206768298215037,0.1277958318846308,,,
OXY,Occidental Petroleum,Energy,Oil & Gas Exploration & Production,-0.5609585433170584,1.217071837963371,0.7924885693157672,-0.5747884432649965,-0.3313807314385085,1.4137220306918787,0.0,0.0734914203706593,2.682599663339747,-0.4262175139065599,0.0343973600671274,0.0472024041987632,-0.0896665742066124,-0.4754174867460316,-0.1686050059600452,-0.0356986638532632,0.7305886488493856,
ODFL,Old Dominion,Industrials,Cargo Ground Transportation,0.3404421718675225,1.1143828326317808,-0.2038294887450336,-1.1555236907976307,-0.5018379184510675,,,,,-0.7515227354921029,-0.4063565465598975,-0.5062481199637423,-0.7712349867860827,-0.7727063179870517,-0.5628675044637198,,,
OMC,Omnicom Group,Communication Services,Advertising,-0.2389912077551767,-0.4141755232104571,-1.346708283018582,0.2306330131908228,0.8147754068067261,-0.7868909973538427,-1.6543102563432364,,,-0.4547140881308764,-0.3492855705016098,-0.3893484591045868,-0.4986942151461704,-0.6042959770853858,-0.4537213303188288,,,
ON,ON Semiconductor,Information Technology,Semiconductors,-0.6798591430714644,0.034119292279426,0.2554714210705275,-0.0595881990472669,-0.3036202623814802,1.388880560225473,-0.3186847360652452,,,-0.4214647107264085,-0.2884863693732817,-0.309216355450552,-0.3981414161353271,-0.3942792561786822,-0.3358509403266497,,,
OKE,Oneok,Energy,Oil & Gas Storage & Transportation,-0.1504355463051103,-0.9182776704167528,-0.4664775206321906,2.1434668004274338,-0.4798751568076637,-0.94554678693821,-1.414213562373095,,,-0.2897446315060646,-0.4976945699174919,-0.4786813102601753,-0.199046481078641,1.6072660829520131,-0.4049940106994247,,,
ORCL,Oracle Corporation,Information Technology,Application Software,-1.177608321102,0.1277447695236757,-1.8481064737166384,1.0938721327976,0.7856288923545826,-0.5243057214959844,0.7648433665565884,-0.2553376063241007,-0.2303824300627901,0.4422828290376396,0.143486548205566,0.4409297998908731,1.8612074046699647,5.743369508718495,-0.75674563383685,-0.3278187032508316,-0.148148707314681,
OTIS,Otis Worldwide,Industrials,Industrial Machinery & Supplies & Components,0.9190771724917958,-0.270348333255344,-0.7899355372800315,1.073012648529292,0.295377183004222,,,,,-0.3715492415943033,-0.3133757626445005,-0.4610064416894685,-0.6187671222108043,-0.01851716589809,-0.533130833167773,,,
PCAR,Paccar,Industrials,Construction Machinery & Heavy Transportation Equipment,-0.4263788524069187,-0.406324584545113,-0.9348384807095924,0.3748354906886594,-0.4137438577098623,0.4820330621781843,1.1304542383781189,-0.5603458989353668,-0.5832118091942848,0.2363599493313708,0.0758511522844861,-0.0871458277617584,0.3045129852493289,0.1247960830437339,-0.439578238367823,-0.4905753308915577,-0.7770008527704502,
PKG,Packaging Corporation of America,Materials,Paper & Plastic Packaging Products & Materials,0.7592669140107042,-0.0964211242684699,-0.0946398420384316,-0.1072957247299067,-0.6789041913244789,-0.8837762022052065,-1.224744871391589,,,-0.9606480799942304,-0.4771686527413188,-0.6238527143347691,-1.2003296170280686,-0.6515501914592536,-0.2871129797583422,,,
PLTR,Palantir Technologies,Information Technology,Application Software,-0.1690317089741735,0.4939392076971727,2.316256367038697,-0.6676363888162763,-0.471046321224737,,,,,-0.4051549875507177,-0.2000098993102679,-0.2690374378862181,-0.4145813036198445,-0.5685900806846567,-0.1937068693496078,,,
PANW,Palo Alto Networks,Information Technology,Systems Software,-1.2094836961344737,-0.2189781822424255,0.849268925446884,-0.409356511280641,-0.3098668854901439,-0.5243057214959844,-0.3186847360652452,,,-0.3327095598158114,-0.342392927909561,-0.3379815356279615,-0.0798618906887014,-0.4547619075027881,-0.1841134955639661,,,
PSKY,Paramount Skydance Corporation,Communication Services,Movies & Entertainment,0.2205804170360261,-0.5766684989824302,-0.5470219223062058,1.950511936838024,-0.6717935553512501,,,,,-0.4442581786158632,-0.3667060624083195,-0.3963667609581509,-0.5192166853812548,-0.454679880437163,-0.1976037078989695,,,
PH,Parker Hannifin,Industrials,Industrial Machinery & Supplies & Components,-0.3122153298791037,0.6793269644185305,1.0495597408578912,-0.2402637732425896,0.1084830258528961,0.75025930083945,0.0997459622098339,,,-0.0589978339431716,0.4830978317935184,0.3655294922873423,-0.0640525375239039,0.0193503503366215,0.9245491323198184,,,
PAYX,Paychex,Industrials,Human Resource & Employment Services,-0.9846655298563411,1.5533739456560494,1.4727103272244535,-0.2505372296827039,-0.5414164095087104,-1.0567385175101311,-0.9309623139584512,,,-0.7430337337577133,-0.3222655131706564,-0.3708317630157899,-0.4776061697615771,-0.4158487737436713,-0.21548713919585,,,
PYPL,PayPal,Financials,Transaction & Payment Processing Services,0.6968933821065174,-0.6461249330790544,-0.1053202174629552,-0.6062844406852832,-0.2857157007502555,-0.7229714840520672,0.2189263840245619,,,-0.0089992394481834,-0.2276372905397925,0.0855762044514842,-0.3939899950725834,-0.1900016537575972,0.0664767419418026,,,
PNR,Pentair,Industrials,Industrial Machinery & Supplies & Components,-0.6784023336017307,0.0554204531554938,3.813658216584381,0.2632419569163258,-0.6737036318545049,-0.2944113128939013,-0.9309623139584512,,,-0.8539598108718729,-0.6730502636622123,-0.7902106117909433,-0.7437628461310745,-0.6026714163390149,-0.1742587282316861,,,
PEP,PepsiCo,Consumer Staples,Soft Drinks & Non-alcoholic Beverages,-0.3593444465196963,0.2716550463837373,-0.577883551671219,0.0713466721560435,0.4279723299780754,-0.5818915217369298,0.7421423002352378,1.7939000880847495,-0.0670107076014669,0.2139973395810269,1.1488672235880528,1.3112293739600782,1.1707173673057838,2.418697977291913,0.1984780807920476,1.3929669209594857,0.5208482439509142,
PFE,Pfizer,Health Care,Pharmaceuticals,-0.6562086945250476,-0.0327116693010879,-0.1098758563313524,3.6043761207452896,0.3215299457814106,0.7923589152169881,0.9319330346109536,,,-0.0486217160781742,-0.4704175706259642,0.0029640628147653,2.171519573435099,2.6787892964134628,-0.4708123464086212,1.2806822362464556,1.273440841749642,
PCG,PG&E Corporation,Utilities,Multi-Utilities,-0.3992385888136576,-0.0977425509793228,-0.8277169521594356,0.6808884053785543,2.411295800263862,0.9729045574728108,2.51654755230486,,,0.9803779854348854,0.4447740556059055,0.9175024366489418,1.269238125419662,1.257654167281258,-2.097877874142674,,,
PM,Philip Morris International,Consumer Staples,Tobacco,-0.5890473761070126,0.8703602303220084,3.3641355123685446,0.1091255114626788,-0.1722985482958821,0.6066528630874375,0.7421423002352378,,,-0.1741990529550874,1.0613098216689063,1.2650540793630294,0.364591901221003,2.4305949580760475,2.266796255877502,,,
PSX,Phillips 66,Energy,Oil & Gas Refining & Marketing,2.2866817757921343,-0.9533590251644496,-0.4157964576404204,-0.3223670454946576,-0.2518638927924705,0.5183368770129891,1.414213562373095,0.5329216813389273,-0.3452198328933765,1.044668303712633,0.2645912830341185,0.0490095647295499,-0.0762175417078246,0.196932056055171,0.5643531721811387,0.3912355051038125,1.2802595099496183,
PNW,Pinnacle West Capital,Utilities,Multi-Utilities,-0.265267040018069,-0.1774356506570212,-0.2848159383912589,-0.6750983531569242,-0.8745742521584918,1.0783888850981307,-1.3980819735027004,,,-1.0989306094069828,-0.6075639649235415,-0.9338585449011594,-0.90778816174777,-0.9874420646873792,0.1391462436594331,,,
PNC,PNC Financial Services,Financials,Diversified Banks,-0.8403358120455107,0.8183325622262835,0.2133456195103375,,0.1896959735890436,1.1484627498171167,1.3500460348181316,,,-0.1564951770960198,0.0082166257947973,,0.2456112395669453,0.6555094775627954,0.1217839397912145,,,
PPG,PPG Industries,Materials,Specialty Chemicals,0.390719644722959,0.0363173417520926,0.0804598913491804,-0.144169095560138,0.3523438549462938,0.0816030291234766,0.0,,,-0.3161576645293312,-0.1333069226602052,-0.3515436676994187,-0.6036526056728058,-0.3425536148763404,0.0320706039674236,,,
PPL,PPL Corporation,Utilities,Electric Utilities,-0.2349431600481556,-0.3517227906805397,-0.7432754235830245,-0.0085168195067669,-0.88396245230827,1.2102442946297798,-0.0932054649001802,,,-0.7924996328204768,-0.5146465212590291,-0.6329920142875587,-0.6422058045088521,-0.6139907670163318,-0.3316449039361396,,,
PFG,Principal Financial Group,Financials,Life & Health Insurance,-0.8299858759465826,-0.8300160001159286,0.6577534727389507,,-0.3468111077459653,-1.534677898742316,-0.9121932667690076,,,-0.3216801526277645,-0.4041749548389524,,-0.0701514599756998,-0.287988969336897,0.101385693702668,,,
PG,Procter & Gamble,Consumer Staples,Personal Care Products,-0.5727651721338429,0.3661992041866418,0.7360507653951933,-0.5201859392566007,-0.1204433977982223,0.6252238691003185,0.7421423002352378,0.1448641883160266,-0.4383349600010151,0.1250250814718566,1.182502079203335,1.238383866104389,1.4337846786570994,0.940163266066269,1.6910847372232751,-0.9070416014968826,0.7220679213245806,
PGR,Progressive Corporation,Financials,Property & Casualty Insurance,2.0628556183809863,-0.5449049342296214,-0.2466749616755728,,0.4035149967552486,-0.2269286750746933,0.2189263840245619,,,0.9675639660079975,0.3284840698773441,,-0.3433924914545761,-0.1392390453607307,0.3183326375248773,,,
PLD,Prologis,Real Estate,Industrial REITs,-0.550008919232323,1.828087689581689,0.7861346789510967,-0.439203547362066,-0.2182763639280261,-1.127336139048153,0.2511009804759127,-0.704203587424351,-0.824541505528346,0.428572940839952,3.059570444062365,3.059230896099295,3.166149816126996,2.4133550814737945,2.348901030800718,-0.6748876117758202,-0.7048304679658176,
PRU,Prudential Financial,Financials,Life & Health Insurance,-0.6843239964603046,-1.142014519453737,-0.2405108253896145,,-0.0948745111419492,-0.2494760754827561,-0.9121932667690076,-0.2789614968281683,-0.3299063660663241,0.4499206553193857,-0.2576229914413055,,0.4465236745268529,-0.1186406707175078,0.1513703171353892,-0.2775492588613031,-0.3078475300891539,
PEG,Public Service Enterprise Group,Utilities,Electric Utilities,-0.3074480621367662,-0.0744122321770274,0.3766046032216908,0.302823818993607,0.0905033851132342,0.1290299364702565,-0.0932054649001802,,,-0.5853287584107892,-0.3267374063928271,-0.504181706055911,-0.4000798976370165,-0.4254199977718769,0.2929510547135665,,,
PTC,PTC Inc.,Information Technology,Application Software,-0.9721157679597706,0.0979303312451159,1.1263574443630089,0.3941200476734837,-0.4471361983095425,0.6010979736342845,-1.402212838687079,,,-0.4707652614800148,-0.2999309182197615,-0.3275454404766231,-0.4615838572024993,-0.3862711866252775,-0.3680902945239888,,,
PSA,Public Storage,Real Estate,Self-Storage REITs,0.0329992425685763,1.5884104486991166,1.1968636713138132,-1.0565207552701288,-0.1148210599852228,-0.0601050477255837,0.2511009804759127,,,-0.1721391883930253,0.9310253491529362,0.3918241946797657,-0.4388164570268859,-0.3091390463396291,0.9784614911048564,,,
PHM,PulteGroup,Consumer Discretionary,Homebuilding,-0.407686710954611,-0.0842938305820028,-0.9534341399258462,0.0958351428840977,-0.5047187627436227,0.275830507898977,-0.3004721488737856,,,-0.2974920002817218,-0.195602572986578,-0.2198734450145184,-0.2695572951701181,-0.4386356306029821,-0.1141307240739075,,,
PWR,Quanta Services,Industrials,Construction & Engineering,0.856467420062771,-1.0391110712553078,-0.5088601885042471,-0.0653743788510481,0.2569215951130027,1.7949299145728017,0.0997459622098339,,,0.5677529647041805,-0.285287754934764,-0.1885190890328442,-0.1367687816312454,-0.2121145557729301,0.1646942887580998,,,
QCOM,Qualcomm,Information Technology,Semiconductors,-0.0854070084212162,0.1016750022017106,-0.9937734390173392,0.1314498473895292,-0.0331479215939781,-0.1866846129569036,1.8483714691784217,-0.4469572706530209,-0.2520272150812416,-0.0115402149486242,-0.1004067256751627,-0.0970660395956307,0.0011938302183804,0.2233577967264978,-0.3231054344667863,-0.3093306802435757,-0.418158520210796,
DGX,Quest Diagnostics,Health Care,Health Care Services,-0.2238070509144951,0.1276558098617226,0.1309423566356648,0.0459157894903382,-0.1242776652734656,0.1362809093143368,0.9319330346109536,,,-0.4749151717497326,-0.2002105221388552,-0.3404970469577215,-0.62032395329809,-0.4980767094331445,-0.3912025685785151,,,
Q,Qnity Electronics,Information Technology,Semiconductor Materials & Equipment,-0.8892914696405505,-0.027610323038165,-0.6697434864537688,0.8608439043229055,-0.4195369798618382,,,,,-0.4300380701694748,-0.2993778674423256,-0.3148165840863913,-0.3904435342092802,-0.2609323241062115,-0.3861004634293293,,,
RL,Ralph Lauren Corporation,Consumer Discretionary,"Apparel, Accessories & Luxury Goods",-0.1185579595617676,0.1071302123663301,0.3104222696774763,0.1139882305304689,-0.4679496262724613,-0.9123624492043108,-0.3004721488737856,-0.6189433582066222,-0.4956139576767183,-0.3702141112693951,-0.2433344184644272,-0.2469852856054107,-0.3447477728741358,-0.4264979181044078,-0.0125838820929011,-0.4809720949247315,-0.6427368311423641,
RJF,Raymond James Financial,Financials,Investment Banking & Brokerage,-0.3429260219232617,-0.4398326781478097,-0.80445235617174,,-0.3497913715018536,1.3513893534896784,0.2189263840245619,,,-0.3243511842549424,-0.355895456580718,,-0.3801976538474226,-0.3627248917667107,-0.2432138309622968,,,
RDDT,Reddit,Communication Services,Interactive Media & Services,1.4701257299891977,0.025398366894371,1.6714511427329752,-1.808921572654845,-0.8902059580433082,,,,,-0.6264712702823517,-0.3599195666939895,-0.4111090404954868,-0.6715821820566135,-0.7815666140852132,-0.1965875387184237,,,
RTX,RTX Corporation,Industrials,Aerospace & Defense,-0.6546157390393115,-0.5641723929527467,-0.3051510060880342,0.1154570256168344,1.9566585799048968,,,-0.3063178476041371,-0.5383473639679281,3.0653623080462267,1.7420787171193763,2.3844708210629264,3.960940287169165,2.0331180886871056,2.2919399656167605,-0.4033268840271064,0.7959729572724078,
O,Realty Income,Real Estate,Retail REITs,-0.6335604394610693,0.3719163728803923,1.8395133890858568,0.472218655237465,-0.2969832629518972,0.8546644591223335,1.883257353569345,,,-0.07427351928272,0.3404074758386839,1.3336113895675343,2.0711946994399115,1.9099096653904164,1.8400715480240208,,,
REG,Regency Centers,Real Estate,Retail REITs,-0.431088995282403,0.8944343716648004,,-0.3286642215829277,-0.2984123961936947,-0.5937205933868688,-1.38105539261752,,,-0.5853984834474525,-0.4750960889132781,-0.7902988978981952,-0.7539395370065586,-0.8653046027676283,,,,
REGN,Regeneron Pharmaceuticals,Health Care,Biotechnology,-0.5404930179915353,0.3874740162283724,0.0771131066403864,-0.8860763970890558,-0.5945278315551437,-0.4812042727116873,-0.2452455354239353,,,-0.4305580418488566,0.2645170582608924,0.0119756661899841,-0.2445515637406795,-0.762724831720132,-0.3593586574464728,,,
RF,Regions Financial Corporation,Financials,Regional Banks,-0.8177788976365067,0.6765220963801284,-0.149032858290259,,-0.3422960081557946,-0.9258980877246298,0.2189263840245619,,,-0.4525345157748997,-0.3621949735768341,,-0.2997679158264023,-0.3137222710767018,-0.1444934563063572,,,
RSG,Republic Services,Industrials,Environmental & Facilities Services,-0.7782932912807828,-0.0668591719778871,0.190853935831337,0.6996811178353296,-0.1660898716904098,-0.4638173583641749,1.1304542383781189,,,-0.2774211541635037,-0.1475939285080802,0.1273617918807541,0.0563920571533085,0.5876499689802859,0.0521167947667972,,,
RMD,ResMed|,Health Care,Health Care Equipment,-0.2914083440093297,0.3343657657669463,0.3531810280187177,-1.055323068084295,-0.6566334435779609,1.1396943301066262,-1.4224241054588245,,,-0.5310629365812931,-0.1700348645690765,-0.3820412186384892,-0.741173436613435,-0.8123818987600525,-0.4224476316365617,-1.049811591375887,,
RVTY,Revvity,Health Care,Health Care Equipment,-0.7146249813659786,0.0826484637942772,0.3096634252398371,0.7097894335959521,-0.6623213337879714,-0.7320576279097598,-0.2452455354239353,,,-0.5571559995811465,-0.3277882092220821,-0.4988594833427112,-0.694490875978396,-0.6554534263784522,-0.5322335718134666,,,
HOOD,Robinhood Markets,Financials,Investment Banking & Brokerage,-0.6338424640613508,1.6777177604362388,0.7009166302804812,2.448945741171979,-0.5971532632405812,,,,,-0.4917489261837119,-0.364462799695436,-0.5890273812474411,-0.4253969550433039,0.0096265815109789,-0.093943866874099,,,
ROK,Rockwell Automation,Industrials,Electrical Components & Equipment,-0.1411550853206996,0.5202122959704503,1.1455748639477368,-0.2439363689206237,-0.4122056341942134,-0.9155668129515702,0.0997459622098339,-0.5972450534570161,-0.5612811325232759,-0.6264039231494983,-0.3374021154178948,-0.4884270650915428,-0.6205954497806359,-0.48172486448633,-0.0642800382982566,-0.5145904824192109,-0.9053256905134324,
ROL,"Rollins, Inc.",Industrials,Environmental & Facilities Services,0.7305730222136394,0.0014791509340784,0.037662792689896,-0.6301818119480215,-0.4737345748201644,-0.6896920856578723,-0.9309623139584512,,,-0.8298959900473573,-0.654658090614179,-0.7620417970931839,-0.8381964714189717,-0.6906713165666808,-0.5950528605375119,,,
ROP,Roper Technologies,Information Technology,Electronic Equipment & Instruments,-1.322992458275589,0.5000724932688674,-0.0646635250365149,0.5811590921156867,-0.3330594287256981,0.9387190821733652,-1.402212838687079,,,-0.3966339034913043,-0.1887147377427507,-0.2097208565662146,-0.200808456167041,0.2370766168985627,-0.3326279388448452,,,
ROST,Ross Stores,Consumer Discretionary,Apparel Retail,0.9224085440982172,0.1333702896322589,-0.0811767622713216,0.0831135415267033,-0.0822254543625422,-0.2833191189731583,-0.3004721488737856,-0.5760463985823091,-0.4860609699351729,-0.2154683639529593,-0.10930972654317,-0.1464093795302621,-0.2857300983676497,-0.4578888355629525,0.1025065043859568,-0.4763633426044138,-0.5073581226369007,
RCL,Royal Caribbean Group,Consumer Discretionary,"Hotels, Resorts & Cruise Lines",-1.247893394527869,1.3552925945690653,-2.4644839154722007,0.2123935456267306,-0.0945573068187817,0.1535165270206975,1.2770066327135872,0.3561951321954946,1.4386827344005046,-0.2669732618549428,-0.0463580558064963,-0.0805058169707673,-0.0825040364613262,0.3518481231568123,-0.4078602755312686,0.6674761131225999,-0.68317812704486,
SPGI,S&P Global,Financials,Financial Exchanges & Data,0.0620332354458112,0.6352201278010374,0.2230907850973691,-0.351834117521264,0.0227415979841819,-1.8052467036390647,-0.9121932667690076,-0.2809994611377582,-0.2956230689005524,-0.3059551085873694,-0.1991634737173473,0.3603916743859773,-0.4177739880148585,-0.0931697375154846,0.0108721935663186,-0.2772058296188989,-0.3610279288495385,
CRM,Salesforce,Information Technology,Application Software,-0.8480491855805953,0.2253575130270143,-0.7212454238491858,,0.2551167153528106,-0.2992249824699305,-0.3186847360652452,-0.464631922375673,-0.3089496218918612,0.0571449225952532,0.0610586737141642,,0.476707985888948,1.5000595857047303,-0.2126810086981426,-0.3288040489959217,-0.3714430387429328,
SNDK,Sandisk,Information Technology,"Technology Hardware, Storage & Peripherals",2.368719261555557,0.7438829111603832,3.297151076565885,-0.4654255115392601,-0.4094172664310133,,,,,-0.0597868566282292,0.4188465042507503,0.2973071003331375,-0.3160400791586121,-0.7430778937396095,0.88332262019959,,,
SBAC,SBA Communications,Real Estate,Telecom Tower REITs,0.0272257112886332,0.6447556932552784,0.4735227013072137,1.2348831047615108,-0.2516692821144161,-0.6318359895055319,-1.38105539261752,,,-0.432863961237488,-0.2092205592372208,-0.4855780739026781,-0.8120582985715058,-0.0362060948117127,-0.17798886553934,,,
SLB,Schlumberger,Energy,Oil & Gas Equipment & Services,-0.2277811968618613,-0.863346285740755,-0.5377868074138883,0.1747191631997223,3.2515288153784923,-1.6277449992649826,-1.414213562373095,,,-0.3951480098058447,-0.5453208988072142,-0.5103761257232042,-0.3196153901948402,-0.3545562907844541,-0.4955907629183818,,,
STX,Seagate Technology,Information Technology,"Technology Hardware, Storage & Peripherals",1.993373870005408,0.2770459559089512,0.5034250453547754,-0.2165895774942858,-0.2355421902104763,-1.244564086379357,-0.3186847360652452,,,-0.321949870887264,-0.1754182104308344,-0.2106149424151875,-0.4301114232217389,-0.3364962163642976,-0.2090185070142738,,,
SRE,Sempra,Utilities,Multi-Utilities,-0.8905274362004967,1.643134197886416,-0.6324929741474792,0.3663967421083133,0.4937559196716739,-0.8203290121576166,-0.0932054649001802,,,-0.3781578840011017,0.5098195184442061,-0.0204274373637228,0.6926603284850117,0.1053733997319616,-0.616730196265881,,,
NOW,ServiceNow,Information Technology,Systems Software,-0.6034962084695286,-0.0411958007314498,-0.594583548874632,0.4166056410205593,-0.2430215784098041,0.0834122738743612,-1.402212838687079,,,-0.3043609730040679,-0.2809428415277961,-0.2697871695108477,-0.232691101075311,-0.137620630145812,-0.327134186319042,,,
SHW,Sherwin-Williams,Materials,Specialty Chemicals,1.1182848276873376,0.2151449479628554,0.5523336511111547,-0.0646580985174329,1.153743319817914,0.6959352672417296,0.0,,,0.4212890265090801,0.4375962192384504,0.2376567842214704,-0.3748241097783109,0.7343915707291755,0.949593258019272,,,
SPG,Simon Property Group,Real Estate,Retail REITs,-0.2202556515000968,0.5884284296121856,0.7012130227325666,0.1831535848655163,-0.2078890052437419,0.2829335173423853,0.2511009804759127,,,0.1087894662358633,0.8705003150791889,1.373621560371785,0.4342606201179796,1.6439491235909345,1.3700311348514398,,,
SWKS,Skyworks Solutions,Information Technology,Semiconductors,-0.6035935751362481,-0.0846457315327356,-1.3869971631035158,-0.4732662807583854,-0.4195369798618382,2.6493326987713752,-0.3186847360652452,,,-0.4543186102082333,-0.3089238205164584,-0.3299022507745157,-0.4532897011099546,-0.4607477283502776,-0.4168471650654078,,,
SJM,J.M. Smucker Company (The),Consumer Staples,Packaged Foods & Meats,-0.7090915680749433,0.3781777706923857,0.3188613382552188,0.4435608948203749,,0.9780729833450524,-0.8481626288402713,,,-0.4423620964002174,-0.2695092988424148,-0.4905226599590745,-0.5911251064525965,-0.4388149887432646,-0.4711019394594868,,,
SW,Smurfit Westrock,Materials,Paper & Plastic Packaging Products & Materials,0.0881731647086028,-0.5334465900611146,-0.2700533845787983,0.27690216908049,2.380078777388825,,,-0.8943496258583481,-1.441750952728735,0.8204031599102898,-0.6219303692434127,-0.1634061141956239,0.5705348159871104,1.021303767823718,-0.1368340833249352,-0.791736051296291,-0.6534090710264978,
SNA,Snap-on,Industrials,Industrial Machinery & Supplies & Components,-0.5585083533028601,0.7476685525713319,0.313990019097555,-1.2421885433126392,-0.612174691228554,0.8914310053980111,0.0997459622098339,-0.5988955541380342,-0.5004441599441053,-0.7876580301981992,-0.5144763353578103,-0.6495036414191564,-0.6895121479167028,-0.7824082433964996,-0.5055001830756948,-0.511158085523412,-0.950863492598599,
SOLV,Solventum,Health Care,Health Care Technology,-0.3250092667284058,0.0439341014587972,-0.0268096850493735,0.9134722760597904,-0.5149896046724565,,,,,-0.5045648041432009,-0.3086739148414271,-0.4496564689745218,-0.6611878895606458,-0.5169595184605884,-0.5509291928873266,,,
SO,Southern Company,Utilities,Electric Utilities,-0.3196610059000416,0.4020257640817649,0.3433822609518091,-0.6582209134400522,2.483467588915281,1.6585526870373866,-0.0932054649001802,1.4422766769259898,0.2530571669156838,1.483106405277807,1.1909900598341878,2.0958782193606824,1.5972653191044834,1.66231544171314,-0.2577818963779793,1.56077502451001,-0.6534211439744698,
LUV,Southwest Airlines,Industrials,Passenger Airlines,0.4097874783498401,-1.2757018980594612,-1.5809815643721303,-0.5808842566733394,0.3177737173920681,0.9196653463097232,0.0997459622098339,,,0.3822996967963217,-0.5476327021850943,-0.3489736089324221,-0.0852892654504091,-0.5413948900682998,-1.089007297618638,,,
SWK,Stanley Black & Decker,Industrials,Industrial Machinery & Supplies & Components,-0.2294065829868055,-0.5385149341637112,0.2295591619873604,-0.075029002306812,-0.1814721068468975,0.1573381416934938,0.0997459622098339,,,-0.3547842214687126,-0.4055168255304674,-0.3765509216110796,-0.3673720813589625,-0.349140745144341,-0.0161983558545614,,,
SBUX,Starbucks,Consumer Discretionary,Restaurants,0.4443488623366062,-0.1642214634153102,0.3017701709356339,0.135920089876205,1.009446730288172,0.852453560610867,1.2770066327135872,,,-0.1055556438389686,-0.0651729613179434,-0.0696537532725971,-0.1984288258293423,-0.1048651758594129,0.349279776394059,-0.3868898523635844,-0.0748823896449502,
STT,State Street Corporation,Financials,Asset Management & Custody Banks,-0.8527105943781623,0.4369116097136037,-2.432516178688282,,0.1270955333966102,0.6975147416558676,-0.9121932667690076,-0.2760724443191129,-0.1476333294944643,-0.3123708218095123,-0.2326769041366854,,0.0085592725950576,-2.2193815530417664,-0.6435963143183888,-0.2778869178181543,-0.2356627914794998,
STLD,Steel Dynamics,Materials,Steel,2.5620118719359373,-0.0268028808177275,-0.1988623517934764,-0.3248878816517466,-0.7716006449218517,1.2225057570573754,-1.224744871391589,,,0.1970165832605013,0.0030119984846909,-0.2423115391234192,-0.8844485430283078,-0.6367151984727462,-0.1320978107922303,,,
STE,Steris,Health Care,Health Care Equipment,-0.3912032101712162,0.1657429101556644,0.1981201245856229,-0.4989666307099317,-0.5556810786883963,,,,,-0.5300300699506847,-0.2572489466346375,-0.4128959284137239,-0.7143428369193835,-0.6982733614955771,-0.4821706841372478,,,
SYK,Stryker Corporation,Health Care,Health Care Equipment,-0.3976513866625716,0.2443132150205703,0.1491476851556495,-0.2196448417282908,0.0294490971592503,1.5063261569345785,-0.2452455354239353,,,-0.3488509074005251,0.2545745805964901,0.127086147039476,-0.1505857304817447,-0.1351380123909505,-0.0869613794188743,,,
SMCI,Supermicro,Information Technology,"Technology Hardware, Storage & Peripherals",2.074279626212395,-0.0059489465691895,-0.907575557687668,-0.2707489647212171,-0.4471361983095425,,,,,0.0460794914557362,-0.1876852368990066,-0.2159267064439354,-0.2483483417466284,-0.3782636847471902,-0.282134676255104,,,
SYF,Synchrony Financial,Financials,Consumer Finance,-0.514068305680865,0.2077510484517572,0.9931756219498163,,-0.3423407121121329,-0.8357084860923795,0.2189263840245619,,,-0.3339747540881568,-0.2828210594257703,,-0.3469844968432158,-0.269119619653837,0.1623722866000571,,,
SNPS,Synopsys,Information Technology,Application Software,-1.4110143328435547,0.1232385818528181,0.4641618478736917,0.35167329864843,-0.2539416691756124,-0.4117653519829575,-1.402212838687079,,,-0.3785575278293455,-0.254688821863311,-0.240444897558192,-0.0865390638661123,-0.0482386376101399,-0.2770923270618377,,,
SYY,Sysco,Consumer Staples,Food Distributors,2.1492422332250576,-0.1869743216437921,-0.7770444358060213,0.2966822571332884,-0.1991763488156116,-1.733293894535536,-0.8481626288402713,,,0.1525207070883956,-0.1484772072871067,-0.2599248309929509,-0.3673049710105318,-0.0420861341708673,-0.1277966743018319,,,
TMUS,T-Mobile US,Communication Services,Wireless Telecommunication Services,-0.710505366375221,-0.310631378914858,0.6288585470620911,0.7867419997771999,0.1614980308583967,0.5460059981638914,0.4865618401009519,,,0.0294049634080418,-0.2642589621551789,-0.1995732811653792,0.1128320510540383,1.033524174505754,1.3051556017704398,,,
TROW,T. Rowe Price,Financials,Asset Management & Custody Banks,1.0103199139799888,0.926376070528378,-0.0267075439090709,-1.431876452914678,-0.5279515388288553,-0.9258980877246298,-0.9121932667690076,,,-0.4525083291903195,-0.346572171426466,-0.5246136195161889,-0.474800881445026,-0.3187235694770223,-0.1303841738442357,,,
TTWO,Take-Two Interactive,Communication Services,Interactive Home Entertainment,0.4787020527891729,-0.6316817929035892,-1.813811715781377,-0.1167386099827337,-0.7398940924751081,,,,,-0.6047243209046141,-0.3691118714230196,-0.4095997234976423,-0.6513003800108028,-0.7244344414501656,-0.3650381483696574,,,
TPR,"Tapestry, Inc.",Consumer Discretionary,"Apparel, Accessories & Luxury Goods",0.0691996199223989,0.75273850139179,1.19225599104086,0.1107296966342948,-0.4800793172130247,-0.8774155975248021,-0.3004721488737856,-0.6318051669693215,-0.5592760303670055,-0.3732047242738107,-0.2238597399664844,-0.2371071250596404,-0.3516050000213414,-0.422003138270368,0.0496528602224871,-0.4827101169758577,-0.6822634271529893,
TRGP,Targa Resources,Energy,Oil & Gas Storage & Transportation,-0.2596503291997359,-0.2381755142493029,-0.598836067745224,1.2408572192258809,-0.5800343923234227,0.205662696363219,0.0,,,-0.5503893390605646,-0.5509831401307701,-0.5332297558202302,-0.5698572401373341,0.3849421840933374,-0.5969982200239706,,,
TGT,Target Corporation,Consumer Staples,Consumer Staples Merchandise Retail,0.6104138363005218,0.0266488602470747,-0.2833667935477352,-0.841579590310281,0.6831756884482337,-2.011858984728747,0.7421423002352378,0.967409595793651,-0.3209480196503391,0.2844698234981997,0.5594564204250173,0.5855607355943898,0.2354444268512112,-0.1826438409185253,0.7311832609013871,-0.4303904534161027,1.362024531705173,
TEL,TE Connectivity,Information Technology,Electronic Manufacturing Services,0.1823013284994361,0.0380948043853433,-0.2926002316317857,0.1249981011203308,0.3164421787436096,-0.3217330563725359,-1.402212838687079,,,-0.2467303103867801,-0.2332660503695302,-0.2415828250023393,-0.2836159707504014,-0.1767902270508801,-0.2524191519681188,,,
TDY,Teledyne Technologies,Information Technology,Electronic Equipment & Instruments,-0.7901610959212437,0.0453637603442217,-0.2896344328245168,0.2025349943258692,-0.3661784908629432,,,,,-0.4185659817456584,-0.2858482535958577,-0.3097853191726257,-0.3818037788001431,-0.3474775800054769,-0.3616166396726665,,,
TER,Teradyne,Information Technology,Semiconductor Materials & Equipment,0.9665985342130028,0.1926333387925136,0.3682461693297937,-0.4564519184555473,-0.4508160941025698,0.1734445694847824,-1.402212838687079,,,-0.4349516614468448,-0.2728342907328726,-0.3048001403203481,-0.4760346534943607,-0.4696104646316431,-0.3444519592810471,,,
TSLA,"Tesla, Inc.",Consumer Discretionary,Automobile Manufacturers,-0.6216602817071891,-1.074417724916413,-1.2559939689198028,0.0823539554667474,0.0139427786445586,0.9398206898096382,1.2770066327135872,-0.4986551502892232,-0.531962696152168,0.5742804251083055,-0.049543166775786,0.0561884469196461,0.6540575973425375,-0.4424555158569158,-0.4833193514133888,-0.431345773701404,-0.3727644469165183,
TXN,Texas Instruments,Information Technology,Semiconductors,-0.3160957881579253,0.2836700324027054,1.0402725255220882,0.1299621850506677,-0.207942971762772,0.9837352299785768,0.7648433665565884,0.7216766180395986,3.217266802239663,-0.2318436174856393,-0.102737591020678,-0.1043000069191386,-0.1943245445080878,0.2015969095570156,-0.0128915418431006,-0.1320580230132783,0.2477633742262886,
TPL,Texas Pacific Land Corporation,Energy,Oil & Gas Exploration & Production,-0.3869482754115096,3.112267174833967,2.4539851957391754,-1.0655510835146342,-0.7056332014462323,,,,,-0.6940572266549059,-0.712560752703474,-0.739425382259511,-0.8167528188904566,-1.2395612369133575,-0.650327351098001,,,
TXT,Textron,Industrials,Aerospace & Defense,-0.1219165869248842,-0.8269705477934348,-0.8172524752196071,-0.1870933713965386,-0.2891477529423116,1.3290632895295504,0.0997459622098339,,,-0.3768243708373605,-0.5296129376050487,-0.6067274689119204,-0.4224891255602698,-0.5371873882644429,-0.548360325344509,,,
TMO,Thermo Fisher Scientific,Health Care,Life Sciences Tools & Services,-0.5274696423735806,0.1798301750377808,0.1103419234298317,0.5480476265251002,1.0901637579449903,-1.4846176935039763,0.9319330346109536,,,-0.156697114730625,0.4734042325402754,0.5150951829309687,0.8383336528692161,1.3607136886242677,0.2253929081183568,,,
TJX,TJX Companies,Consumer Discretionary,Apparel Retail,1.0525060066531098,-0.3144251943701797,0.0393369713943052,0.1184146132474891,0.9932738090340874,-0.9473093008838191,-0.3004721488737856,-0.507721704367504,-0.4967902939615813,0.104984230569245,0.0428250513336156,-0.0194049882428217,-0.135888446751173,-0.1619270458128256,0.4779341017156018,-0.4505772347906678,-0.3468357123215084,
TKO,TKO Group Holdings,Communication Services,Movies & Entertainment,-0.9311807449005048,-0.4599969021189409,0.912420694996419,0.4911528069900417,-0.8692284956378562,,,,,-0.6043312025719784,-0.3647655579999912,-0.4036811528136931,-0.6243972675086262,-0.6616088479115276,-0.163713242767044,,,
TTD,Trade Desk (The),Communication Services,Advertising,-0.3809090912015759,-0.4123353926843553,0.636226064980466,-1.6442770376848688,-0.8715077078161648,,,,,-0.6291515628875012,-0.3659566416880813,-0.4136791391830422,-0.6636308795097285,-0.7646259788221396,-0.2428165657384215,,,
TSCO,Tractor Supply,Consumer Discretionary,Other Specialty Retail,0.7802834705353895,-0.5737167288041718,-0.3121920572857321,0.1152421725346982,-0.3126895822332485,-0.6502610616079969,-0.3004721488737856,,,-0.2774219317083268,-0.2209214750973147,-0.2256680528304463,-0.3128190810680797,-0.4025064848917482,0.0020364838121332,,,
TT,Trane Technologies,Industrials,Building Products,0.2988290717219574,0.1496478114326593,0.0823511347493251,-0.6414054573552189,-0.1353254013774343,-1.2684960743479727,0.0997459622098339,,,0.0396635676808801,0.2845200261214151,0.0946137330748482,-0.2595823262766304,-0.4320476556885201,0.3243983584694421,,,
TDG,TransDigm Group,Industrials,Aerospace & Defense,-0.9600379002900692,0.7646704084176514,0.7531607859563096,2.890724180636017,-0.5583368681808469,2.049038982778212,0.0997459622098339,,,-0.5558490695236099,-0.1800295047521625,0.1101259714565931,-0.1800247616841437,2.189369405675789,-0.068631321777324,,,
TRV,Travelers Companies (The),Financials,Property & Casualty Insurance,0.3667963716955625,-0.2262098150385988,-0.2204483771626337,,-0.1337222491999529,-0.1592864738505058,-0.9121932667690076,,,0.2182348482462862,0.0505493800086981,,-0.3210189153193261,-0.1330953845691998,0.0874399540298862,,,
TRMB,Trimble Inc.,Information Technology,Application Software,-0.7355294019443077,-0.6735833545987775,0.1083832335439901,-0.8652043474928914,-0.4057373706379861,-0.8619268300350653,-1.402212838687079,,,-0.4524909370203704,-0.3624913440933899,-0.3741351161391562,-0.4431356679463617,-0.3753567455965237,-0.3710475815086287,,,
TFC,Truist Financial,Financials,Diversified Banks,-0.8574383100932119,0.5884354509165352,-0.284085978099006,,-0.0763670732178829,,,,,-0.2400958483682289,-0.1326405742383604,,0.1651850995479837,0.2625759258243537,-0.0964713463457119,,,
TYL,Tyler Technologies,Information Technology,Application Software,-0.7665480375329358,0.0380914500562527,-0.2173641215789577,0.0753577086002101,-0.4390496273043652,,,,,-0.4685520573377121,-0.3026080230175105,-0.3305861451684482,-0.4679540251255573,-0.4215000445515405,-0.3920492817893532,,,
TSN,Tyson Foods,Consumer Staples,Packaged Foods & Meats,0.4146591081469324,-0.2419003752124786,-0.8532120898722204,0.4413068678517005,-0.041710446780833,1.980907308040612,2.332447229310747,,,-0.0942226462704587,-0.3454813616051865,-0.4685097824485849,-0.2348719085349707,-0.3937955528488634,-0.3887017948074825,1.4631631014637485,,
USB,U.S. Bancorp,Financials,Diversified Banks,-0.8378654704318202,0.5559434777932526,0.9346799177753392,,0.4027252268599381,2.09545356695574,1.3500460348181316,,,-0.0742038350528195,0.042737978933514,,0.3773988589743861,0.2080000107292956,0.5191929178865856,,,
UBER,Uber,Industrials,Passenger Ground Transportation,-0.0862162578996138,0.4273049266850406,0.4056118059178453,-0.6944283348128466,-0.2491539415354435,,,,,1.3316581127577496,2.048414714980153,1.8752306721672607,0.9182938016883728,0.0034765935311616,2.261480981263288,,,
UDR,"UDR, Inc.",Real Estate,Multi-Family Residential REITs,-0.2773869824833233,-0.2101812919096052,0.3854597184730872,0.1941625751112457,-0.2664486112491022,0.2448181212237222,0.2511009804759127,,,-0.57887743000489,-0.7004095859962204,-0.8064941645507745,-0.8778780754600745,-0.7608550392249481,-0.5524497634454547,,,
ULTA,Ulta Beauty,Consumer Discretionary,Other Specialty Retail,1.258356759137204,-0.4050363539943233,-0.8187632307543411,0.0835736712507981,-0.4445716685996819,-0.7376281908067684,-0.3004721488737856,,,-0.3315418906355175,-0.2388283964745878,-0.2415516016601282,-0.3496746101021741,-0.4680491460923272,-0.0966976381106544,,,
UNP,Union Pacific Corporation,Industrials,Rail Transportation,-1.0068294056627414,1.896002109024584,1.4742378134112044,0.3493417979598724,-0.3704274835091928,-0.096770926511916,0.0997459622098339,,,0.123818363886525,1.5666863418735983,1.802370158556035,1.0704669117312775,1.998214948723293,1.6207544889706085,,,
UAL,United Airlines Holdings,Industrials,Passenger Airlines,-0.1379288957340653,-1.059370268123669,-1.1571270158001723,1.0880025458555478,0.9952688826244136,0.6232047667367453,0.0997459622098339,,,1.905493265729052,0.1395209871339808,0.0819219016716024,1.4462022913898962,0.8110300647486857,-0.4852667148980312,,,
UPS,United Parcel Service,Industrials,Air Freight & Logistics,0.7221682807907207,-1.289959994259812,-1.224569539997777,0.6380601505940892,6.263684423721461,-0.7885122788488649,0.0997459622098339,-0.6183766124868969,-0.6592860551078973,2.7564375517496966,-0.1019438582386312,0.6326847088618375,1.0720420862529787,1.148873334590191,-0.595136622744484,-0.5161062905329308,-1.086882988795514,
URI,United Rentals,Industrials,Trading Companies & Distributors,-0.6638104411377749,0.4520513622156685,-1.796315503337425,0.1498407159159087,-0.3737500463029941,-1.028504176598419,-0.9309623139584512,-0.5999967608597607,-0.6144232698376695,-0.2807181099404143,0.0770524699231558,0.6264171377985063,-0.0517605506313439,0.6025674753757783,-1.059636134134933,-0.50563036716977,-1.0098377547888278,
UNH,UnitedHealth Group,Health Care,Managed Health Care,0.526701072782147,0.0535603368422203,0.0216865704555008,-0.3126484732484725,5.163922962411962,-1.0022073950461452,0.9319330346109536,-0.4925428277126795,-0.6880324705194388,3.399765625530517,2.256390179247466,2.4969678044696355,3.817535902206801,1.708268450076456,4.575027775804021,-0.6713553914804041,-0.4245359387199093,
UHS,Universal Health Services,Health Care,Health Care Facilities,0.2354189695773933,0.0909109720911647,-0.0633533467148341,-0.0884650011781745,0.7365922043497436,2.413257518035301,0.9319330346109536,,,-0.4182107119617579,-0.1819206446860667,-0.3203940301603845,-0.6355344622500864,-0.514902014266354,-0.5173009071808629,,,
VLO,Valero Energy,Energy,Oil & Gas Refining & Marketing,2.6370974621376377,-0.8926494263201238,-0.461350685546513,-0.7460356883787513,-0.3541673209408238,0.1203879198223722,0.0,0.453709567378881,-0.2672914766355229,0.8210500867672432,0.2309882620952588,0.0720856145842113,-0.2350402416091435,-0.9205823900208812,0.3399549140589741,0.3912355051038125,0.7305886488493856,
VEEV,Veeva Systems,Health Care,Health Care Technology,-0.5421310884731141,0.3774512492826726,0.3269152279327885,-1.592417191884048,-0.7095461952073018,,,,,-0.5501071016641021,-0.2223651215316248,-0.4561553652803257,-0.7397445175246814,-0.8688638238969011,-0.5029052282471259,,,
VTR,Ventas,Real Estate,Health Care REITs,-0.013309643226581,-1.1084607879834172,-0.6511237436056159,0.152690919027877,-0.2970529767685703,-0.1363358399629098,-1.38105539261752,,,0.0780711035646732,-0.6945982438242556,-0.1256340787167923,-0.0137577379675013,-0.0266758995230731,-0.0954785661448194,,,
VLTO,Veralto,Industrials,Environmental & Facilities Services,-0.4214160446514234,0.3645548780570363,0.6274093027705685,-0.4390004690756169,-0.550645750602603,,,,,-0.764711217990901,-0.5380221610757366,-0.6741038578427315,-0.6918439687711495,-0.6269793017603879,-0.4189096418422527,,,
VRSN,Verisign,Information Technology,Internet Services & Infrastructure,0.6529980985801034,0.4369263308643696,1.5558384989232097,0.3230624654121227,-0.5030154159266611,1.1412917472968145,-0.3186847360652452,,,-0.4788939362450341,-0.289577638148682,-0.3188480984599418,-0.5044529967295567,-0.3596762918274417,-0.3747833332261748,,,
VRSK,Verisk Analytics,Industrials,Research & Consulting Services,-0.3665796462597994,1.813448617391688,1.8916510496208827,0.4793081979433257,-0.6890858670109926,-0.9438011538632822,-0.9309623139584512,,,-0.8747800866030637,-0.5529184997952411,-0.6021834798910053,-0.8061031906390395,-0.3741466933649902,-0.4516530500222352,,,
VZ,Verizon,Communication Services,Integrated Telecommunication Services,-1.1522376823444629,-0.3695413400320538,0.3739466045317818,1.4653649984603578,0.4895884463346688,-0.4014749986499198,0.4865618401009519,,,0.3713325949660465,-0.2451662567921796,-0.1145253661854139,0.8476089792651331,2.814193777973056,1.690944119986434,,,
VRTX,Vertex Pharmaceuticals,Health Care,Biotechnology,-0.4631914354519277,0.4238903370013753,0.4128702679629628,-1.276618182710994,-0.7330356445070207,0.4257270883890357,-0.2452455354239353,,,-0.4645733515299964,0.170753309569327,-0.1027267420538375,-0.4614108349904068,-1.0080180747539895,-0.1101851235247269,,,
VRT,Vertiv,Industrials,Electrical Components & Equipment,-0.16144130992989,0.2261059027510479,1.1442419565023618,-1.0437242990604123,-0.2891477529423116,,,,,-0.4679357437322868,-0.2295237914653546,-0.3543010443362537,-0.485302022424745,-0.7351120981195088,0.2308457636694922,,,
VTRS,Viatris,Health Care,Pharmaceuticals,-0.5224318325197305,-0.0526518829028603,0.0109906635796137,1.1229821499712462,-0.3702404851658111,,,,,-0.4495387837371933,-0.4089549814278401,-0.3054708149710223,-0.3458929130921069,-0.0843876862460145,-0.4606709734366331,,,
VICI,Vici Properties,Real Estate,Hotel & Resort REITs,-0.5825956287781469,2.26793444454524,1.3509735934742984,0.4617679219563596,-0.3149694276535436,,,,,-0.25997444369198,1.03158239112659,0.1241930173011815,0.8158155189313544,0.4301667714236925,0.7884043797955477,,,
V,Visa Inc.,Financials,Transaction & Payment Processing Services,0.990491414990518,2.1005064611225768,0.6896985508737428,-0.7792613951389287,-0.1322321173220088,-0.9709928885407544,1.3500460348181316,-0.282475155747898,-0.3545228285250382,0.1841922882920586,0.912323305077392,3.637037662066472,-0.3797742889385112,-0.0856246050314559,0.7149982393050681,-0.2780984085088703,-0.3750214512594359,
VST,Vistra Corp.,Utilities,Electric Utilities,1.3942187541193032,-0.7714064892614345,1.1398902781096696,-1.6787109570070458,-0.9068461901733542,,,,,0.0988495469196235,-0.3791351403459027,-0.2541942930433798,-0.7137676334420402,-0.6369671503272096,1.00566428553792,,,
VMRK,Vivmark Residential,Real Estate,Multi-Family Residential REITs,-0.3800515272641452,0.0702937214829862,-0.0108716389965384,0.0659262815519689,,,,,,-0.4013849936923392,-0.3722296536335015,-0.4533775262539955,-0.3415502288162287,-0.4164893909781036,-0.3248240148071636,,,
VMC,Vulcan Materials Company,Materials,Construction Materials,-0.5578691335657473,0.3855347182651595,-0.0885311349472249,-0.1680436233225488,-0.8817549306133964,0.6813083091912954,0.0,,,-1.0680363637740036,-0.2928115879816201,-0.4739668245528359,-0.9192281018898708,-0.5433955116835071,-0.3108290488644611,,,
WRB,W. R. Berkley Corporation,Financials,Property & Casualty Insurance,0.3126320883166346,-0.6876548267810249,-0.0783538461641832,,-0.509175877166759,0.1789245322704309,-0.9121932667690076,,,-0.3342271272970482,-0.3918629268410631,,-0.4384371783134443,-0.2692043272103208,-0.0784746517809868,,,
GWW,W. W. Grainger,Industrials,Industrial Machinery & Supplies & Components,2.2785072328396327,-0.238795309610006,-0.7165076566815585,-0.7160245981893598,-0.4721963513045156,-1.1555587107011238,0.0997459622098339,,,-0.1799961109557933,-0.1427886579534014,-0.2518262574507875,-0.6620281653246654,-0.5735249038432066,-0.4134705374934184,,,
WAB,Wabtec,Industrials,Construction Machinery & Heavy Transportation Equipment,-0.6898918326841591,-0.1092615402166656,-0.2613856755937941,0.3289845161027714,-0.3352944584117748,-0.1250052674236282,0.0997459622098339,,,-0.4836457380092662,-0.353019244720601,-0.3716935540369979,-0.2820173119642868,-0.1831834864944874,-0.3634307774841429,,,
WMT,Walmart,Consumer Staples,Consumer Staples Merchandise Retail,1.5275339210980827,-0.1451645399737386,-0.8023545781858653,-0.805680111538807,5.298555575674501,0.0123806706752537,0.7421423002352378,,,5.108099153126638,2.9560733546631206,4.111999829001759,4.506323504294189,2.097164344311424,3.62178262896509,,,
DIS,Walt Disney Company (The),Communication Services,Movies & Entertainment,-0.3947738415499291,-0.3841483909384484,0.1058719665763663,0.4719830346175721,1.6213552069775965,-0.8832449970298237,-0.5838742081211422,,,0.1027007399512295,-0.283511841220888,-0.2808002028636358,0.0798996894040387,0.1410420966443711,0.8452482520047834,,,
WBD,Warner Bros. Discovery,Communication Services,Broadcasting,-1.0355913640222705,-0.5548634636064401,-0.3279929321872907,0.4722413282057587,-0.4119343324740256,,,,,-0.3904423133802464,-0.3632463104297895,-0.3214752926366627,-0.3217757240172435,-0.1249585461026877,-0.0812371423659992,,,
WM,Waste Management,Industrials,Environmental & Facilities Services,-0.6399377792543702,-0.191453935342306,0.1236622821688983,0.9119783587387004,0.1184814787046131,-1.070855687965987,0.0997459622098339,,,0.094145761894329,0.1154946343605866,0.6185826739693422,0.3737334670431523,1.4326884562685342,0.4165367861386951,,,
WAT,Waters Corporation,Health Care,Life Sciences Tools & Services,-0.6903620594368202,-0.1199493803209652,0.0244320301119918,1.54615140802602,-0.5854579525716135,-1.1372822786143382,-2.5996026754937134,-1.2546875304727991,-0.4963709986501224,-0.5246156346826688,-0.417137307543999,-0.4785616118761667,-0.5019155445135626,-0.524123878356295,-0.546365575049932,-1.0565946968847104,-1.2054397053014383,
WEC,WEC Energy Group,Utilities,Electric Utilities,-0.4524490819593038,0.1094058832888337,0.1662785975651285,0.4289819951651855,-0.8173649074957812,0.2081431821892461,-1.3980819735027004,,,-0.8153679302440292,-0.3890726416128653,-0.599787579276734,-0.5174002719178022,-0.5048248207733682,0.2233643265403523,,,
WFC,Wells Fargo,Financials,Diversified Banks,-0.8488557708844245,0.5557710861946561,0.1285343634305034,,2.3021367264002186,3.4257501910314248,3.6122853364052703,,,0.90360323317092,1.1086162546763725,,2.2439020049671625,-0.2089378177887879,0.8098530571220702,,,
WELL,Welltower,Real Estate,Health Care REITs,-0.1563694023750207,0.2197695319871433,-0.7283811953762273,-1.0551914354411829,-0.2911273023513612,-0.0219896516069206,0.2511009804759127,,,0.8719652854109071,1.7969039751037024,0.9819418760583812,1.6602736858475324,0.054807259197824,0.6208470973933139,,,
WST,West Pharmaceutical Services,Health Care,Health Care Supplies,-0.0822393783778997,0.2217568629064959,0.0237313362270025,-0.968022791012709,-0.6653958690366257,,,,,-0.5520859835440993,-0.2791794834924821,-0.4755350733841121,-0.8152855506908014,-0.7835236904871252,-0.5829759314788088,,,
WDC,Western Digital,Information Technology,"Technology Hardware, Storage & Peripherals",0.9722168173998392,0.7992824407431948,0.699332148118144,-0.4039065357354147,-0.1435447953847953,-1.0870075690611192,0.7648433665565884,,,-0.3161524129257637,0.0126402435823253,-0.0707311473167929,-0.3947206408474668,-0.4871194005982791,-0.1791691182907432,,,
WY,Weyerhaeuser,Real Estate,Timber REITs,0.842933365974291,-0.7685485216764522,-0.9879206534526084,-0.6280990842225533,0.0151952081100116,1.3120492125462917,1.883257353569345,,,0.1472740580108251,-0.3484542602524335,-0.6959285758537382,-0.599457725773405,-0.861437627771324,-0.3917132853908213,,,
WSM,"Williams-Sonoma, Inc.",Consumer Discretionary,Homefurnishing Retail,0.6464652926423988,0.5923046723018133,1.1533623504425323,0.0902459495896215,-0.4509680589556724,,,,,-0.3702156568987123,-0.226064519281012,-0.2364042916179918,-0.3600100418132291,-0.4560825288562798,0.0536603489821727,,,
WMB,Williams Companies,Energy,Oil & Gas Storage & Transportation,-0.8331144883960393,0.4910481593256822,-2.0592927793910234,1.920253797501322,-0.4921951788830782,-1.4145580579128665,0.0,,,-0.5979047846373033,-0.5344726794489997,-0.4770131620779107,-0.272580826125388,1.4119096587322677,-0.7662390437069467,,,
WTW,Willis Towers Watson,Financials,Insurance Brokers,0.3026003781430268,-0.9102605930870048,-0.1843093340346714,0.2373806325728663,0.076386345590171,-0.5200448803795055,0.2189263840245619,,,-0.415938763824105,-0.4481203854038589,-0.6617726527006893,-0.4565688455461869,-0.1931142246095399,-0.1342348631568695,,,
WDAY,"Workday, Inc.",Information Technology,Application Software,-0.1545461093983569,0.1438098767756835,-0.275710313733316,0.3754239752547702,-0.3192966184597762,,,,,-0.3700982505675216,-0.2455560676458832,-0.3075826167628834,-0.3765565879755082,-0.3070401748914043,-0.3295148124135567,,,
WYNN,Wynn Resorts,Consumer Discretionary,Casinos & Gaming,-0.9964223577178036,-0.6238555085455323,0.6208511726304883,0.278085302806998,-0.4157919552280382,1.0271878190084094,-0.3004721488737856,,,-0.3739116519896501,-0.2711217815763634,-0.23513334800411,-0.3057469123597735,-0.1303692116559213,0.0054318023210814,,,
XEL,Xcel Energy,Utilities,Multi-Utilities,-0.5631516782761579,0.6512701750413463,-1.9349370040564269,0.267198705611499,-0.1522696031349352,-0.055567636874052,-0.0932054649001802,,,-0.3211040540282306,0.1285808334752773,0.0406381902423916,0.1485736918475011,0.1413307905631093,-1.8218634774779696,,,
XYL,Xylem Inc.,Industrials,Industrial Machinery & Supplies & Components,-0.7111216236472204,-0.2501142637201075,-0.5468163655128939,-0.5125288714360742,-0.4737345748201644,-0.8590981311281454,-0.9309623139584512,,,-0.622612424006051,-0.511593173025003,-0.5440517582786077,-0.4447665937957561,-0.5896855357716567,-0.5570628923026438,,,
YUM,Yum! Brands,Consumer Discretionary,Restaurants,-0.1640377489250379,3.3548144825656543,0.6636663295054068,0.259999357121812,-0.3329057338008544,0.0486759719821724,-0.3004721488737856,,,-0.3626585000491047,-0.1089227355604013,-0.211518979138848,-0.3374927684102533,-0.0381511991267053,0.0285787038950481,,,
ZBRA,Zebra Technologies,Information Technology,Electronic Equipment & Instruments,-0.0103570337347537,0.0433856941373319,-0.5451306087482088,0.622707123354863,-0.4130971622240406,,,,,-0.4237493022112371,-0.2878294891395456,-0.3131909734518951,-0.4422602261195669,-0.2891899399089014,-0.3774935844722377,,,
ZBH,Zimmer Biomet,Health Care,Health Care Equipment,-0.570697458331825,0.1091076107016542,0.1335022047841328,0.4954977123710387,-0.5700852763283418,1.0625086823533734,-0.2452455354239353,,,-0.50570243991849,-0.2581052365770263,-0.3497466926862478,-0.531520678158972,-0.3840578655115493,-0.4559045281397987,,,
ZTS,Zoetis,Health Care,Pharmaceuticals,-0.2895616757250067,0.3581114027401222,0.2546247309907971,-0.0454712906703519,-0.6085169669365208,-0.3268329772051811,-0.2452455354239353,,,-0.495357064586956,-0.0237196506798457,-0.1976716349731229,-0.6485467460728966,-0.355955802664824,-0.3511441453391624,,,
