ticker,company_name,sector,sub_industry,score,rank,sector_rank,d_plus,d_minus,weight_env_intensity,contrib_env_intensity,weight_esg_risk,contrib_esg_risk,weight_controversy,contrib_controversy,weight_asset_turnover,contrib_asset_turnover,weight_profit_margin,contrib_profit_margin,weight_fcf_margin,contrib_fcf_margin,weight_leverage,contrib_leverage,pillar_environmental_score,pillar_social_score,pillar_financial_score,env_intensity_raw,esg_risk_raw,controversy_raw,asset_turnover_raw,profit_margin_raw,fcf_margin_raw,leverage_raw,percentile_index,percentile_sector
SNDK,Sandisk,Information Technology,"Technology Hardware, Storage & Peripherals",74.75986763760257,1,1,0.2707654515235933,0.8019922013917994,0.23980000000000004,0.186826135099774,0.14840000000000003,0.4283147842693248,0.08180000000000001,0.06973436041713128,0.16570000000000001,0.30665479328533435,0.07400000000000001,0.0,0.18720000000000003,0.0,0.10310000000000001,0.008469926928435545,76.10057375726493,60.99435552184087,80.91032408716453,4.334371326570802,16.4,1.0,0.3983205225041098,0.769994422755159,0.7900725041829336,-0.581262677484787,100.0,100.0
STX,Seagate Technology,Information Technology,"Technology Hardware, Storage & Peripherals",71.53241102276498,2,2,0.2938901788303802,0.7384774693937051,0.23980000000000004,0.15858203341344532,0.14840000000000003,0.12294512911506245,0.08180000000000001,0.03788289399344749,0.16570000000000001,0.34310627969729146,0.07400000000000001,0.04451786752502009,0.18720000000000003,0.29274521930135095,0.10310000000000001,0.0002205769543821225,76.10057375726493,75.50435424239913,68.36374305866403,4.334371326570802,10.7,1.0,0.3639189731247493,0.356572058418297,0.3080738495453293,1.1354484441732764,99.800796812749,98.61111111111111
NVDA,Nvidia,Information Technology,Semiconductors,69.10130358201249,3,3,0.3435340946101749,0.768273633337171,0.23980000000000004,0.0,0.14840000000000003,0.1453623861589388,0.08180000000000001,0.11090052311438449,0.16570000000000001,0.38488969079084817,0.07400000000000001,0.0,0.18720000000000003,0.3566333137547619,0.10310000000000001,0.0022140861810665637,100.0,63.81857379556398,63.08589471844974,0.13355192733394997,13.6,2.0,0.3004352550332217,0.6203219671381507,0.2224046725766724,0.1499155927039156,99.60159362549801,97.22222222222223
MU,Micron Technology,Information Technology,Semiconductors,68.59258016027329,4,4,0.3324536717084576,0.726065854584952,0.23980000000000004,0.12392583704832194,0.14840000000000003,0.2779677595918792,0.08180000000000001,0.11841617229642096,0.16570000000000001,0.3896497110954024,0.07400000000000001,0.0,0.18720000000000003,0.08473050488381416,0.10310000000000001,0.005310015084161276,76.10057375726493,56.43624604756447,70.90150668496672,4.334371326570802,18.2,2.0,0.309114769744691,0.6812765341566963,0.4236298726360478,-0.5233584438947605,99.40239043824701,95.83333333333333
WDC,Western Digital,Information Technology,"Technology Hardware, Storage & Peripherals",68.28636161758779,5,5,0.3363690484463958,0.7242757264935231,0.23980000000000004,0.12105760435474656,0.14840000000000003,0.10653481785222736,0.08180000000000001,0.1156754594239615,0.16570000000000001,0.4780203628451094,0.07400000000000001,0.0,0.18720000000000003,0.1752336383834882,0.10310000000000001,0.003478117140467056,76.10057375726493,67.17711126255588,66.01566282661764,4.334371326570802,11.4,2.0,0.270326816247024,0.8190552441953562,0.3418734987990392,-0.1568452380952381,99.20318725099601,94.44444444444444
FICO,Fair Isaac,Information Technology,Application Software,67.75960020204312,6,6,0.3394854183618071,0.7134959977784503,0.23980000000000004,0.1188452636161692,0.14840000000000003,0.27246286190101743,0.08180000000000001,0.04435995232922285,0.16570000000000001,0.3247248670715947,0.07400000000000001,0.035333165043935924,0.18720000000000003,0.007335745863939506,0.10310000000000001,0.1969381441741205,76.10057375726493,60.99435552184087,67.51408358274834,4.334371326570802,16.4,1.0,0.330910442025098,0.3517891152022878,0.5493156211620498,14.082874372283856,99.00398406374502,93.05555555555556
VRSN,Verisign,Information Technology,Internet Services & Infrastructure,67.16036372612064,7,7,0.3573694462036926,0.7308565110610782,0.23980000000000004,0.10724802178394326,0.14840000000000003,0.32948700213084,0.08180000000000001,0.025619960551619473,0.16570000000000001,0.4950656465851347,0.07400000000000001,0.0005765769563668727,0.18720000000000003,0.029341856466323413,0.10310000000000001,0.012660935525772285,76.10057375726493,57.75781682996577,68.01501792340046,4.334371326570802,21.3,1.0,0.2410694475260705,0.4981592268752876,0.4896456511734928,4.858490566037736,98.80478087649402,91.66666666666667
PLTR,Palantir Technologies,Information Technology,Application Software,66.87827101393502,8,8,0.37681938207501425,0.7608609069991167,0.23980000000000004,0.09646231102259034,0.14840000000000003,0.2211480418074081,0.08180000000000001,0.0360053349063092,0.16570000000000001,0.6341836710252946,0.07400000000000001,0.0,0.18720000000000003,0.0,0.10310000000000001,0.012200641238397638,76.10057375726493,60.99435552184087,66.1576216769211,4.334371326570802,16.4,1.0,0.1657279096984869,0.5486487994610078,0.6208397572881749,-1.9763090291059568,98.60557768924303,90.27777777777777
KLAC,KLA Corporation,Information Technology,Semiconductor Materials & Equipment,66.31383128372963,9,9,0.3853935907779105,0.7586771227068378,0.23980000000000004,0.0002614779452074861,0.14840000000000003,0.1847403815557975,0.08180000000000001,0.0,0.16570000000000001,0.5111684276113149,0.07400000000000001,0.021064383176033215,0.18720000000000003,0.28187231551526276,0.10310000000000001,0.0008930141963841696,98.72738385010693,68.52143837420282,56.950060534986896,1.1037944463461393,17.2,0.0,0.2037461420430063,0.3726693453223956,0.2234120270475694,2.461894594963588,98.40637450199203,88.88888888888889
V,Visa Inc.,Financials,Transaction & Payment Processing Services,66.22036575144584,10,1,0.4056438064902396,0.7952093570030923,0.23980000000000004,0.0,0.14840000000000003,0.15720167231752233,0.08180000000000001,0.1789641761939161,0.16570000000000001,0.6525240229574205,0.07400000000000001,0.0011913274658527147,0.18720000000000003,0.010116148389918641,0.10310000000000001,2.6526753698667857e-06,100.0,51.712656104895224,63.44766025496822,0.2992134445113041,16.7,3.0,0.1229834020509567,0.4837960973093785,0.5275509326914811,1.5551798755747903,98.20717131474103,100.0
TER,Teradyne,Information Technology,Semiconductor Materials & Equipment,65.74249306356182,11,10,0.3645583840600988,0.6996124113702433,0.23980000000000004,0.10305995476493038,0.14840000000000003,0.2016868485565378,0.08180000000000001,0.0,0.16570000000000001,0.4081171484964403,0.07400000000000001,0.061240972490139205,0.18720000000000003,0.22149659013555745,0.10310000000000001,0.004398485556394798,76.10057375726493,68.84306451187226,60.66140957333465,4.334371326570802,17.0,0.0,0.2698118834655638,0.2818177713903039,0.2847515782662022,-0.5193541468412208,98.00796812749005,87.5
ACN,Accenture,Information Technology,IT Consulting & Other Services,65.43681684181878,12,11,0.38403206048213656,0.727069479918765,0.23980000000000004,0.00011443916646583971,0.14840000000000003,0.06039918865219198,0.08180000000000001,0.08874386133808676,0.16570000000000001,0.3632478374648841,0.07400000000000001,0.15135926472283703,0.18720000000000003,0.33223378024127825,0.10310000000000001,0.0039016284142560404,99.16106128590883,69.48409052617667,54.4159640484095,1.0672666050651176,9.8,2.0,0.2720401038499802,0.1249583826259697,0.1923261195127038,-0.5034764881815273,97.80876494023904,86.11111111111111
ADBE,Adobe Inc.,Information Technology,Application Software,65.42680023833407,13,12,0.3713744734581971,0.7027941774572721,0.23980000000000004,0.040617568957843755,0.14840000000000003,0.11540706902970678,0.08180000000000001,0.09489628001941985,0.16570000000000001,0.5066540178844642,0.07400000000000001,0.0709841338131264,0.18720000000000003,0.17076150543515525,0.10310000000000001,0.0006794248602837103,84.71573978664375,64.59687149151247,59.622149115183824,3.274100936838924,13.1,2.0,0.2210937760999565,0.2586884255061952,0.3183741311574494,0.6915064102564102,97.60956175298804,84.72222222222223
JKHY,Jack Henry & Associates,Financials,Transaction & Payment Processing Services,65.28559450039899,14,2,0.38355488882684124,0.7213319248944814,0.23980000000000004,0.03727361491135488,0.14840000000000003,0.22046623524671538,0.08180000000000001,0.0,0.16570000000000001,0.5137035851701109,0.07400000000000001,0.11734586230928816,0.18720000000000003,0.10941467064511969,0.10310000000000001,0.001796031717411008,84.87819301885214,66.15156812538179,58.86851339470537,2.1933764179755673,18.7,0.0,0.2047305044869029,0.1727065648276536,0.3677461829779371,0.1423796518974442,97.41035856573706,98.66666666666667
TPR,"Tapestry, Inc.",Consumer Discretionary,"Apparel, Accessories & Luxury Goods",65.06917296156084,15,1,0.37389159285708473,0.696485562672731,0.23980000000000004,0.019963952399184377,0.14840000000000003,0.14532687978658893,0.08180000000000001,0.09362285624931709,0.16570000000000001,0.3654801426242361,0.07400000000000001,0.11469463798704085,0.18720000000000003,0.25914490565393866,0.10310000000000001,0.0017666252996939708,89.21191465801434,61.92354404534434,58.501839219889696,2.309762336139827,14.8,2.0,0.2804369592181359,0.1853351806458488,0.2499200682084621,2.812537552573603,97.21115537848605,100.0
LRCX,Lam Research,Information Technology,Semiconductor Materials & Equipment,64.58205300709857,16,13,0.37278460435027594,0.6797456409092544,0.23980000000000004,0.09856170152541881,0.14840000000000003,0.12344565228268041,0.08180000000000001,0.023544927570494145,0.16570000000000001,0.3567035721855511,0.07400000000000001,0.03398882917310916,0.18720000000000003,0.35884876333641136,0.10310000000000001,0.004906553926335012,76.10057375726493,70.52939014257025,58.37399656899697,4.334371326570802,13.6,1.0,0.2856910931836357,0.3387684280145987,0.1886911769562458,-0.6809216877009746,97.01195219123505,83.33333333333333
FTNT,Fortinet,Information Technology,Systems Software,64.46371114456952,17,14,0.3832740985067722,0.6952687399590464,0.23980000000000004,0.09324062735100146,0.14840000000000003,0.2255374080117826,0.08180000000000001,0.022273801929450165,0.16570000000000001,0.5541998882555897,0.07400000000000001,0.049001828223473515,0.18720000000000003,0.03430152548975368,0.10310000000000001,0.02144492073894876,76.10057375726493,61.595827353933295,61.68421230524018,4.334371326570802,18.9,1.0,0.1885866362162958,0.2960593778993114,0.4715073978221593,-3.187761506276151,96.81274900398407,81.94444444444444
AAPL,Apple Inc.,Information Technology,"Technology Hardware, Storage & Peripherals",64.43876525258119,18,15,0.3834449345078922,0.6948217152060195,0.23980000000000004,0.02394073987911179,0.14840000000000003,0.18662284348879718,0.08180000000000001,0.200285631741573,0.16570000000000001,0.3375469809568689,0.07400000000000001,0.05987499724624208,0.18720000000000003,0.19160818938350474,0.10310000000000001,0.00012061730390235402,87.88433659031554,50.93441288006775,62.285552565741206,2.560399663672007,17.2,3.0,0.2854857983750189,0.2722520266503377,0.2916731403712403,1.1482763039856465,96.61354581673307,80.55555555555556
CDNS,Cadence Design Systems,Information Technology,Application Software,64.38308134866624,19,16,0.3995514432392515,0.7222509427296124,0.23980000000000004,0.0857983075494387,0.14840000000000003,0.08366253176393025,0.08180000000000001,0.0,0.16570000000000001,0.6510831399741441,0.07400000000000001,0.0746124181076494,0.18720000000000003,0.104839244483574,0.10310000000000001,4.358121263340235e-06,76.10057375726493,77.27958507210589,56.74874215972542,4.334371326570802,12.0,0.0,0.1311596335363494,0.2316739362719326,0.3631074738190073,1.5696652458033302,96.41434262948208,79.16666666666667
PLD,Prologis,Real Estate,Industrial REITs,63.93753355846178,20,1,0.4441865813441802,0.7875277886761353,0.23980000000000004,0.0,0.14840000000000003,0.04987208194417414,0.08180000000000001,0.016583737920870992,0.16570000000000001,0.7770911703353559,0.07400000000000001,0.0049674980620794335,0.18720000000000003,0.003386425011155254,0.10310000000000001,0.14809908672636427,100.0,76.1837532901333,53.62258956234111,0.7790300529550781,10.3,1.0,0.0240115538102293,0.4379352796921976,0.5553088661412389,15.776950039036269,96.21513944223108,100.0
AMAT,Applied Materials,Information Technology,Semiconductor Materials & Equipment,63.786780639723794,21,17,0.3867326666053618,0.6811996339113524,0.23980000000000004,0.091580374083511,0.14840000000000003,0.10002294670079458,0.08180000000000001,0.021877192066524272,0.16570000000000001,0.494195550561114,0.07400000000000001,0.055967064724640025,0.18720000000000003,0.23446688697112883,0.10310000000000001,0.0018899848922873566,76.10057375726493,72.07702794479056,56.8194341130045,4.334371326570802,12.7,1.0,0.2094343090850604,0.2784421283598464,0.2556226001097093,0.0957842529448233,96.01593625498008,77.77777777777777
IDXX,Idexx Laboratories,Health Care,Health Care Equipment,63.47245836180956,22,1,0.3797803541880961,0.6599292379598363,0.23980000000000004,0.24011656760474479,0.14840000000000003,0.224870321591451,0.08180000000000001,0.02268549732796764,0.16570000000000001,0.2219616528872911,0.07400000000000001,0.058167395561656655,0.18720000000000003,0.23217684846724626,0.10310000000000001,2.171655964263032e-05,61.9969048429439,61.92303713392933,64.73053772227827,12.948852589496791,18.7,1.0,0.3534185371266887,0.2781655206993346,0.2635442652999996,1.6478161282679094,95.81673306772909,100.0
MSCI,MSCI,Financials,Financial Exchanges & Data,63.4623234490617,23,3,0.39750456311801585,0.690426035216124,0.23980000000000004,0.03470342368404377,0.14840000000000003,0.15595700635147963,0.08180000000000001,0.020707566182790335,0.16570000000000001,0.5971263136395765,0.07400000000000001,0.014405926988045142,0.18720000000000003,0.09446366832470161,0.10310000000000001,0.08263609482936292,84.87819301885214,65.92088733660837,55.854426486853626,2.1933764179755673,16.3,1.0,0.1547523427041499,0.3944636678200692,0.3764705882352941,11.04378893367534,95.61752988047809,97.33333333333333
CME,CME Group,Financials,Financial Exchanges & Data,63.42287435949829,24,4,0.4477055405543212,0.7762986224698463,0.23980000000000004,0.02735719848453661,0.14840000000000003,0.14661181996669068,0.08180000000000001,0.01632406656334441,0.16570000000000001,0.8038610209083547,0.07400000000000001,0.0,0.18720000000000003,0.00557045918677235,0.10310000000000001,0.00027543489030118197,84.87819301885214,63.407660090105956,58.84534500457476,2.1933764179755673,17.8,1.0,0.0087642788090607,0.6105966475208064,0.5412612823819013,0.8794228787358296,95.41832669322709,96.0
FDS,FactSet,Financials,Financial Exchanges & Data,63.24938683565107,25,5,0.405119151210343,0.6972274937249353,0.23980000000000004,0.03341111823102592,0.14840000000000003,0.19133041616000412,0.08180000000000001,0.019936446280028344,0.16570000000000001,0.5898595112684312,0.07400000000000001,0.0874442396163503,0.18720000000000003,0.06753711064188393,0.10310000000000001,0.010481157802276219,84.87819301885214,62.41574744321139,56.9952197170667,2.1933764179755673,18.4,1.0,0.1485969574882806,0.2034264542042451,0.4078305651787233,4.964026604900997,95.2191235059761,94.66666666666667
MTD,Mettler Toledo,Health Care,Life Sciences Tools & Services,63.15838843987214,26,2,0.38520109602507574,0.6603587470789724,0.23980000000000004,0.23340603907681856,0.14840000000000003,0.1072707905564409,0.08180000000000001,0.0,0.16570000000000001,0.34548937012061,0.07400000000000001,0.08305620827443205,0.18720000000000003,0.21058473342037895,0.10310000000000001,0.020192858551319366,61.9969048429439,75.36173287272365,58.53691929437762,12.948852589496791,13.1,0.0,0.2798500876068935,0.2267067323135867,0.275109654886432,6.071726389547783,95.0199203187251,98.27586206896552
MCO,Moody's Corporation,Financials,Financial Exchanges & Data,62.97935555240461,27,6,0.4067870901753068,0.6920243871644103,0.23980000000000004,0.033137690396947785,0.14840000000000003,0.139924501664669,0.08180000000000001,0.07909316651718368,0.16570000000000001,0.5843146212134497,0.07400000000000001,0.01219964551764325,0.18720000000000003,0.14584259190546997,0.10310000000000001,0.005487782784636868,84.87819301885214,60.32208143159572,57.274127014262504,2.1933764179755673,15.8,2.0,0.148892674616695,0.4018306636155606,0.3148741418764302,4.016862170087976,94.8207171314741,93.33333333333333
MA,Mastercard,Financials,Transaction & Payment Processing Services,62.486049264065855,28,7,0.436381053075384,0.7268690032759991,0.23980000000000004,0.0038209030577279527,0.14840000000000003,0.1424211102729387,0.08180000000000001,0.2749169427673376,0.16570000000000001,0.4829471687837641,0.07400000000000001,0.0017157814587989196,0.18720000000000003,0.09378727496178509,0.10310000000000001,0.00039081869764778294,94.49161475670587,44.696445049383044,60.6710196423405,1.5333351298911289,17.1,4.0,0.1608049782461735,0.4729977363371779,0.3551794761237469,2.2205222018958923,94.62151394422311,92.0
ANET,Arista Networks,Information Technology,Communications Equipment,62.446888988026025,29,18,0.41256333748895435,0.6860496039459288,0.23980000000000004,0.08047164238778183,0.14840000000000003,0.15197270623570086,0.08180000000000001,0.0192234809482301,0.16570000000000001,0.6184615821727192,0.07400000000000001,0.012320059991737709,0.18720000000000003,0.11198616762390873,0.10310000000000001,0.005564360639921739,76.10057375726493,65.24647634291148,57.28492955879422,4.334371326570802,16.7,1.0,0.1279800675376579,0.399545409625457,0.3469710445696215,2.729458917835671,94.42231075697211,76.38888888888889
SPGI,S&P Global,Financials,Financial Exchanges & Data,62.42823318387281,30,8,0.42925849581943276,0.7132443253020355,0.23980000000000004,0.014611166507941035,0.14840000000000003,0.08506733435286346,0.08180000000000001,0.01775724129587835,0.16570000000000001,0.7211079083741796,0.07400000000000001,0.03994730708184254,0.18720000000000003,0.11088218481495671,0.10310000000000001,0.01062685757233817,89.4041267383337,71.56104708944393,52.40004146831905,2.2755668113844667,13.0,1.0,0.0659078625250373,0.2935359382537385,0.3379160636758321,5.195856873822976,94.22310756972112,90.66666666666667
BBY,Best Buy,Consumer Discretionary,Computer & Electronics Retail,62.20702844798091,31,2,0.41804035999500483,0.6880921901263973,0.23980000000000004,0.13063014334835976,0.14840000000000003,0.1341750422796188,0.08180000000000001,0.07489224686942066,0.16570000000000001,0.0013137203152373239,0.07400000000000001,0.19458475005972284,0.18720000000000003,0.46267266426927733,0.10310000000000001,0.0017314328583633058,69.14572646496818,60.16110350702579,60.7096615893575,10.960093056549749,15.9,2.0,0.6071273359408953,0.0322118826055833,0.0753655793025871,2.952830188679245,94.02390438247012,97.82608695652173
BKNG,Booking Holdings,Consumer Discretionary,"Hotels, Resorts & Cruise Lines",62.20401603818974,32,3,0.4080506641594386,0.6715631502916954,0.23980000000000004,0.17449841085674173,0.14840000000000003,0.20534692203646446,0.08180000000000001,0.17685918782200546,0.16570000000000001,0.36692289781142584,0.07400000000000001,0.055898430512277344,0.18720000000000003,0.02024266041209426,0.10310000000000001,0.00023149054899090086,65.19150568012772,47.765426131561185,66.69012337273617,10.105798325241807,19.2,3.0,0.247692204029378,0.265233949945593,0.4955114254624592,0.9814692256783588,93.82470119521912,95.65217391304348
KEYS,Keysight Technologies,Information Technology,Electronic Equipment & Instruments,62.16290976864605,33,19,0.41615623116352857,0.6837069681970768,0.23980000000000004,0.07908813328525102,0.14840000000000003,0.0309334457159253,0.08180000000000001,0.01889298115867638,0.16570000000000001,0.5445707226400309,0.07400000000000001,0.07690571326665105,0.18720000000000003,0.24827713356297818,0.10310000000000001,0.0013318703704873244,76.10057375726493,80.64016054590368,52.12705667514372,4.334371326570802,7.6,1.0,0.1548527808069792,0.2150595882990249,0.2183098591549295,0.2315270935960591,93.62549800796813,75.0
CI,Cigna,Health Care,Health Care Services,62.133984289155656,34,3,0.43431521301126785,0.7126636936891947,0.23980000000000004,0.0,0.14840000000000003,0.06616370443575031,0.08180000000000001,0.06938461814287797,0.16570000000000001,0.06849409750223523,0.07400000000000001,0.18694702160396512,0.18720000000000003,0.5785838302881802,0.10310000000000001,0.03042672802699124,100.0,66.87966304762467,50.059028023202394,0.45252535156031154,11.6,2.0,0.4545142027730739,0.0232506022746372,-0.0100565858031262,7.827417380660955,93.42629482071713,96.55172413793103
AVGO,Broadcom,Information Technology,Semiconductors,62.119631094019766,35,20,0.42463563679944727,0.6963556551634179,0.23980000000000004,0.07596110102609892,0.14840000000000003,0.20575056292330904,0.08180000000000001,0.16331381609071707,0.16570000000000001,0.5177264557703339,0.07400000000000001,0.004879001661480432,0.18720000000000003,0.032214841113310244,0.10310000000000001,0.00015422141475041824,76.10057375726493,46.4789933784254,63.22741555219232,4.334371326570802,20.0,3.0,0.1572751238386802,0.4422966442499408,0.4617958162954952,1.9404357823278224,93.22709163346613,73.61111111111111
LULU,Lululemon Athletica,Consumer Discretionary,"Apparel, Accessories & Luxury Goods",61.99351454718537,36,4,0.43125994802397927,0.7034409928441052,0.23980000000000004,0.0,0.14840000000000003,0.14243249275459596,0.08180000000000001,0.07037121248018366,0.16570000000000001,0.26805026648647534,0.07400000000000001,0.11325247216749533,0.18720000000000003,0.40584943703934223,0.10310000000000001,4.4119071907571994e-05,100.0,58.54543880257684,52.30586127083483,0.44129256496542724,16.9,2.0,0.2847084439556098,0.1362886136168976,0.0932104282483541,1.260753206876012,93.02788844621514,93.47826086956522
ADSK,Autodesk,Information Technology,Application Software,61.72595872194302,37,21,0.42073289819472404,0.6785314704099468,0.23980000000000004,0.07737687475931393,0.14840000000000003,0.14788343776693444,0.08180000000000001,0.0,0.16570000000000001,0.5266729326269867,0.07400000000000001,0.06325867938801852,0.18720000000000003,0.18121459971908577,0.10310000000000001,0.0035934757396607732,76.10057375726493,69.16598670756682,54.053578170291786,4.334371326570802,16.8,0.0,0.1575906955249172,0.2404692082111437,0.270772238514174,-0.6064814814814815,92.82868525896414,72.22222222222223
CBRE,CBRE Group,Real Estate,Real Estate Services,61.55900069037491,38,2,0.43583154103467286,0.6979359178293497,0.23980000000000004,0.0029299782118208557,0.14840000000000003,0.031250471810418,0.08180000000000001,0.01722566438067515,0.16570000000000001,0.1507960826923384,0.07400000000000001,0.18945685784568342,0.18720000000000003,0.551945492436139,0.10310000000000001,0.05639545262292511,95.18244964386426,80.0,45.19505695157896,1.4533003741314805,8.0,1.0,0.3684158708280003,0.0181721004810261,0.0021378941742383,10.144393241167435,92.62948207171314,96.55172413793103
APP,AppLovin,Communication Services,Advertising,61.25035454881073,39,1,0.42587725137270943,0.6731708725879673,0.23980000000000004,0.18474516249837367,0.14840000000000003,0.3221754741482207,0.08180000000000001,0.09132915644094647,0.16570000000000001,0.36386167670452557,0.07400000000000001,0.0,0.18720000000000003,0.036732379597167915,0.10310000000000001,0.0011561506107656946,62.619389436270424,43.740995591855174,67.48174819238271,12.338235267513351,23.1,2.0,0.2326346021123622,0.6583912343282635,0.4517577192951448,0.2905568367369411,92.43027888446215,100.0
HPQ,HP Inc.,Information Technology,"Technology Hardware, Storage & Peripherals",61.201979440492906,40,22,0.417732803691144,0.6589530624097811,0.23980000000000004,0.04286415594549378,0.14840000000000003,0.06786934276118152,0.08180000000000001,0.07500256648848587,0.16570000000000001,0.19746597668524105,0.07400000000000001,0.18701535348749143,0.18720000000000003,0.4232266069571274,0.10310000000000001,0.006555997674978844,82.33876254661982,67.32514742637197,51.92789773081307,3.9372966766600754,11.3,2.0,0.3430340692763834,0.0421636792753715,0.098743382024622,4.324956672443674,92.23107569721115,70.83333333333333
UNH,UnitedHealth Group,Health Care,Managed Health Care,61.03222458942822,41,4,0.4367945239942037,0.6841176127445628,0.23980000000000004,0.00031044631090715313,0.14840000000000003,0.11380003870983023,0.08180000000000001,0.15434815208273173,0.16570000000000001,0.15790750139349066,0.07400000000000001,0.16623356832581368,0.18720000000000003,0.39825855624252626,0.10310000000000001,0.00914173693470024,98.42838615010395,53.853220164838554,52.16797802589497,1.1297040131391032,15.3,3.0,0.3617120883875154,0.0489502999143102,0.0915184947157954,4.988071348940914,92.03187250996017,94.82758620689656
TJX,TJX Companies,Consumer Discretionary,Apparel Retail,61.00122523895917,42,5,0.409886392251614,0.6411373764773569,0.23980000000000004,0.11880005816367463,0.14840000000000003,0.11447532930228022,0.08180000000000001,0.07790158344919074,0.16570000000000001,0.12179537109460874,0.07400000000000001,0.1500515847088671,0.18720000000000003,0.41357232878229044,0.10310000000000001,0.0034037444990879613,71.1499056531915,62.55897291282624,56.761218753636676,9.38148880105402,14.4,2.0,0.4089990569850464,0.1001317523056653,0.1138998682476943,3.497265460664704,91.83266932270917,91.30434782608695
PTC,PTC Inc.,Information Technology,Application Software,60.92277147294535,43,23,0.44142011321871194,0.688189457002216,0.23980000000000004,0.07029426477920356,0.14840000000000003,0.17003302880742824,0.08180000000000001,0.0,0.16570000000000001,0.6200760630139478,0.07400000000000001,0.07621608983829607,0.18720000000000003,0.05248273590960188,0.10310000000000001,0.01089781765152253,76.10057375726493,65.8413648936339,54.45685788737912,4.334371326570802,18.9,0.0,0.0921228074835071,0.1979505007091087,0.4155477302686947,5.348714545200503,91.63346613545816,69.44444444444444
LOW,Lowe's,Consumer Discretionary,Home Improvement Retail,60.61874633762947,44,6,0.40839668154973585,0.6286365349422165,0.23980000000000004,0.17420284574096584,0.14840000000000003,0.07743076032607067,0.08180000000000001,0.07847094401162823,0.16570000000000001,0.06893776941934188,0.07400000000000001,0.15673533996189734,0.18720000000000003,0.4061267625368966,0.10310000000000001,0.038095578003199466,65.19150568012772,66.58043881870596,56.60212198938898,10.105798325241807,11.8,2.0,0.4644870349492672,0.0924256433965171,0.1200878409616273,8.157532621589562,91.43426294820718,89.1304347826087
TEL,TE Connectivity,Information Technology,Electronic Manufacturing Services,60.56499808182554,45,24,0.4324276397456078,0.6641302877596886,0.23980000000000004,0.07324824743902686,0.14840000000000003,0.10864517870361858,0.08180000000000001,0.0,0.16570000000000001,0.41716124525580683,0.07400000000000001,0.10761900853908332,0.18720000000000003,0.2902841300885564,0.10310000000000001,0.0030421899739080326,76.10057375726493,72.46431527803672,50.676889824450434,4.334371326570802,14.8,0.0,0.1979286536248561,0.1449612403100775,0.1707364341085271,3.4920508744038155,91.23505976095618,68.05555555555556
IT,Gartner,Information Technology,IT Consulting & Other Services,60.551022949775486,46,25,0.41954879253883753,0.6439738230278184,0.23980000000000004,0.07781425744777373,0.14840000000000003,0.1882229499064384,0.08180000000000001,0.01858867112888788,0.16570000000000001,0.37428115459159716,0.07400000000000001,0.10281940334095195,0.18720000000000003,0.23491224896397833,0.10310000000000001,0.0033613146203726714,76.10057375726493,61.595827353933295,54.60379866998221,4.334371326570802,18.9,1.0,0.2329745551438666,0.1643838722438651,0.2257624513482857,3.531565704429576,91.03585657370517,66.66666666666667
SYF,Synchrony Financial,Financials,Consumer Finance,60.468469675242,47,9,0.46768516601847127,0.7153835443915761,0.23980000000000004,0.025069713391157204,0.14840000000000003,0.1269109029606905,0.08180000000000001,0.05983648806035983,0.16570000000000001,0.6860644356418608,0.07400000000000001,0.05208882677617894,0.18720000000000003,0.0,0.10310000000000001,0.05002963316975258,84.87819301885214,57.89702654707762,55.20195906396071,2.1933764179755673,17.3,2.0,0.0304929057656032,0.2380311995696611,0.650887573964497,8.896084525845884,90.83665338645419,89.33333333333333
PSA,Public Storage,Real Estate,Self-Storage REITs,60.42107785440485,48,3,0.4572052778857069,0.697968367833674,0.23980000000000004,0.18722257616696703,0.14840000000000003,0.07614371102897463,0.08180000000000001,0.015652756335193356,0.16570000000000001,0.6461003143850839,0.07400000000000001,0.009067915485853633,0.18720000000000003,0.0,0.10310000000000001,0.06581272659792749,59.60145217188153,71.38905572881318,57.7902781770346,15.594088699341498,13.1,1.0,0.0612832997278222,0.4055217007967516,0.6516322337678981,11.296252983402264,90.63745019920319,93.10344827586206
NTAP,NetApp,Information Technology,"Technology Hardware, Storage & Peripherals",60.37154034266354,49,26,0.4306523766029679,0.6560726193387829,0.23980000000000004,0.07385338949882465,0.14840000000000003,0.11860463557423331,0.08180000000000001,0.017642478565945502,0.16570000000000001,0.4464257431215896,0.07400000000000001,0.08653045465208305,0.18720000000000003,0.2569194031020747,0.10310000000000001,2.3895485249251047e-05,76.10057375726493,67.44770250729114,52.78337458733406,4.334371326570802,15.4,1.0,0.1848471017800091,0.1851851851851851,0.1980246913580247,1.675824175824176,90.43824701195219,65.27777777777777
TROW,T. Rowe Price,Financials,Asset Management & Custody Banks,60.350328669516685,50,10,0.43659297325878244,0.6645333629969299,0.23980000000000004,0.028767563209371967,0.14840000000000003,0.13897409165922406,0.08180000000000001,0.017165632546784517,0.16570000000000001,0.560588897476961,0.07400000000000001,0.026842105500477435,0.18720000000000003,0.20488202961934462,0.10310000000000001,0.022779679987836463,84.87819301885214,64.91035326532703,50.90247183100443,2.1933764179755673,16.9,1.0,0.1242023285494751,0.3313410925867673,0.2363950927964768,-4.003568369968598,90.2390438247012,88.0
FITB,Fifth Third Bancorp,Financials,Regional Banks,60.13695144059667,51,11,0.4757114961902013,0.717653069194965,0.23980000000000004,0.024230884400715528,0.14840000000000003,0.11567651285612188,0.08180000000000001,0.05783436780919846,0.16570000000000001,0.7075941153076309,0.07400000000000001,0.04630847075903978,0.18720000000000003,0.0,0.10310000000000001,0.04835564886729327,84.87819301885214,58.70739507954039,54.614564585462006,2.1933764179755673,16.8,2.0,0.0106902525151575,0.2496104705515737,0.817076971019009,8.896084525845884,90.0398406374502,86.66666666666667
AMP,Ameriprise Financial,Financials,Asset Management & Custody Banks,60.10300493386503,52,12,0.47853402520506233,0.7208897018496289,0.23980000000000004,0.005486729657307987,0.14840000000000003,0.16690922799827412,0.08180000000000001,0.05715413293687282,0.16570000000000001,0.6674362183007134,0.07400000000000001,0.054331810298188433,0.18720000000000003,0.0008949802458524977,0.10310000000000001,0.04778690056279058,92.7615594052994,53.037653150222134,54.24100552947373,1.753643724696356,20.3,2.0,0.0249657605207433,0.2253036437246963,0.5767206477732794,8.896084525845884,89.8406374501992,85.33333333333333
GDDY,GoDaddy,Information Technology,Internet Services & Infrastructure,59.91450723429813,53,27,0.4275060462022771,0.6389796490117823,0.23980000000000004,0.07494447228842635,0.14840000000000003,0.17181656872178455,0.08180000000000001,0.0279736282027233,0.16570000000000001,0.49996908829283465,0.07400000000000001,0.08791782129213335,0.18720000000000003,0.11258316474612962,0.10310000000000001,0.024795256455968258,76.10057375726493,60.99435552184087,53.826698562686964,4.334371326570802,16.4,1.0,0.1623189855688667,0.1849768875192604,0.336979969183359,7.122382376937721,89.64143426294821,63.888888888888886
SMCI,Supermicro,Information Technology,"Technology Hardware, Storage & Peripherals",59.88637451584676,54,28,0.4324243285194627,0.6455742899058169,0.23980000000000004,0.07324936921883718,0.14840000000000003,0.16793040094778644,0.08180000000000001,0.027340917322439935,0.16570000000000001,0.1497906455988772,0.07400000000000001,0.13111082266538746,0.18720000000000003,0.4501600765699092,0.10310000000000001,0.0004177676767626517,76.10057375726493,60.99435552184087,54.00740281498409,4.334371326570802,16.4,1.0,0.3713342323230424,0.1059568910419696,0.0646353789289119,0.7618045701423888,89.44223107569721,62.5
CSCO,Cisco,Information Technology,Communications Equipment,59.81980804749883,55,29,0.43555078750139803,0.6484430072925206,0.23980000000000004,0.07220155016295696,0.14840000000000003,0.0944639088002018,0.08180000000000001,0.06899151466559461,0.16570000000000001,0.5436999524627972,0.07400000000000001,0.06630523474014693,0.18720000000000003,0.15049792129267825,0.10310000000000001,0.0038399178756243608,76.10057375726493,63.34814244095734,53.30609581134939,4.334371326570802,13.9,2.0,0.1330792906346182,0.2236842105263158,0.2895896127985161,3.7542059219380888,89.24302788844622,61.111111111111114
EXPD,Expeditors International,Industrials,Air Freight & Logistics,59.752084440922296,56,1,0.4462829601828601,0.6625520042708538,0.23980000000000004,0.20907500822001576,0.14840000000000003,0.1283244714699631,0.08180000000000001,0.06571320905740496,0.16570000000000001,0.0,0.07400000000000001,0.1415007727865955,0.18720000000000003,0.44981944824961567,0.10310000000000001,0.00556709021640501,58.32872611667806,59.03109005150513,60.42551416192364,17.21281530175761,16.6,2.0,0.6820635609971742,0.0760138593252787,0.047582255837891,-1.281110531501768,89.04382470119522,100.0
HD,Home Depot (The),Consumer Discretionary,Home Improvement Retail,59.73540257533813,57,7,0.41978770361602097,0.6227850040870071,0.23980000000000004,0.16487705749264625,0.14840000000000003,0.08355945183873599,0.08180000000000001,0.0742700745919268,0.16570000000000001,0.08812385645445919,0.07400000000000001,0.14343208900036575,0.18720000000000003,0.42662256882834715,0.10310000000000001,0.01911490179351889,65.19150568012772,65.36715054997124,55.580451186746146,10.105798325241807,12.6,2.0,0.4375502815768302,0.0995800338480182,0.0942312112158124,6.3474078700812,88.84462151394422,86.95652173913044
PFG,Principal Financial Group,Financials,Life & Health Insurance,59.705746748695795,58,13,0.47481619829241384,0.7035558026257206,0.23980000000000004,0.02432234847696224,0.14840000000000003,0.08295442439515986,0.08180000000000001,0.014513168654283549,0.16570000000000001,0.7093897329564262,0.07400000000000001,0.11015099236579641,0.18720000000000003,0.010131156701435806,0.10310000000000001,0.04853817644993598,84.87819301885214,69.49918913299963,50.624800651850755,2.1933764179755673,14.2,1.0,0.0110723587060949,0.1032822981207435,0.5145680782426135,8.896084525845884,88.64541832669323,84.0
WSM,"Williams-Sonoma, Inc.",Consumer Discretionary,Homefurnishing Retail,59.58527167289953,59,8,0.42102754974954654,0.6207400611618018,0.23980000000000004,0.16390742407973163,0.14840000000000003,0.25786882295737057,0.08180000000000001,0.09344526542738625,0.16570000000000001,0.17736783401460232,0.07400000000000001,0.09748822331960011,0.18720000000000003,0.20970996081362744,0.10310000000000001,0.00021246938768177095,65.19150568012772,48.248816112583306,62.026393474071575,10.105798325241807,20.200000000000003,2.0,0.3559113859636569,0.1725259815375069,0.2453314364995251,0.9874307921846124,88.44621513944223,84.78260869565217
GWW,W. W. Grainger,Industrials,Industrial Machinery & Supplies & Components,59.49499529395058,60,2,0.43670197299107055,0.6414412741466078,0.23980000000000004,0.2183496120402269,0.14840000000000003,0.12450407771210399,0.08180000000000001,0.06862825846934034,0.16570000000000001,0.025749446500422046,0.07400000000000001,0.12390931040468656,0.18720000000000003,0.4386255019449637,0.10310000000000001,0.0002337929282564958,58.32872611667806,60.0,59.73349117755136,17.21281530175761,16.0,2.0,0.5220420045747557,0.1135232025492929,0.0663214499103764,2.0576923076923075,88.24701195219123,98.78048780487805
SNPS,Synopsys,Information Technology,Application Software,59.4257682424881,61,30,0.4621805126340125,0.6769181039366993,0.23980000000000004,0.06412108591110263,0.14840000000000003,0.09003588599349945,0.08180000000000001,0.0,0.16570000000000001,0.6532864639136067,0.07400000000000001,0.06020800218103205,0.18720000000000003,0.12386296751222459,0.10310000000000001,0.008485594488534504,76.10057375726493,73.13855121879146,49.72560546365934,4.334371326570802,14.4,0.0,0.0518964160257005,0.2203630297211507,0.3012998108059441,5.055875786163522,88.04780876494024,59.72222222222222
FFIV,"F5, Inc.",Information Technology,Communications Equipment,59.3979241957587,62,31,0.43717929266345024,0.639561942861711,0.23980000000000004,0.0716646464092695,0.14840000000000003,0.1419014956374529,0.08180000000000001,0.017119620328755827,0.16570000000000001,0.5536383886077223,0.07400000000000001,0.058500047391406185,0.18720000000000003,0.11809135169877506,0.10310000000000001,0.03908444992661815,76.10057375726493,64.57499251848364,51.75236889138192,4.334371326570802,17.1,1.0,0.126675593206341,0.2406814653493272,0.3243711253449114,-5.718640272114592,87.84860557768924,58.333333333333336
CDW,CDW Corporation,Information Technology,Technology Distributors,59.35928106446324,63,32,0.44997608090746427,0.6572289407881523,0.23980000000000004,0.06764649057664547,0.14840000000000003,0.03877133143395507,0.08180000000000001,0.0,0.16570000000000001,0.1283227656194537,0.07400000000000001,0.16145178777533964,0.18720000000000003,0.5434340638097023,0.10310000000000001,0.060373560784903836,76.10057375726493,82.3026846588824,45.219747130920766,4.334371326570802,9.2,0.0,0.3808911143565848,0.0417516204619457,-0.0125680898329326,10.73435655253837,87.64940239043824,56.94444444444444
ICE,Intercontinental Exchange,Financials,Financial Exchanges & Data,59.322790336303925,64,14,0.47337278414326556,0.6903569506564772,0.23980000000000004,0.024470902630465165,0.14840000000000003,0.16226981028182047,0.08180000000000001,0.014601811060099107,0.16570000000000001,0.6916587360714544,0.07400000000000001,0.04151405892423212,0.18720000000000003,0.01944228513929908,0.10310000000000001,0.046042395892629755,84.87819301885214,60.136647428552685,52.21210834798164,2.1933764179755673,19.8,1.0,0.0207234557840307,0.2653004707837164,0.4807532539462752,9.983519404572036,87.45019920318725,82.66666666666667
ROST,Ross Stores,Consumer Discretionary,Apparel Retail,59.24929995722703,65,9,0.42964957736031556,0.6246871012963564,0.23980000000000004,0.12019857658785685,0.14840000000000003,0.16642858333495783,0.08180000000000001,0.07089971811183164,0.16570000000000001,0.1285182747965017,0.07400000000000001,0.11434311072869938,0.18720000000000003,0.39858816261064145,0.10310000000000001,0.0010235738295110725,69.58138319779833,56.43624604756447,56.53234470768844,10.595763434482288,18.2,2.0,0.3919895033749878,0.1358841964562483,0.0996817819190963,0.3519315280560809,87.25099601593625,82.6086956521739
ORLY,O'Reilly Automotive,Consumer Discretionary,Automotive Retail,59.231016753566784,66,10,0.4255497837589298,0.61825790991506,0.23980000000000004,0.16044230993830935,0.14840000000000003,0.07498664283328609,0.08180000000000001,0.01806810254263353,0.16570000000000001,0.2807023044849783,0.07400000000000001,0.11041258461767356,0.18720000000000003,0.3396149303102003,0.10310000000000001,0.015773125272918898,65.19150568012772,73.1084348024852,51.771651256422274,10.105798325241807,12.1,1.0,0.2813261467690479,0.1461696851582365,0.1428647062058093,5.96378291298219,87.05179282868527,80.43478260869566
NDAQ,"Nasdaq, Inc.",Financials,Financial Exchanges & Data,59.195862967786326,67,15,0.45211527515952954,0.6558980490840336,0.23980000000000004,0.02682614073714114,0.14840000000000003,0.07786784377716124,0.08180000000000001,0.01600718389634313,0.16570000000000001,0.5900211428179171,0.07400000000000001,0.0716277155959118,0.18720000000000003,0.17675337247810682,0.10310000000000001,0.04089660069741889,84.87819301885214,71.38905572881318,46.69970616943488,2.1933764179755673,13.1,1.0,0.0926081708788998,0.2002369668246445,0.2503949447077409,9.136363636363637,86.85258964143426,81.33333333333333
DELL,Dell Technologies,Information Technology,"Technology Hardware, Storage & Peripherals",59.12016180036116,68,33,0.44647206538883005,0.6456850591292763,0.23980000000000004,0.0426913669881923,0.14840000000000003,0.15752916882675597,0.08180000000000001,0.025647482269182238,0.16570000000000001,0.14337245619076125,0.07400000000000001,0.1338712733719647,0.18720000000000003,0.4934779191468374,0.10310000000000001,0.0034103332063060944,81.16178571813626,60.99435552184087,51.18501426030267,4.31383193885589,16.4,1.0,0.3687094267345929,0.0879904622000809,0.0209916757148027,3.677642145840026,86.65338645418326,55.55555555555556
SCHW,Charles Schwab Corporation,Financials,Investment Banking & Brokerage,59.10255408836812,69,16,0.490731539156638,0.7091760057227506,0.23980000000000004,0.022770292931666363,0.14840000000000003,0.20909219350292588,0.08180000000000001,0.05434822248973697,0.16570000000000001,0.6585606275305221,0.07400000000000001,0.009234681784951085,0.18720000000000003,0.0005531191238938744,0.10310000000000001,0.04544086263630371,84.87819301885214,48.287343895104776,55.840425181102084,2.1933764179755673,23.3,2.0,0.0136718825517238,0.3959276018099547,0.5818721719457014,8.896084525845884,86.45418326693228,80.0
ADI,Analog Devices,Information Technology,Semiconductors,59.07662361296904,70,34,0.46131094188399197,0.6659443889595944,0.23980000000000004,0.06436305013706833,0.14840000000000003,0.22855849693990687,0.08180000000000001,0.015375377354890057,0.16570000000000001,0.587038253853537,0.07400000000000001,0.023573847245225252,0.18720000000000003,0.07898671964947665,0.10310000000000001,0.0021042548198959487,76.10057375726493,55.30355495061694,55.29140142151176,4.334371326570802,22.9,1.0,0.0830551868079279,0.3331983224839808,0.3625891649690855,3.267407672900019,86.25498007968127,54.166666666666664
JBHT,J.B. Hunt,Industrials,Cargo Ground Transportation,58.93848835780894,71,3,0.440027438216637,0.6316024668171196,0.23980000000000004,0.215061770372355,0.14840000000000003,0.1049247233852836,0.08180000000000001,0.016898718786444143,0.16570000000000001,0.07822289522323443,0.07400000000000001,0.1618321667960713,0.18720000000000003,0.42217488831746897,0.10310000000000001,0.0008848371191426539,58.32872611667806,68.4716049532338,55.887216465277085,17.21281530175761,14.8,1.0,0.4399488569724667,0.0517936106126634,0.0724756930457391,2.593214138007826,86.05577689243027,97.5609756097561
MAS,Masco,Industrials,Building Products,58.63186313053618,72,4,0.4258666423505914,0.6035890561122221,0.23980000000000004,0.22960190415158152,0.14840000000000003,0.25204182751908394,0.08180000000000001,0.01804122603646356,0.16570000000000001,0.15744841807636462,0.07400000000000001,0.10246549744139502,0.18720000000000003,0.2260088485353153,0.10310000000000001,0.01439227823979603,58.32872611667806,56.365996649796976,59.81229987127429,17.21281530175761,22.2,1.0,0.3688205887798556,0.1596385542168674,0.2274096385542168,5.767094017094017,85.85657370517929,96.34146341463415
BX,Blackstone Inc.,Financials,Asset Management & Custody Banks,58.58118679212866,73,17,0.4674248611998533,0.6611078634196503,0.23980000000000004,0.025097643374392086,0.14840000000000003,0.23244596815496707,0.08180000000000001,0.05990315145145186,0.16570000000000001,0.5699361721614861,0.07400000000000001,0.03369851303609837,0.18720000000000003,0.028833181005637976,0.10310000000000001,0.0500853708159664,84.87819301885214,48.13249859266612,54.226793617641675,2.1933764179755673,23.4,2.0,0.0839395801589907,0.2935073921926144,0.4559388738881147,8.896084525845884,85.65737051792829,78.66666666666667
COR,Cencora,Health Care,Health Care Distributors,58.56895505069647,74,5,0.4643307907248356,0.6564007556144057,0.23980000000000004,0.1606320307441976,0.14840000000000003,0.07048210894477659,0.08180000000000001,0.13658431763062379,0.16570000000000001,0.0,0.07400000000000001,0.17305432457776568,0.18720000000000003,0.4443301904109661,0.10310000000000001,0.014917027691670215,61.9969048429439,57.498394778717135,57.858845412339406,12.948852589496791,12.8,3.0,1.0113272207630442,0.0090085477953311,0.0286475803145016,6.236553493728756,85.45816733067728,93.10344827586206
CHRW,C.H. Robinson,Industrials,Air Freight & Logistics,58.56280887954931,75,5,0.4653896656159535,0.6577310214575182,0.23980000000000004,0.19226014359975496,0.14840000000000003,0.1595126264533941,0.08180000000000001,0.015107055498094525,0.16570000000000001,0.0,0.07400000000000001,0.1541403707291932,0.18720000000000003,0.4661690760898761,0.10310000000000001,0.012810727629687034,58.32872611667806,60.94455894791861,57.87950337330341,17.21281530175761,19.3,1.0,0.7664971991735523,0.0366896141327019,0.0133525744505142,5.899440505041438,85.2589641434263,95.1219512195122
CNC,Centene Corporation,Health Care,Managed Health Care,58.51523532829273,76,6,0.457330556065605,0.6450754951310786,0.23980000000000004,0.1655871679444061,0.14840000000000003,0.17561420117354012,0.08180000000000001,0.06257672751897737,0.16570000000000001,0.0,0.07400000000000001,0.17056681805975396,0.18720000000000003,0.4037784043703493,0.10310000000000001,0.021876680932973232,61.9969048429439,53.6823442828686,58.94382784501784,12.948852589496791,19.9,2.0,0.6454368043174481,0.0203624554396311,0.0637563224397618,-4.149561629706034,85.0597609561753,91.37931034482759
PNR,Pentair,Industrials,Industrial Machinery & Supplies & Components,58.482742438693585,77,6,0.4662176594685066,0.6567314148533386,0.23980000000000004,0.19157784916351536,0.14840000000000003,0.20841118651903356,0.08180000000000001,0.015053443450785487,0.16570000000000001,0.46340964138415286,0.07400000000000001,0.09609819908344785,0.18720000000000003,0.00014550708019046558,0.10310000000000001,0.025304173318874322,58.32872611667806,56.51923923627839,59.1979649196811,17.21281530175761,22.1,1.0,0.1389410327463424,0.1378940596182715,0.5928586746729573,7.694105691056911,84.86055776892431,93.90243902439025
VRSK,Verisk Analytics,Industrials,Research & Consulting Services,58.4349820208623,78,7,0.4358751120152718,0.6127834311713234,0.23980000000000004,0.2191788221338167,0.14840000000000003,0.14950849565773433,0.08180000000000001,0.017222220726494753,0.16570000000000001,0.44662378035329997,0.07400000000000001,0.042233361571714194,0.18720000000000003,0.08349173612223754,0.10310000000000001,0.041741583434702634,58.32872611667806,63.90667699882266,56.36109528321975,17.21281530175761,17.5,1.0,0.1793411775172935,0.2835173012526355,0.3694654595063872,8.937728937728938,84.66135458167331,92.6829268292683
CPRT,Copart,Industrials,Diversified Support Services,58.40911162784499,79,8,0.4461406746853547,0.626547820672789,0.23980000000000004,0.20920838805734715,0.14840000000000003,0.11929170453445653,0.08180000000000001,0.016438782734027185,0.16570000000000001,0.5283960000749794,0.07400000000000001,0.027373807444357075,0.18720000000000003,0.056246298367466065,0.10310000000000001,0.043045018787366336,58.32872611667806,66.42846644221687,55.64459409504743,17.21281530175761,16.0,1.0,0.1282061752075544,0.3252866055651032,0.4068537976146786,-6.230847128597851,84.4621513944223,91.46341463414635
ROK,Rockwell Automation,Industrials,Electrical Components & Equipment,58.39444407352995,80,9,0.43470558900163303,0.6101202264973665,0.23980000000000004,0.1288733063054648,0.14840000000000003,0.15376942951193356,0.08180000000000001,0.06926005601286843,0.16570000000000001,0.39278703275894755,0.07400000000000001,0.08943017115576546,0.18720000000000003,0.1577438018224351,0.10310000000000001,0.008136202432585154,68.13219728460429,57.24795477072688,55.161937743953594,11.856895806312147,17.7,2.0,0.2085474709223695,0.1763942931258106,0.2827496757457847,4.774914089347079,84.26294820717132,90.2439024390244
RL,Ralph Lauren Corporation,Consumer Discretionary,"Apparel, Accessories & Luxury Goods",58.296753363092094,81,11,0.4404332354057119,0.615679347963092,0.23980000000000004,0.1041917633565256,0.14840000000000003,0.1019200111355697,0.08180000000000001,0.06747037421454477,0.16570000000000001,0.3016116427574144,0.07400000000000001,0.10999986746822651,0.18720000000000003,0.3129076652904029,0.10310000000000001,0.0018986757773161217,70.96831865165602,62.24168070731488,52.27045099861902,9.514618838657006,14.6,2.0,0.2558886509635974,0.133789162159404,0.1458822328809062,3.102873702004347,84.06374501992032,78.26086956521739
ERIE,Erie Indemnity,Financials,Insurance Brokers,58.28748641244961,82,18,0.43996644172889604,0.6147924396927438,0.23980000000000004,0.02832810054339541,0.14840000000000003,0.24149464487949615,0.08180000000000001,0.08557348656043763,0.16570000000000001,0.14680287127493297,0.07400000000000001,0.1083033053482744,0.18720000000000003,0.3329654541301056,0.10310000000000001,0.05653213726335791,84.87819301885214,47.852591325589685,52.456667512074624,2.1933764179755673,20.45,2.0,0.369456308321357,0.137193131440416,0.1319494856798476,8.896084525845884,83.86454183266932,77.33333333333333
IBKR,Interactive Brokers,Financials,Investment Banking & Brokerage,58.271473415432624,83,19,0.5056537591827798,0.7061162230571097,0.23980000000000004,0.021446186523527273,0.14840000000000003,0.18282691388308248,0.08180000000000001,0.06478461030002154,0.16570000000000001,0.6234006934061067,0.07400000000000001,0.09672742798269851,0.18720000000000003,0.0,0.10310000000000001,0.010814167904563486,84.87819301885214,47.852591325589685,54.70128517220965,2.1933764179755673,20.45,2.0,0.0121143993950887,0.1041388518024032,2.068758344459279,-2.891810668670173,83.66533864541833,76.0
MPWR,Monolithic Power Systems,Information Technology,Semiconductors,58.24999979672658,84,35,0.4435585932051749,0.6188571937303124,0.23980000000000004,0.06961809476172687,0.14840000000000003,0.15960539580389,0.08180000000000001,0.02598551486961705,0.16570000000000001,0.375989036122209,0.07400000000000001,0.04837018249783207,0.18720000000000003,0.30518725189780543,0.10310000000000001,0.015244524046919608,76.10057375726493,60.99435552184087,50.68782513633513,4.334371326570802,16.4,1.0,0.2092613493172623,0.262377095820901,0.1483548532491979,-3.0740588420399986,83.46613545816733,52.77777777777778
CAH,Cardinal Health,Health Care,Health Care Distributors,58.21859173373442,85,7,0.47080551093325407,0.6560246522170476,0.23980000000000004,0.15624424920272173,0.14840000000000003,0.09289736158327372,0.08180000000000001,0.13285341698161748,0.16570000000000001,0.0,0.07400000000000001,0.1701457956612418,0.18720000000000003,0.44159988987028337,0.10310000000000001,0.0062592867008618705,61.9969048429439,54.45299350896158,58.25088521782697,12.948852589496791,14.9,3.0,1.111223581563378,0.0062507852745319,0.0224274406332453,4.610983981693364,83.26693227091633,89.65517241379311
JBL,Jabil,Information Technology,Electronic Manufacturing Services,58.19467856114913,86,36,0.45350675748968117,0.6312995348217671,0.23980000000000004,0.06659729707967235,0.14840000000000003,0.15267996052247457,0.08180000000000001,0.024857977792456375,0.16570000000000001,0.1403565737598982,0.07400000000000001,0.16587281267158047,0.18720000000000003,0.44739704867536856,0.10310000000000001,0.002238329498549375,76.10057375726493,60.99435552184087,51.14537926589328,4.334371326570802,16.4,1.0,0.3673957764809605,0.0314249800022854,0.0401097017483716,3.292006525285481,83.06772908366534,51.388888888888886
CPAY,Corpay,Financials,Transaction & Payment Processing Services,58.046597605390005,87,20,0.4951721170348419,0.685118607367667,0.23980000000000004,0.022363727712880664,0.14840000000000003,0.19064887438995695,0.08180000000000001,0.06755631744344617,0.16570000000000001,0.5779434473276173,0.07400000000000001,0.06533964862099888,0.18720000000000003,0.0,0.10310000000000001,0.07614798450510005,84.87819301885214,47.852591325589685,54.01138479967189,2.1933764179755673,20.45,2.0,0.0474348454641726,0.1854685769217267,1.0574040060979573,12.912458285445256,82.86852589641434,74.66666666666667
BR,Broadridge Financial Solutions,Industrials,Data Processing & Outsourced Services,58.02590419407653,88,10,0.4332958264997649,0.5989975872838318,0.23980000000000004,0.2217960057504873,0.14840000000000003,0.13613226876991885,0.08180000000000001,0.06971147540810589,0.16570000000000001,0.3246111706653072,0.07400000000000001,0.08848425266559909,0.18720000000000003,0.15244424809022208,0.10310000000000001,0.006820578650359471,58.32872611667806,59.03109005150513,57.51749471186899,17.21281530175761,16.6,2.0,0.248163840228947,0.1793324023604667,0.2892022163160502,4.48874547457894,82.66932270916335,89.02439024390245
CTSH,Cognizant,Information Technology,IT Consulting & Other Services,57.97030967627017,89,37,0.45262185546455397,0.6242879480059826,0.23980000000000004,0.06685795480163075,0.14840000000000003,0.09783123737216091,0.08180000000000001,0.06388549219231143,0.16570000000000001,0.27456029423544814,0.07400000000000001,0.11392691418833441,0.18720000000000003,0.38224715513776064,0.10310000000000001,0.0006909520723538666,76.10057375726493,62.082714495154995,50.31278626695874,4.334371326570802,14.7,2.0,0.2631932773109243,0.1160372194854953,0.083743842364532,0.5063045586808923,82.47011952191235,50.0
MCK,McKesson Corporation,Health Care,Health Care Distributors,57.960189890736835,90,8,0.4799902118717346,0.6617614055219231,0.23980000000000004,0.15032193399615534,0.14840000000000003,0.09301143221616472,0.08180000000000001,0.12781771284754923,0.16570000000000001,0.0,0.07400000000000001,0.1639665520806744,0.18720000000000003,0.46368148092068884,0.10310000000000001,0.0012008879387673977,61.9969048429439,54.003693686244425,57.970565132315095,12.948852589496791,15.2,3.0,1.1930261519302616,0.0058265325488707,-0.0035300816094135,2.8892405063291138,82.27091633466135,87.93103448275862
ROP,Roper Technologies,Information Technology,Electronic Equipment & Instruments,57.91062519411731,91,38,0.48644362753755915,0.6692961043568914,0.23980000000000004,0.057884074209592566,0.14840000000000003,0.1631207524903949,0.08180000000000001,0.0,0.16570000000000001,0.5734136682553053,0.07400000000000001,0.0,0.18720000000000003,0.18958150684605088,0.10310000000000001,0.0159999981986563,76.10057375726493,63.55991664013584,50.486738741633005,4.334371326570802,20.4,0.0,0.0599638891653279,0.5540803262364266,0.2100621176916876,6.639090909090909,82.07171314741036,48.611111111111114
PANW,Palo Alto Networks,Information Technology,Systems Software,57.89219608695549,92,39,0.48379557151275426,0.665149580107656,0.23980000000000004,0.05851946556262209,0.14840000000000003,0.07656314089472575,0.08180000000000001,0.013979431734755746,0.16570000000000001,0.5587630592844818,0.07400000000000001,0.22164268344410212,0.18720000000000003,0.06877371548138858,0.10310000000000001,0.0017585035979240271,76.10057375726493,70.01403263576809,49.27961410266044,4.334371326570802,13.9,1.0,0.0703673132480396,-0.0826979472140762,0.3677419354838709,-0.1944444444444444,81.87250996015936,47.22222222222222
GLW,Corning Inc.,Information Technology,Electronic Components,57.778408899212,93,40,0.455003994163103,0.6226531530461389,0.23980000000000004,0.06615972791218044,0.14840000000000003,0.12196954076452754,0.08180000000000001,0.06321830803110297,0.16570000000000001,0.4909833404760205,0.07400000000000001,0.10830009383473012,0.18720000000000003,0.1397843691027971,0.10310000000000001,0.009584619878641273,76.10057375726493,59.192816771835496,51.01853857700457,4.334371326570802,16.5,2.0,0.1366974147347979,0.1240843507214206,0.2874583795782464,5.220458553791887,81.67330677290836,45.833333333333336
MTB,M&T Bank,Financials,Regional Banks,57.731544154718904,94,21,0.502843563394446,0.6867990515026964,0.23980000000000004,0.021686565021030422,0.14840000000000003,0.25759645109657126,0.08180000000000001,0.012940394139176917,0.16570000000000001,0.6319808575393014,0.07400000000000001,0.020700133340127554,0.18720000000000003,0.0118174458276736,0.10310000000000001,0.04327815303611885,84.87819301885214,50.15436575833048,53.11473599489943,2.1933764179755673,26.5,1.0,0.0113335248858666,0.3291750503018109,0.5018108651911469,8.896084525845884,81.47410358565737,73.33333333333333
WDAY,"Workday, Inc.",Information Technology,Application Software,57.69013917138559,95,41,0.4545678155727594,0.6198101347922592,0.23980000000000004,0.06628675539144058,0.14840000000000003,0.1519680173238927,0.08180000000000001,0.02474206560490224,0.16570000000000001,0.43331124832483586,0.07400000000000001,0.0549244551528927,0.18720000000000003,0.2591681915063697,0.10310000000000001,0.00959926669566627,76.10057375726493,60.99435552184087,49.96658009496455,4.334371326570802,16.4,1.0,0.1670555590590906,0.2385805964514911,0.1736504341260853,5.219730941704036,81.27490039840637,44.44444444444444
ULTA,Ulta Beauty,Consumer Discretionary,Other Specialty Retail,57.665029824484506,96,12,0.45603844298155255,0.6211760704357813,0.23980000000000004,0.139706542880099,0.14840000000000003,0.10853259987083372,0.08180000000000001,0.0629318324724952,0.16570000000000001,0.07594265715439445,0.07400000000000001,0.12542145862963022,0.18720000000000003,0.4866200966379634,0.10310000000000001,0.0008448123545840338,65.19150568012772,60.64363524970206,54.1165054612357,10.105798325241807,15.6,2.0,0.4359129517012615,0.092897265716104,0.0126620891030531,0.3929291965134088,81.07569721115537,76.08695652173913
FIX,Comfort Systems USA,Industrials,Construction & Engineering,57.57288268365132,97,11,0.43784059870668784,0.5941423084562559,0.23980000000000004,0.21721543119091935,0.14840000000000003,0.30846409888319054,0.08180000000000001,0.0864064720204322,0.16570000000000001,0.13138153468640879,0.07400000000000001,0.1104816261538654,0.18720000000000003,0.13409316881146618,0.10310000000000001,0.011957668253717722,58.32872611667806,43.514272582521464,63.572848261385566,17.21281530175761,23.25,2.0,0.3847467767288743,0.1352261230209183,0.3056237399162679,-2.4988314047693088,80.87649402390439,87.8048780487805
ROL,"Rollins, Inc.",Industrials,Environmental & Facilities Services,57.47121300030294,98,12,0.44652146274150717,0.6034061139483426,0.23980000000000004,0.20885171948127046,0.14840000000000003,0.1732781724282838,0.08180000000000001,0.01641075710233706,0.16570000000000001,0.19969027734759615,0.07400000000000001,0.10722160218916582,0.18720000000000003,0.29375208334621844,0.10310000000000001,0.0007953881051283029,58.32872611667806,60.94455894791861,55.75441926301666,17.21281530175761,19.3,1.0,0.321489675498639,0.1334259245523727,0.153978022874605,2.551781916607592,80.67729083665338,86.58536585365853
FLEX,Flex Ltd.,Information Technology,Electronic Manufacturing Services,57.43871998036718,99,42,0.4643818876117665,0.6267081533774962,0.23980000000000004,0.06351460236639844,0.14840000000000003,0.14561262103927558,0.08180000000000001,0.023707337149611495,0.16570000000000001,0.16436902819662488,0.07400000000000001,0.15689765441877723,0.18720000000000003,0.44489393313382053,0.10310000000000001,0.001004823695491773,76.10057375726493,60.99435552184087,49.936539713648735,4.334371326570802,16.4,1.0,0.3389392565729828,0.0334358700013374,0.0282198742811287,2.729458917835671,80.4780876494024,43.05555555555556
UPS,United Parcel Service,Industrials,Air Freight & Logistics,57.39637804428191,100,13,0.4828463927621796,0.6504994839429672,0.23980000000000004,0.0,0.14840000000000003,0.1376327616547595,0.08180000000000001,0.056137789001283404,0.16570000000000001,0.17198005750906478,0.07400000000000001,0.14931564598869548,0.18720000000000003,0.44204732848739225,0.10310000000000001,0.04288641735880454,100.0,55.7870216392872,43.50077695114756,0.14090829464833143,18.6,2.0,0.3204007464885571,0.02645178242971,0.0072698607339931,9.851465474416294,80.2788844621514,85.36585365853658
INTU,Intuit,Information Technology,Application Software,57.37658397482208,101,43,0.4664921210714252,0.627958217671639,0.23980000000000004,0.06294127012280017,0.14840000000000003,0.11463387898597177,0.08180000000000001,0.06014294085026719,0.16570000000000001,0.5024264684146513,0.07400000000000001,0.12525801208211693,0.18720000000000003,0.13174818736609833,0.10310000000000001,0.002849242178094324,76.10057375726493,59.35445493994723,50.62218807594349,4.334371326570802,16.4,2.0,0.1183602457456641,0.083371612310519,0.288929719797887,3.579710144927536,80.0796812749004,41.666666666666664
MNST,Monster Beverage,Consumer Staples,Soft Drinks & Non-alcoholic Beverages,57.34897956651564,102,1,0.48326005788680826,0.6497962042499157,0.23980000000000004,0.0,0.14840000000000003,0.3386240643297338,0.08180000000000001,0.05604172351391078,0.16570000000000001,0.2965287094256585,0.07400000000000001,0.051466262971511315,0.18720000000000003,0.222162348398146,0.10310000000000001,0.035176891361039825,100.0,39.79387437451664,50.070433522548775,0.9209950214248583,29.2,2.0,0.2229316576074184,0.2303630422865583,0.180396796340296,7.729241877256317,79.88047808764941,100.0
TSCO,Tractor Supply,Consumer Discretionary,Other Specialty Retail,57.25497625757969,103,13,0.4513082061832302,0.6045064048994406,0.23980000000000004,0.1426504656124829,0.14840000000000003,0.11803728442363844,0.08180000000000001,0.06425794396582273,0.16570000000000001,0.13532718282699732,0.07400000000000001,0.13625055548554177,0.18720000000000003,0.40140741915550293,0.10310000000000001,0.002069148530013934,65.19150568012772,59.8387771800411,53.436988545547365,10.105798325241807,16.1,2.0,0.3734074033814508,0.0794296540604767,0.0724268350525861,3.2146002344626674,79.6812749003984,73.91304347826087
MSI,Motorola Solutions,Information Technology,Communications Equipment,57.21558806105243,104,44,0.46034351791395095,0.6156173216807387,0.23980000000000004,0.06463385566491085,0.14840000000000003,0.075109080469357,0.08180000000000001,0.015440068776000493,0.16570000000000001,0.4302611321882172,0.07400000000000001,0.07910379888808731,0.18720000000000003,0.30389244724257297,0.10310000000000001,0.03155961677085417,76.10057375726493,71.38905572881318,45.081910945544955,4.334371326570802,13.1,1.0,0.1628209125870491,0.1777848707309288,0.1321417172039578,8.33033033033033,79.4820717131474,40.27777777777778
ON,ON Semiconductor,Information Technology,Semiconductors,57.159363535392124,105,45,0.4757402167988085,0.6347479926651987,0.23980000000000004,0.06051797620618464,0.14840000000000003,0.20562230473252402,0.08180000000000001,0.01445684626416509,0.16570000000000001,0.4820480931694478,0.07400000000000001,0.09058839617331911,0.18720000000000003,0.14643931238919095,0.10310000000000001,0.00032707106516834556,76.10057375726493,56.06059617721348,51.456390162787784,4.334371326570802,22.4,1.0,0.1189090181014601,0.1414405986903648,0.2652946679139382,2.218595914533928,79.28286852589642,38.888888888888886
AMD,Advanced Micro Devices,Information Technology,Semiconductors,57.10754370450238,106,46,0.47498983322728083,0.6324073042902084,0.23980000000000004,0.03820966206535352,0.14840000000000003,0.1391813152761129,0.08180000000000001,0.022660249795841445,0.16570000000000001,0.45075125923650866,0.07400000000000001,0.06534952598613955,0.18720000000000003,0.28192078243135027,0.10310000000000001,0.0019272052086937324,81.03965117838985,60.99435552184087,47.94989637282208,4.354910714285714,16.4,1.0,0.1365788975184694,0.1991158113730929,0.1350554785020804,-0.2415747092156278,79.08366533864542,37.5
CTAS,Cintas,Industrials,Diversified Support Services,57.01891488103798,107,14,0.44644488886315126,0.5922559434389923,0.23980000000000004,0.20892336979278212,0.14840000000000003,0.15245278324066588,0.08180000000000001,0.06566554842233062,0.16570000000000001,0.2629975111758315,0.07400000000000001,0.08503848712249841,0.18720000000000003,0.2239591325655512,0.10310000000000001,0.0009631676803403671,58.32872611667806,56.59859048979678,56.664410240661354,17.21281530175761,18.1,2.0,0.2759202555954237,0.1758875369466436,0.2110372321658762,2.657211180124224,78.88446215139442,84.14634146341463
PYPL,PayPal,Financials,Transaction & Payment Processing Services,56.994475575247186,108,22,0.4813115662466075,0.6378738702401935,0.23980000000000004,0.023670310940201885,0.14840000000000003,0.12685317058623702,0.08180000000000001,0.05649638892393483,0.16570000000000001,0.4970273005650487,0.07400000000000001,0.09529035369742786,0.18720000000000003,0.19921666289080778,0.10310000000000001,0.001445812396341916,84.87819301885214,57.08562694585716,48.19286243193154,2.1933764179755673,17.8,2.0,0.1049349142463468,0.1271596406357982,0.2044459801888965,3.028537455410226,78.68525896414343,72.0
HAS,Hasbro,Consumer Discretionary,Leisure Products,56.986210514677474,109,14,0.4534631436478523,0.6007642310469212,0.23980000000000004,0.14129788637627327,0.14840000000000003,0.022737704956987362,0.08180000000000001,0.06364866477141898,0.16570000000000001,0.3955985983853232,0.07400000000000001,0.09983940825843937,0.18720000000000003,0.2360250960972504,0.10310000000000001,0.04085264115430746,65.19150568012772,72.99923326419918,47.419324999599134,10.105798325241807,7.1,2.0,0.1887630027164911,0.1411898911898912,0.1942786942786943,9.155012056493282,78.48605577689243,71.73913043478261
NXPI,NXP Semiconductors,Information Technology,Semiconductors,56.955042121503475,110,47,0.4661009765094275,0.6167226559938168,0.23980000000000004,0.0630469530832292,0.14840000000000003,0.16737256554463173,0.08180000000000001,0.015060981303190491,0.16570000000000001,0.47853233163863323,0.07400000000000001,0.05958195300680679,0.18720000000000003,0.20063824260000135,0.10310000000000001,0.01576697282350723,76.10057375726493,60.136647428552685,48.9965894119027,4.334371326570802,19.8,1.0,0.1311081942621413,0.2193935926773455,0.2156750572082379,6.388188976377953,78.28685258964144,36.111111111111114
INCY,Incyte,Health Care,Biotechnology,56.892088264090894,111,9,0.4533356994394315,0.5982942245909655,0.23980000000000004,0.16851838027650945,0.14840000000000003,0.2775731405510433,0.08180000000000001,0.01592111408059561,0.16570000000000001,0.3541965686515376,0.07400000000000001,0.020279746420100865,0.18720000000000003,0.13343984160816097,0.10310000000000001,0.030071208412052273,61.9969048429439,52.51646423913817,56.85569112161655,12.948852589496791,24.8,1.0,0.2126399164093093,0.3498156255618895,0.2958407779030237,-5.0658230709555445,78.08764940239044,86.20689655172414
HUM,Humana,Health Care,Managed Health Care,56.78259582537457,112,10,0.47828943259969847,0.6284161683825099,0.23980000000000004,0.15139291310869385,0.14840000000000003,0.20525671938024467,0.08180000000000001,0.05721260402912154,0.16570000000000001,0.0,0.07400000000000001,0.1580592744237483,0.18720000000000003,0.3954530150628581,0.10310000000000001,0.03262547399533345,61.9969048429439,49.5355651243774,57.47247623226551,12.948852589496791,22.5,2.0,0.7145080075529757,0.0169819169501064,0.0448772848508576,7.3745532546869175,77.88844621513944,84.48275862068965
CRM,Salesforce,Information Technology,Application Software,56.68954990306815,113,48,0.4844499653848203,0.6341021722646084,0.23980000000000004,0.05706787203310381,0.14840000000000003,0.08773817501623059,0.08180000000000001,0.013941690475471231,0.16570000000000001,0.4933019376368965,0.07400000000000001,0.026782147006339112,0.18720000000000003,0.3171326655361055,0.10310000000000001,0.004035512295853284,76.36692793967048,68.30067136112434,46.69050530466843,6.2582635522256505,14.9,1.0,0.1034938879766466,0.3107977082415161,0.0967827236668135,2.729458917835671,77.68924302788845,34.72222222222222
CIEN,Ciena,Information Technology,Communications Equipment,56.61073781976131,114,49,0.47496143192077295,0.6196905811689783,0.23980000000000004,0.0607165991722236,0.14840000000000003,0.1391979610461335,0.08180000000000001,0.022662959910384924,0.16570000000000001,0.3283786148992893,0.07400000000000001,0.08247532092152902,0.18720000000000003,0.36630200981929706,0.10310000000000001,0.000266534231142569,76.10057375726493,60.99435552184087,48.525259993075565,4.334371326570802,16.4,1.0,0.2089632173099719,0.1594239582940634,0.0695930715103382,2.1476325332223185,77.49003984063745,33.333333333333336
PAYX,Paychex,Industrials,Human Resource & Employment Services,56.5523453528806,115,15,0.4718321987793598,0.6141463255197477,0.23980000000000004,0.18704563740852723,0.14840000000000003,0.1161907917781344,0.08180000000000001,0.014697319850595844,0.16570000000000001,0.5284239774013628,0.07400000000000001,0.042880149543620495,0.18720000000000003,0.10401526755347974,0.10310000000000001,0.006746856464279506,58.32872611667806,65.24647634291148,52.986824381674666,17.21281530175761,16.7,1.0,0.0992611827258957,0.2619744627841794,0.320772345063843,4.736921185630378,77.29083665338645,82.92682926829268
DECK,Deckers Brands,Consumer Discretionary,Footwear,56.41523770600059,116,15,0.4930969573012831,0.6382547613914008,0.23980000000000004,0.0,0.14840000000000003,0.18799886261776455,0.08180000000000001,0.06812612480985307,0.16570000000000001,0.23090181173671107,0.07400000000000001,0.09064109700396532,0.18720000000000003,0.38934006409767863,0.10310000000000001,0.032992039734027305,100.0,48.248816112583306,44.194797305108814,0.18296157743119146,20.200000000000003,2.0,0.2635386097526741,0.1274821462025186,0.0320559159064314,-5.980501613842002,77.09163346613546,69.56521739130434
NKE,"Nike, Inc.",Consumer Discretionary,"Apparel, Accessories & Luxury Goods",56.388045620852516,117,16,0.4662588409299772,0.602849039162902,0.23980000000000004,0.0634688531218783,0.14840000000000003,0.1638973386258822,0.08180000000000001,0.13545705989123408,0.16570000000000001,0.22806607321023534,0.07400000000000001,0.11745545009606755,0.18720000000000003,0.2906254349261477,0.10310000000000001,0.00102979012855493,76.01261996822659,47.12322749440629,52.78892342788772,6.432715092963908,19.6,3.0,0.2856547774017183,0.0974298213634706,0.1366204885162231,0.2503302509907529,76.89243027888446,67.3913043478261
CMG,Chipotle Mexican Grill,Consumer Discretionary,Restaurants,56.33006002626503,118,17,0.44720952688017634,0.5768576624705483,0.23980000000000004,0.145277233458681,0.14840000000000003,0.19871585320212376,0.08180000000000001,0.06544119072458726,0.16570000000000001,0.13320850518313831,0.07400000000000001,0.11413487806841115,0.18720000000000003,0.3135299991798156,0.10310000000000001,0.029692340183242863,65.19150568012772,52.39491462036113,54.308041328214955,10.105798325241807,20.7,2.0,0.3777460535377572,0.1205135219237392,0.1383829835015747,7.936163609511783,76.69322709163346,65.21739130434783
TT,Trane Technologies,Industrials,Building Products,56.317762039688695,119,16,0.4572675408945744,0.5895367490093388,0.23980000000000004,0.19915076750448527,0.14840000000000003,0.10248500955836405,0.08180000000000001,0.06259397586723149,0.16570000000000001,0.2655662446435611,0.07400000000000001,0.0958668336571008,0.18720000000000003,0.2736690316996248,0.10310000000000001,0.0006681370696324945,58.32872611667806,61.2849553940301,53.74511445702432,17.21281530175761,15.2,2.0,0.2655523790416959,0.1456992209018651,0.1591721098607067,2.487181420600211,76.49402390438247,81.70731707317073
EBAY,eBay Inc.,Consumer Discretionary,Broadline Retail,56.292215217934455,120,18,0.47792948421849313,0.6155358712131099,0.23980000000000004,0.02709796140695493,0.14840000000000003,0.12578000469606904,0.08180000000000001,0.05729881481888599,0.16570000000000001,0.37906066413737616,0.07400000000000001,0.07437249113593696,0.18720000000000003,0.3272082790669778,0.10310000000000001,0.009181784737799096,83.93400807924614,57.41026434827967,46.28590441034354,3.4788608806636887,17.6,2.0,0.1747616126693804,0.175494575622208,0.0957243139757498,5.324909747292419,76.29482071713147,63.04347826086956
TRMB,Trimble Inc.,Information Technology,Application Software,56.271405404228226,121,50,0.5048865402822663,0.6497047402046786,0.23980000000000004,0.05373243753450094,0.14840000000000003,0.05594608521951852,0.08180000000000001,0.0,0.16570000000000001,0.436576937965346,0.07400000000000001,0.29029806007362413,0.18720000000000003,0.15027622402822657,0.10310000000000001,0.013170255178783693,76.10057375726493,76.57839820715303,43.15372242820379,4.334371326570802,12.4,0.0,0.113806669164481,-0.4852880658436214,0.239917695473251,-3.339324034334764,76.09561752988049,31.944444444444443
DDOG,Datadog,Information Technology,Application Software,56.23711197198474,122,51,0.4708124350391006,0.6050133530983395,0.23980000000000004,0.061791434683289695,0.14840000000000003,0.1416621127548943,0.08180000000000001,0.023064150926180364,0.16570000000000001,0.43676110958829373,0.07400000000000001,0.14872318091430772,0.18720000000000003,0.16472897134047043,0.10310000000000001,0.02326903979256374,76.10057375726493,60.99435552184087,47.2785829479046,4.334371326570802,16.4,1.0,0.1485827092448999,0.0397323474703376,0.2485211163364703,7.498338508470883,75.89641434262948,30.555555555555557
CVNA,Carvana,Consumer Discretionary,Automotive Retail,56.184775255050795,123,19,0.4773095905137303,0.6120596716369839,0.23980000000000004,0.12753204772655652,0.14840000000000003,0.2006409363165448,0.08180000000000001,0.07270729875242928,0.16570000000000001,0.02799953947424863,0.07400000000000001,0.14332431470204327,0.18720000000000003,0.425330744434779,0.10310000000000001,0.002465118593398539,65.19150568012772,48.248816112583306,55.85840716409494,10.105798325241807,20.200000000000003,2.0,0.5068719076415613,0.0420281995661605,0.0253524945770065,3.479305740987984,75.69721115537848,60.869565217391305
KIM,Kimco Realty,Real Estate,Retail REITs,56.16001872440891,124,4,0.5300228734191835,0.6789714235612437,0.23980000000000004,0.16313287931322448,0.14840000000000003,0.0392263310955643,0.08180000000000001,0.0,0.16570000000000001,0.5395200837157493,0.07400000000000001,0.029828712204313365,0.18720000000000003,0.0,0.10310000000000001,0.22829199367114852,56.28396413051392,79.22948949279157,50.03443045186003,29.734877024551515,10.9,0.0,0.0274974948769284,0.2783110415558432,0.6269433062031478,22.651139401690862,75.4980079681275,89.65517241379311
TYL,Tyler Technologies,Information Technology,Application Software,56.13577233624246,125,52,0.48405949150526356,0.61948094973044,0.23980000000000004,0.05845567073222077,0.14840000000000003,0.1340145905476161,0.08180000000000001,0.021819050151034074,0.16570000000000001,0.48019322772942064,0.07400000000000001,0.08588657019869438,0.18720000000000003,0.21796608536072432,0.10310000000000001,0.001664805280289795,76.10057375726493,60.99435552184087,47.89830552173033,4.334371326570802,16.4,1.0,0.1109637166521947,0.1449582697769014,0.183716842144425,3.1495833998012097,75.2988047808765,29.166666666666668
ISRG,Intuitive Surgical,Health Care,Health Care Equipment,56.07904566011693,126,11,0.4664992792564337,0.5956344704941315,0.23980000000000004,0.15914212865273678,0.14840000000000003,0.18974785481060633,0.08180000000000001,0.015035273785278793,0.16570000000000001,0.4636006377937733,0.07400000000000001,0.03707658750590393,0.18720000000000003,0.10110207208832259,0.10310000000000001,0.0342954453633782,61.9969048429439,58.0708649653889,53.07797918863788,12.948852589496791,21.1,1.0,0.1385426745734458,0.282854475676797,0.3279051274072537,7.3745532546869175,75.0996015936255,82.75862068965517
COF,Capital One,Financials,Consumer Finance,56.020464606767405,127,23,0.5142822068738521,0.655084868688724,0.23980000000000004,0.02073259011056177,0.14840000000000003,0.1775317183878454,0.08180000000000001,0.1113404075596344,0.16570000000000001,0.5806313145090073,0.07400000000000001,0.05875750859380748,0.18720000000000003,0.009632079660294224,0.10310000000000001,0.04137438117884948,84.87819301885214,42.42745001236613,52.03389228891726,2.1933764179755673,22.5,3.0,0.0235220788471955,0.1905362776025236,0.509589905362776,8.896084525845884,74.9003984063745,70.66666666666667
EW,Edwards Lifesciences,Health Care,Health Care Equipment,55.97765706289244,128,12,0.47115412111547605,0.5991072272834258,0.23980000000000004,0.15601312234636283,0.14840000000000003,0.14454857624142475,0.08180000000000001,0.014739654599520296,0.16570000000000001,0.47880549357292723,0.07400000000000001,0.09358027518906153,0.18720000000000003,0.09336356869101683,0.10310000000000001,0.018949309359686584,61.9969048429439,62.08702446653645,51.54024872794014,12.948852589496791,18.6,1.0,0.1255489612103467,0.1389431361286617,0.3360137851809305,-3.916933475631448,74.7011952191235,81.03448275862068
AXP,American Express,Financials,Consumer Finance,55.97254320017642,129,24,0.5004462133320161,0.6362222424621902,0.23980000000000004,0.0031885202789322647,0.14840000000000003,0.12812237830676962,0.08180000000000001,0.05225868429327792,0.16570000000000001,0.5346757139948287,0.07400000000000001,0.07472122462419925,0.18720000000000003,0.1633396908169721,0.10310000000000001,0.04369378768502015,94.22931445046115,55.7870216392872,43.3704964988974,1.5648647960482764,18.6,2.0,0.0637144998588592,0.1583744971227784,0.2277842847685491,8.896084525845884,74.5019920318725,69.33333333333333
SYY,Sysco,Consumer Staples,Food Distributors,55.94639638166897,130,2,0.48540392515459296,0.6164444715395944,0.23980000000000004,0.26847518447220164,0.14840000000000003,0.09951799076577202,0.08180000000000001,0.05554778150802978,0.16570000000000001,0.0,0.07400000000000001,0.14867212777629146,0.18720000000000003,0.3874883340540298,0.10310000000000001,0.040298581423675296,48.63931950384051,60.16110350702579,57.066031663961155,36.508402728060595,15.9,2.0,0.7790963834207839,0.0249050804556138,0.0423069969264147,9.638455217748565,74.30278884462152,96.96969696969697
BAC,Bank of America,Financials,Diversified Banks,55.92676569087737,131,25,0.5379206429836667,0.68259482726927,0.23980000000000004,0.01895047663405266,0.14840000000000003,0.2567144810665919,0.08180000000000001,0.10176990817996645,0.16570000000000001,0.5570281177014726,0.07400000000000001,0.02771905736904927,0.18720000000000003,0.0,0.10310000000000001,0.037817959048867256,84.87819301885214,33.269731418657074,54.92096091776345,2.1933764179755673,28.3,3.0,0.0086585782335379,0.2835623678646934,1.3798229386892178,8.896084525845884,74.10358565737052,68.0
NOW,ServiceNow,Information Technology,Systems Software,55.91723670546825,132,53,0.4941446636962456,0.6268029057532898,0.23980000000000004,0.056093935276841304,0.14840000000000003,0.1046699158150716,0.08180000000000001,0.0,0.16570000000000001,0.4346696782965,0.07400000000000001,0.1160777652005691,0.18720000000000003,0.2790772238052316,0.10310000000000001,0.009411481605786486,76.10057375726493,69.49019498986385,43.4948382681231,4.334371326570802,16.6,0.0,0.1259079138508179,0.0747429144720341,0.1186355655881615,5.50384193194292,73.90438247011951,27.77777777777778
NFLX,Netflix,Communication Services,Movies & Entertainment,55.8594906781923,133,2,0.468974263938369,0.5934834900474268,0.23980000000000004,0.15235051946206063,0.14840000000000003,0.11342364337279041,0.08180000000000001,0.059507987819432735,0.16570000000000001,0.32742705251575216,0.07400000000000001,0.040491184955055194,0.18720000000000003,0.30627387546431084,0.10310000000000001,0.0005257364105980632,62.619389436270424,59.35445493994723,52.20804585849784,12.338235267513351,16.4,2.0,0.2148818346811104,0.2708145533839418,0.1214311726698014,0.6018955396823746,73.70517928286853,95.65217391304348
FAST,Fastenal,Industrials,Trading Companies & Distributors,55.84913119977902,134,17,0.47067404698671456,0.5953843563404669,0.23980000000000004,0.1879672678265982,0.14840000000000003,0.25542730486405013,0.08180000000000001,0.05907895195986398,0.16570000000000001,0.06073159139504182,0.07400000000000001,0.08354318241227185,0.18720000000000003,0.3525128935512669,0.10310000000000001,0.000738807990907134,58.32872611667806,46.14677983516144,58.64989915020861,17.21281530175761,24.7,2.0,0.450911495229999,0.160375382295027,0.08446101638108,0.4314868804664723,73.50597609561753,80.48780487804878
REG,Regency Centers,Real Estate,Retail REITs,55.84593769423086,135,5,0.5021020116569629,0.6350572562262069,0.23980000000000004,0.15523754443111548,0.14840000000000003,0.050361855088193366,0.08180000000000001,0.0,0.16570000000000001,0.5930124821390735,0.07400000000000001,0.02472566244126335,0.18720000000000003,0.04736506398285526,0.10310000000000001,0.12929739191749884,59.60145217188153,77.80826014278207,47.35371193814468,15.594088699341498,11.7,0.0,0.0316141115108101,0.3116694508222755,0.4405819008761956,16.57928184706861,73.30677290836654,86.20689655172414
VICI,Vici Properties,Real Estate,Hotel & Resort REITs,55.83094895927128,136,6,0.5310095991464615,0.6712113828185176,0.23980000000000004,0.13879567815723293,0.14840000000000003,0.07500031180870718,0.08180000000000001,0.018131284690758243,0.16570000000000001,0.5474898533606037,0.07400000000000001,0.0002784149676050938,0.18720000000000003,0.0,0.10310000000000001,0.22030445701509277,59.60145217188153,66.50415991000494,52.36982705478969,15.594088699341498,13.1,1.0,0.0219282835610949,0.4974194736916689,0.6877737941719689,22.31650564848648,73.10756972111554,82.75862068965517
HIG,Hartford (The),Financials,Property & Casualty Insurance,55.82814084557247,137,26,0.49163438625662137,0.6213692220765424,0.23980000000000004,0.022686738091446584,0.14840000000000003,0.10574153055835665,0.08180000000000001,0.013537198369170224,0.16570000000000001,0.5202612497756074,0.07400000000000001,0.06783555928006035,0.18720000000000003,0.22466360503839636,0.10310000000000001,0.04527411888696243,84.87819301885214,65.41481427777771,42.16158479550099,2.1933764179755673,16.6,1.0,0.0812543332234636,0.1815638550846272,0.1706532382151349,8.896084525845884,72.90836653386454,66.66666666666667
A,Agilent Technologies,Health Care,Life Sciences Tools & Services,55.75538202882551,138,13,0.47258674138340306,0.5955358078751186,0.23980000000000004,0.15506866594816215,0.14840000000000003,0.07681192845278682,0.08180000000000001,0.058601700700789607,0.16570000000000001,0.4592618251232836,0.07400000000000001,0.06865016303688033,0.18720000000000003,0.1773829017595469,0.10310000000000001,0.004222814978550627,61.9969048429439,63.81857379556398,50.76039287646096,12.948852589496791,13.6,2.0,0.1344597980955108,0.1927582534611288,0.2337593184238551,4.064935064935065,72.70916334661355,79.3103448275862
ZBRA,Zebra Technologies,Information Technology,Electronic Equipment & Instruments,55.73916542195656,139,54,0.47363144171992827,0.5964600878123311,0.23980000000000004,0.06105807084877203,0.14840000000000003,0.13998081387021413,0.08180000000000001,0.022790416965319735,0.16570000000000001,0.3766981576047779,0.07400000000000001,0.08748651797372352,0.18720000000000003,0.2931734761996898,0.10310000000000001,0.018812546537503035,76.10057375726493,60.99435552184087,46.12287474996429,4.334371326570802,16.4,1.0,0.180270927405349,0.1496467565831727,0.1271676300578034,6.925729442970822,72.50996015936255,26.38888888888889
MRVL,Marvell Technology,Information Technology,Semiconductors,55.72506992250437,140,55,0.4951995382856007,0.6232653297985256,0.23980000000000004,0.05585520709488552,0.14840000000000003,0.12805280676811095,0.08180000000000001,0.020848406143220415,0.16570000000000001,0.47945530195432823,0.07400000000000001,0.09687810223286908,0.18720000000000003,0.21889554514836904,0.10310000000000001,1.4630658216771617e-05,76.10057375726493,60.99435552184087,47.55168128260988,4.334371326570802,16.4,1.0,0.099413528049763,0.1124374840287664,0.1731464242689738,1.3418001823629022,72.31075697211155,25.0
BLK,BlackRock,Financials,Asset Management & Custody Banks,55.665757581017786,141,27,0.5113269555864974,0.6420184670197697,0.23980000000000004,0.02097293367231047,0.14840000000000003,0.11880062399009045,0.08180000000000001,0.050058278516920705,0.16570000000000001,0.5553851252437656,0.07400000000000001,0.03423263286380958,0.18720000000000003,0.22019552960590416,0.10310000000000001,0.00035487610719902094,84.87819301885214,56.273911415847685,46.97963114555472,2.1933764179755673,18.3,2.0,0.0402786069651741,0.2701863354037267,0.1578204404291361,0.695491043854231,72.11155378486056,65.33333333333333
TDY,Teledyne Technologies,Information Technology,Electronic Equipment & Instruments,55.65784108032461,142,56,0.4880317890132477,0.6125726941769009,0.23980000000000004,0.05750795249008831,0.14840000000000003,0.13184186597559472,0.08180000000000001,0.021465306680210464,0.16570000000000001,0.4763512630030658,0.07400000000000001,0.08162399851921663,0.18720000000000003,0.22736619038209652,0.10310000000000001,0.003843422949727636,76.10057375726493,60.99435552184087,46.93824917035606,4.334371326570802,16.4,1.0,0.1087995078662862,0.1513984962406015,0.1712481203007518,4.02697541179279,71.91235059760956,23.61111111111111
TGT,Target Corporation,Consumer Staples,Consumer Staples Merchandise Retail,55.63336887046346,143,3,0.4706597990108025,0.5901820702684416,0.23980000000000004,0.2326668835982087,0.14840000000000003,0.08682098175556577,0.08180000000000001,0.13293569009443842,0.16570000000000001,0.07315299256347978,0.07400000000000001,0.13026510096275953,0.18720000000000003,0.3427466864539703,0.10310000000000001,0.001411664571577532,53.63931950384051,55.19445415589081,56.5487644619822,36.508402728060595,14.4,3.0,0.4333959336980485,0.0707261012095406,0.0917140811635705,2.976953008081413,71.71314741035856,93.93939393939394
KKR,KKR & Co.,Financials,Asset Management & Custody Banks,55.61670804481084,144,28,0.5267971298267914,0.6601295414950729,0.23980000000000004,0.01975921829164962,0.14840000000000003,0.16844565335853,0.08180000000000001,0.0596886190210678,0.16570000000000001,0.571515475967487,0.07400000000000001,0.08090115074453207,0.18720000000000003,0.0014282697710642203,0.10310000000000001,0.0982616128456693,84.87819301885214,47.852591325589685,50.058492715638295,2.1933764179755673,20.45,2.0,0.0136497992945029,0.1238182608787875,0.5663364761531038,15.29206067953042,71.51394422310757,64.0
ELV,Elevance Health,Health Care,Managed Health Care,55.5732189805538,145,14,0.46756740103309075,0.5848775213852816,0.23980000000000004,0.15841586323697954,0.14840000000000003,0.055135989391057294,0.08180000000000001,0.05986663357750205,0.16570000000000001,0.10205970497256676,0.07400000000000001,0.1576060783297479,0.18720000000000003,0.43277679677088504,0.10310000000000001,0.03413893372126134,61.9969048429439,67.17711126255588,48.82559595327388,12.948852589496791,11.4,2.0,0.3991996077128711,0.0289852201133256,0.0322146055394856,7.3745532546869175,71.31474103585657,77.58620689655173
USB,U.S. Bancorp,Financials,Diversified Banks,55.40557923031548,146,29,0.547039381690533,0.6796597709138053,0.23980000000000004,0.018323961652160995,0.14840000000000003,0.28455222781739725,0.08180000000000001,0.09840532936689769,0.16570000000000001,0.535275811867032,0.07400000000000001,0.02687499636900306,0.18720000000000003,0.0,0.10310000000000001,0.036567672927508954,84.87819301885214,30.37651436190003,54.98693567496899,2.1933764179755673,30.3,3.0,0.010587972746233,0.2832422586520947,0.6271142336716107,8.896084525845884,71.11553784860558,62.666666666666664
PGR,Progressive Corporation,Financials,Property & Casualty Insurance,55.37287858758389,147,30,0.4784736297655547,0.5936852158471811,0.23980000000000004,0.023951931700080704,0.14840000000000003,0.16205330579813376,0.08180000000000001,0.05716856243358422,0.16570000000000001,0.35509360581725885,0.07400000000000001,0.09009431558070859,0.18720000000000003,0.2638393135219252,0.10310000000000001,0.04779896514830849,84.87819301885214,53.5210066215746,44.694199314039906,2.1933764179755673,20.0,2.0,0.1889053432059235,0.1403025551930166,0.1469977541421246,8.896084525845884,70.91633466135458,61.333333333333336
HBAN,Huntington Bancshares,Financials,Regional Banks,55.35319326605829,148,31,0.5108307409645795,0.6333288940317394,0.23980000000000004,0.021013699155551575,0.14840000000000003,0.168916804283929,0.08180000000000001,0.05015557772864969,0.16570000000000001,0.6150325000042655,0.07400000000000001,0.03821639567641526,0.18720000000000003,0.06472965500842397,0.10310000000000001,0.04193536814276507,84.87819301885214,50.64014161796493,47.941638202903434,2.1933764179755673,21.8,2.0,0.0099899994365879,0.2562566090941135,0.3620021149101163,8.896084525845884,70.71713147410358,60.0
MSFT,Microsoft,Information Technology,Systems Software,55.349081739152055,149,57,0.48845950528136467,0.605492252726867,0.23980000000000004,0.14003665148949368,0.14840000000000003,0.08863610888794043,0.08180000000000001,0.12342373192512922,0.16570000000000001,0.4576727655238827,0.07400000000000001,0.009107009609339693,0.18720000000000003,0.18032395879826194,0.10310000000000001,0.0007997737659525165,62.672849770434155,54.15381711815969,53.328971369568386,18.111544102125393,15.1,3.0,0.1186838718524847,0.3973690935149488,0.2181941404557423,0.3462652929813264,70.5179282868526,22.22222222222222
HST,Host Hotels & Resorts,Real Estate,Hotel & Resort REITs,55.3220948351484,150,7,0.47870508870541384,0.5927531341882017,0.23980000000000004,0.17078298455060797,0.14840000000000003,0.07267539933094502,0.08180000000000001,0.014278323149360733,0.16570000000000001,0.4671377727441159,0.07400000000000001,0.08802715538366178,0.18720000000000003,0.17365738672316136,0.10310000000000001,0.013440978118147286,59.60145217188153,70.87317445745254,48.27760063180565,15.594088699341498,13.4,1.0,0.1237455670414245,0.1445121951219512,0.2329268292682927,6.135294117647059,70.3187250996016,79.3103448275862
NVR,"NVR, Inc.",Consumer Discretionary,Homebuilding,55.304526454184824,151,20,0.4940681915227695,0.6113417131655073,0.23980000000000004,0.11902710347986253,0.14840000000000003,0.15657852764183416,0.08180000000000001,0.013404156994833346,0.16570000000000001,0.07147672638054177,0.07400000000000001,0.1026190977392639,0.18720000000000003,0.5350274177673612,0.10310000000000001,0.0018669699963030726,65.19150568012772,59.335963975296735,50.694947381257194,10.105798325241807,20.3,1.0,0.4259734728422007,0.1014693570334616,-0.0676648333139513,-0.2829919353381556,70.11952191235059,58.69565217391305
RDDT,Reddit,Communication Services,Interactive Media & Services,55.28025500794185,152,3,0.4642790110005773,0.5739178997443953,0.23980000000000004,0.15544754191383323,0.14840000000000003,0.27108360968155526,0.08180000000000001,0.07684581659308148,0.16570000000000001,0.3237929717337029,0.07400000000000001,0.02824112298349275,0.18720000000000003,0.1050307588761879,0.10310000000000001,0.03955817821814639,62.619389436270424,43.740995591855174,57.12388512478421,12.338235267513351,23.1,2.0,0.2213341839435407,0.3141339661202253,0.3239413346916717,-6.212425945231255,69.9203187250996,91.30434782608695
ADP,Automatic Data Processing,Industrials,Human Resource & Employment Services,55.16686085316307,153,18,0.4938758732105056,0.6077107714207561,0.23980000000000004,0.17072106509986296,0.14840000000000003,0.07241632310099166,0.08180000000000001,0.01341459835027776,0.16570000000000001,0.5055276471415557,0.07400000000000001,0.06832910630239655,0.18720000000000003,0.16898098094514952,0.10310000000000001,0.0006102790597657019,58.32872611667806,70.18576853980296,49.317977976460334,17.21281530175761,13.8,1.0,0.08661994230401,0.1787789104461251,0.2263692498812525,0.4809960681520314,69.7211155378486,79.26829268292683
HPE,Hewlett Packard Enterprise,Information Technology,"Technology Hardware, Storage & Peripherals",55.12479317315985,154,58,0.4917525572874954,0.6040698178271636,0.23980000000000004,0.056640995063689886,0.14840000000000003,0.04391250573232056,0.08180000000000001,0.05412277205670447,0.16570000000000001,0.40449852199625425,0.07400000000000001,0.09178112672084675,0.18720000000000003,0.3369016741695917,0.10310000000000001,0.012142404260592512,76.10057375726493,68.20316850376756,43.06503983680068,4.334371326570802,10.7,2.0,0.1460955069620556,0.1260951445181364,0.073364447719643,6.025773195876289,69.5219123505976,20.833333333333332
SPG,Simon Property Group,Real Estate,Retail REITs,55.11826059632482,155,8,0.5141539053993119,0.6314209146291873,0.23980000000000004,0.1480452266508262,0.14840000000000003,0.06876757530901961,0.08180000000000001,0.012377331338968704,0.16570000000000001,0.5403721110141253,0.07400000000000001,0.033830401537819264,0.18720000000000003,0.0050604660378187425,0.10310000000000001,0.19154688811142206,59.60145217188153,69.8423538970239,49.66991821847456,15.594088699341498,14.0,1.0,0.0450926995225749,0.2702856810964829,0.5353932038346966,20.29422856975278,69.32270916334662,75.86206896551724
IVZ,Invesco,Financials,Asset Management & Custody Banks,55.07668245397801,156,32,0.5030071959657865,0.6166946057777678,0.23980000000000004,0.021672457663415245,0.14840000000000003,0.1905615234568104,0.08180000000000001,0.051727905061452334,0.16570000000000001,0.5241488817806105,0.07400000000000001,0.05460341482006419,0.18720000000000003,0.054408649388523606,0.10310000000000001,0.10287716782912369,84.87819301885214,49.06558711993225,47.35352188052352,2.1933764179755673,22.8,2.0,0.0664504551725142,0.2094106047326906,0.3854623137598598,14.974960876369328,69.12350597609561,58.666666666666664
AMT,American Tower,Real Estate,Telecom Tower REITs,54.956706968050106,157,9,0.5055927315241856,0.61686679017544,0.23980000000000004,0.15310135819998136,0.14840000000000003,0.04310873416259981,0.08180000000000001,0.012800049564291217,0.16570000000000001,0.562006312948512,0.07400000000000001,0.023487476917230316,0.18720000000000003,0.036442896027911786,0.10310000000000001,0.16905317217947352,59.60145217188153,75.163577681182,47.419109613664865,15.594088699341498,10.9,1.0,0.04342963123281,0.3155578189225564,0.4241024335236986,18.862261739963795,68.92430278884463,72.41379310344827
AZO,AutoZone,Consumer Discretionary,Automotive Retail,54.951827625033324,158,21,0.47181463315778616,0.5755411379721743,0.23980000000000004,0.13051993290943575,0.14840000000000003,0.05041461745473867,0.08180000000000001,0.05879365692433848,0.16570000000000001,0.2982368021285853,0.07400000000000001,0.09648664665921772,0.18720000000000003,0.3376380446301664,0.10310000000000001,0.027910299293517807,65.19150568012772,67.76639719812202,45.90578319024112,10.105798325241807,11.0,2.0,0.2314420942011084,0.1325134529379563,0.0942951280223923,8.083357932490074,68.72509960159363,56.52173913043478
RMD,ResMed|,Health Care,Health Care Equipment,54.920751603040095,159,15,0.48595398795497813,0.5920453248901542,0.23980000000000004,0.14665498033649071,0.14840000000000003,0.27373571905017213,0.08180000000000001,0.013855525246525578,0.16570000000000001,0.3854055454722802,0.07400000000000001,0.040425481752857075,0.18720000000000003,0.1352419024552227,0.10310000000000001,0.004680845686451755,61.9969048429439,50.28962838754061,54.31458729691791,12.948852589496791,26.4,1.0,0.1632450549021576,0.2619702701539373,0.2715005735672604,-1.2768417312879463,68.52589641434263,75.86206896551724
ACGL,Arch Capital Group,Financials,Property & Casualty Insurance,54.80622060833126,160,33,0.5054275035374632,0.612928850679366,0.23980000000000004,0.021465391678818984,0.14840000000000003,0.1838066469402474,0.08180000000000001,0.05123367917535301,0.16570000000000001,0.5447547749446883,0.07400000000000001,0.045412979228471644,0.18720000000000003,0.11048975304499008,0.10310000000000001,0.04283677498743045,84.87819301885214,49.5355651243774,46.637025009215165,2.1933764179755673,22.5,2.0,0.0527007830568567,0.2354644687012697,0.2913789262642013,8.896084525845884,68.32669322709164,57.333333333333336
ALL,Allstate,Financials,Property & Casualty Insurance,54.783538848769346,161,34,0.4974563172825105,0.6027100925095379,0.23980000000000004,0.009927853968589905,0.14840000000000003,0.18140505259233575,0.08180000000000001,0.05288876007058186,0.16570000000000001,0.39384229075135263,0.07400000000000001,0.06750137421458725,0.18720000000000003,0.2502140707220016,0.10310000000000001,0.04422059768055104,89.87819301885214,50.32347835766159,43.40935259294017,2.1933764179755673,22.0,2.0,0.1469748949950303,0.1783922338568935,0.1413067190226876,8.896084525845884,68.12749003984064,56.0
GEN,Gen Digital,Information Technology,Systems Software,54.78061791768715,162,59,0.4886457929403226,0.5919655963326237,0.23980000000000004,0.05736352098219138,0.14840000000000003,0.1109427685774852,0.08180000000000001,0.05481317492741932,0.16570000000000001,0.5187256188628553,0.07400000000000001,0.07727347373922294,0.18720000000000003,0.09623766660408212,0.10310000000000001,0.08464377630674376,76.10057375726493,58.54543880257684,45.81410593923246,4.334371326570802,16.9,2.0,0.0854001534134492,0.1609281437125748,0.3218562874251497,13.373684210526315,67.92828685258964,19.444444444444443
EME,Emcor,Industrials,Construction & Engineering,54.6638409142072,163,19,0.490898474975887,0.5918983143306911,0.23980000000000004,0.17279826072694385,0.14840000000000003,0.2453879979496946,0.08180000000000001,0.06873769510214339,0.16570000000000001,0.02619553103416571,0.07400000000000001,0.11574334037448974,0.18720000000000003,0.3684236133947678,0.10310000000000001,0.0027135614177949147,58.32872611667806,43.514272582521464,57.3650113242881,17.21281530175761,23.25,2.0,0.5075170211287061,0.078312794914035,0.0500897012003355,-0.6357741496870024,67.72908366533865,78.04878048780488
EXR,Extra Space Storage,Real Estate,Self-Storage REITs,54.653034831489805,164,10,0.528895212703086,0.637434685533105,0.23980000000000004,0.1399076349201709,0.14840000000000003,0.07660582995745227,0.08180000000000001,0.011696987423597958,0.16570000000000001,0.5383790456528574,0.07400000000000001,0.02917210736057133,0.18720000000000003,0.0012267155081144056,0.10310000000000001,0.2030116791772359,59.60145217188153,67.78853196313545,49.75727892415127,15.594088699341498,15.2,1.0,0.0294173722661349,0.2815063076281472,0.5689072891392445,21.40324837646873,67.52988047808765,68.96551724137932
WRB,W. R. Berkley Corporation,Financials,Property & Casualty Insurance,54.60779938690035,165,35,0.5057990389954321,0.608487186752047,0.23980000000000004,0.0214338683882138,0.14840000000000003,0.17229429834217924,0.08180000000000001,0.012789609816112433,0.16570000000000001,0.49142489221406144,0.07400000000000001,0.08866669653575134,0.18720000000000003,0.170616768240201,0.10310000000000001,0.042773866463480706,84.87819301885214,56.981102031165996,42.88243637712843,2.1933764179755673,21.8,1.0,0.0813130418290665,0.1217671900262375,0.2154054297826283,8.896084525845884,67.33067729083665,54.666666666666664
ABNB,Airbnb,Consumer Discretionary,"Hotels, Resorts & Cruise Lines",54.605826510951935,166,22,0.48345288290431304,0.5815579890767626,0.23980000000000004,0.12431151110509574,0.14840000000000003,0.19557419823234906,0.08180000000000001,0.07087123854282809,0.16570000000000001,0.45488173724090003,0.07400000000000001,0.052922395640024364,0.18720000000000003,0.07838668646398834,0.10310000000000001,0.0230522327748144,65.19150568012772,48.248816112583306,53.074838731447784,10.105798325241807,20.200000000000003,2.0,0.125478194338179,0.2261640798226164,0.3519955654101995,-4.630620985010706,67.13147410358566,54.34782608695652
DPZ,Domino's,Consumer Discretionary,Restaurants,54.57586653294994,167,23,0.503812411418111,0.6053169719383561,0.23980000000000004,0.11446742943371596,0.14840000000000003,0.3115601447274586,0.08180000000000001,0.05156268950740695,0.16570000000000001,0.0,0.07400000000000001,0.09303794519782577,0.18720000000000003,0.2457985489450857,0.10310000000000001,0.18357324218850687,65.19150568012772,39.79387437451664,56.52897878671963,10.105798325241807,29.2,2.0,0.6773731627008567,0.1136528226505261,0.1395505962273123,19.52882263598101,66.93227091633466,52.17391304347826
TRV,Travelers Companies (The),Financials,Property & Casualty Insurance,54.545317236892075,168,36,0.5060839565600467,0.6072973845826445,0.23980000000000004,0.021409741298388144,0.14840000000000003,0.14923162026801212,0.08180000000000001,0.01277521315848258,0.16570000000000001,0.4849386262910752,0.07400000000000001,0.06397206607173246,0.18720000000000003,0.22494701496311761,0.10310000000000001,0.04272571794919187,84.87819301885214,59.335963975296735,41.77976251438925,2.1933764179755673,20.3,1.0,0.0846427078980359,0.181683534929647,0.1576565457088784,8.896084525845884,66.73306772908367,53.333333333333336
CMI,Cummins,Industrials,Construction Machinery & Heavy Transportation Equipment,54.54517648826305,169,20,0.47773531485247345,0.5732759485156855,0.23980000000000004,0.15344269570930483,0.14840000000000003,0.1513748912230195,0.08180000000000001,0.05734540101481778,0.16570000000000001,0.2434715109560424,0.07400000000000001,0.11128822676891952,0.18720000000000003,0.282126460488184,0.10310000000000001,0.0009508138397119547,61.78482378044499,54.65231185826472,51.78385262271119,19.403616368827322,19.3,2.0,0.2654223968565815,0.0985513376334989,0.1321772232208945,2.730350665054414,66.53386454183267,76.82926829268293
GRMN,Garmin,Consumer Discretionary,Consumer Electronics,54.53249315921193,170,24,0.4830983381241685,0.5794150295337868,0.23980000000000004,0.12449404193494291,0.14840000000000003,0.17028779508469424,0.08180000000000001,0.014019812582431398,0.16570000000000001,0.36734909232572827,0.07400000000000001,0.039021984725281796,0.18720000000000003,0.2709938854101148,0.10310000000000001,0.013833387936806657,65.19150568012772,58.7008809973717,48.830831438966584,10.105798325241807,20.7,1.0,0.1770055404065042,0.2679996755835046,0.1363825186984568,-3.245627397029339,66.33466135458167,50.0
ALLE,Allegion,Industrials,Building Products,54.523502193367186,171,21,0.4867625004127508,0.583598067990025,0.23980000000000004,0.17574723700740633,0.14840000000000003,0.1860341519421016,0.08180000000000001,0.0,0.16570000000000001,0.30405297462278486,0.07400000000000001,0.07813910818795977,0.18720000000000003,0.24414748750451679,0.10310000000000001,0.011879040735230599,58.32872611667806,61.50500839612204,49.60195223999111,17.21281530175761,21.8,0.0,0.2148000298462916,0.1603126356925749,0.1567520625271385,5.930998613037448,66.13545816733068,75.60975609756098
VRTX,Vertex Pharmaceuticals,Health Care,Biotechnology,54.446328339240104,172,16,0.48761939517434366,0.582808909278623,0.23980000000000004,0.1456549250542628,0.14840000000000003,0.20100353243034702,0.08180000000000001,0.055044172021697924,0.16570000000000001,0.4540841204773945,0.07400000000000001,0.021850409654293353,0.18720000000000003,0.10936233565404299,0.10310000000000001,0.013000504707961484,61.9969048429439,49.22200385809954,53.62981707919752,12.948852589496791,22.7,2.0,0.1215718020807123,0.3298839197336453,0.3039083355829509,-3.143600965891941,65.93625498007968,74.13793103448276
COO,Cooper Companies (The),Health Care,Health Care Supplies,54.43413019399833,173,17,0.4925434024360119,0.5884046943149843,0.23980000000000004,0.1427572274529295,0.14840000000000003,0.11708493075231845,0.08180000000000001,0.053949108705608685,0.16570000000000001,0.5129320801268233,0.07400000000000001,0.0077585381725596494,0.18720000000000003,0.14419393825411764,0.10310000000000001,0.021324176535642874,61.9969048429439,57.57254998763388,50.81198700040501,12.948852589496791,17.5,2.0,0.0841289630249183,0.4059275933220784,0.2560495216657287,7.507232704402516,65.73705179282868,72.41379310344827
MRSH,Marsh McLennan,Financials,Insurance Brokers,54.370322309946616,174,37,0.49861558946180173,0.5941284637588347,0.23980000000000004,0.022055903540743386,0.14840000000000003,0.1880246995349666,0.08180000000000001,0.06662644261413966,0.16570000000000001,0.4300457308634487,0.07400000000000001,0.07012389178197563,0.18720000000000003,0.19359780117335,0.10310000000000001,0.029525530491376007,84.87819301885214,47.852591325589685,45.65552588222746,2.1933764179755673,20.45,2.0,0.1240575047753091,0.1709886547811993,0.1959751485683414,8.655805415328132,65.5378486055777,52.0
ZTS,Zoetis,Health Care,Pharmaceuticals,54.32294541908459,175,18,0.47686706897655085,0.5671299079559184,0.23980000000000004,0.15229738703948315,0.14840000000000003,0.1441567398533157,0.08180000000000001,0.05755441202920777,0.16570000000000001,0.39946671857889265,0.07400000000000001,0.036342854848633796,0.18720000000000003,0.18939808586082119,0.10310000000000001,0.020783801789645662,61.9969048429439,55.46257841420794,50.93674325860416,12.948852589496791,18.8,2.0,0.1636930423824368,0.2799837925445705,0.2179902755267423,7.241873804971319,65.33864541832669,70.6896551724138
BRO,Brown & Brown,Financials,Insurance Brokers,54.23897864435678,176,38,0.5132893480448656,0.6083843664811042,0.23980000000000004,0.020812874042483213,0.14840000000000003,0.1479439251541015,0.08180000000000001,0.012419061894661467,0.16570000000000001,0.523378318068462,0.07400000000000001,0.06499154937800747,0.18720000000000003,0.18006234762189455,0.10310000000000001,0.05039192384038966,84.87819301885214,59.017801163267926,41.631792551299355,2.1933764179755673,20.5,1.0,0.0553417873992036,0.1741233373639661,0.1989117291414752,11.123577235772355,65.13944223107569,50.666666666666664
INVH,Invitation Homes,Real Estate,Single-Family Residential REITs,54.22205989798613,177,11,0.5083583991403169,0.6021293117690544,0.23980000000000004,0.15144002767438872,0.14840000000000003,0.08183287438555238,0.08180000000000001,0.019783052986924433,0.16570000000000001,0.5614284361390245,0.07400000000000001,0.028679644213631204,0.18720000000000003,0.029722273625665548,0.10310000000000001,0.12711369097481326,59.60145217188153,66.50415991000494,48.692500015881365,15.594088699341498,13.1,1.0,0.0405213268857689,0.2927523242592468,0.4405819008761956,16.63770310097512,64.9402390438247,65.51724137931035
PRU,Prudential Financial,Financials,Life & Health Insurance,54.20595449826382,178,39,0.5440305358233904,0.6439635141951098,0.23980000000000004,0.00018724589961771507,0.14840000000000003,0.12410049604137842,0.08180000000000001,0.011055203499854173,0.16570000000000001,0.5248601997875835,0.07400000000000001,0.10097433199017698,0.18720000000000003,0.20184924486061678,0.10310000000000001,0.036973277920772644,98.47978558766846,59.975920022750664,37.52190297021131,1.1252071119041551,19.9,1.0,0.0200266988618525,0.0627708386438949,0.149502931430028,8.896084525845884,64.7410358565737,49.333333333333336
TXN,Texas Instruments,Information Technology,Semiconductors,54.12536647095297,179,60,0.5011321417578717,0.5912627248748251,0.23980000000000004,0.3474907637796729,0.14840000000000003,0.1567270077037604,0.08180000000000001,0.052115723257571224,0.16570000000000001,0.37966744613210296,0.07400000000000001,0.014237253160517906,0.18720000000000003,0.04741803886146966,0.10310000000000001,0.002343767104904725,39.67472616553826,52.555398077559346,59.845538558353354,107.8974160435,20.6,2.0,0.1522490385151329,0.3624382207578254,0.4006955885044847,3.526297930098405,64.54183266932272,18.055555555555557
NWSA,News Corp (Class A),Communication Services,Publishing,54.116576976246485,180,4,0.5006792061544536,0.5905192554233925,0.23980000000000004,0.13366658430393735,0.14840000000000003,0.04893172080340775,0.08180000000000001,0.05221005808650819,0.16570000000000001,0.3833848202751734,0.07400000000000001,0.11213135334551295,0.18720000000000003,0.26956548656919155,0.10310000000000001,0.00010997661626886075,62.619389436270424,67.02861352745036,46.92156016838972,12.338235267513351,11.5,2.0,0.1503474009264024,0.0765939238339751,0.1206675224646983,1.9385342789598108,64.34262948207171,86.95652173913044
EOG,EOG Resources,Energy,Oil & Gas Exploration & Production,54.08906468606054,181,1,0.5186797300285532,0.6110723137532076,0.23980000000000004,0.13787395917948742,0.14840000000000003,0.40324368807176386,0.08180000000000001,0.012162272865314657,0.16570000000000001,0.35027719865568957,0.07400000000000001,0.021214091654588714,0.18720000000000003,0.07482146999120409,0.10310000000000001,0.0004073195819515151,60.67073681257477,41.332925021136674,58.025511969369354,21.15574487873793,34.2,1.0,0.1550480988627859,0.3206969625618083,0.3398869790440311,0.625699481865285,64.14342629482071,100.0
YUM,Yum! Brands,Consumer Discretionary,Restaurants,54.06968362844211,182,25,0.47230410574883464,0.5560016910762586,0.23980000000000004,0.13024954429811447,0.14840000000000003,0.16798193950548954,0.08180000000000001,0.05867185839980735,0.16570000000000001,0.2706699994638007,0.07400000000000001,0.010427603153882654,0.18720000000000003,0.22477887773987773,0.10310000000000001,0.13722017743902765,65.19150568012772,53.3597754046138,49.78824536408113,10.105798325241807,20.1,2.0,0.2499424095830454,0.3930875576036866,0.1875576036866359,16.1125,63.94422310756972,47.82608695652174
RF,Regions Financial Corporation,Financials,Regional Banks,54.04403497072859,183,40,0.5224183004681966,0.6143618762410618,0.23980000000000004,0.020091843902643642,0.14840000000000003,0.0970622967196316,0.08180000000000001,0.04795529007584141,0.16570000000000001,0.584583385521305,0.07400000000000001,0.02571316711815897,0.18720000000000003,0.18449832173087122,0.10310000000000001,0.04009569493154833,84.87819301885214,58.54543880257684,42.62293965401763,2.1933764179755673,16.9,2.0,0.0118227639353002,0.2988987939171473,0.1866806502359727,8.896084525845884,63.745019920318725,48.0
MAA,Mid-America Apartment Communities,Real Estate,Multi-Family Residential REITs,54.03737604288877,184,12,0.5075400044482054,0.5967050554548204,0.23980000000000004,0.151928807423221,0.14840000000000003,0.06178968074391647,0.08180000000000001,0.012702018376092507,0.16570000000000001,0.5522978246355507,0.07400000000000001,0.05027459002316424,0.18720000000000003,0.04501715381836381,0.10310000000000001,0.12598992497969144,59.60145217188153,71.38905572881318,46.57151850022417,15.594088699341498,13.1,1.0,0.0462814717042291,0.2193191828176255,0.4033671574252378,16.546379201088996,63.54581673306773,62.06896551724138
CFG,Citizens Financial Group,Financials,Regional Banks,53.94454435395228,185,41,0.5257490071371133,0.6158074051534917,0.23980000000000004,0.019838079985521388,0.14840000000000003,0.1853073819905234,0.08180000000000001,0.04734960538530994,0.16570000000000001,0.5810486315497306,0.07400000000000001,0.035843930623873414,0.18720000000000003,0.09102309200053652,0.10310000000000001,0.039589278464504725,84.87819301885214,47.97793281841293,46.150432751387804,2.1933764179755673,23.5,2.0,0.0097632528780854,0.2571178274200613,0.3088042049934297,8.896084525845884,63.34661354581673,46.666666666666664
SBAC,SBA Communications,Real Estate,Telecom Tower REITs,53.93581052494579,186,13,0.54740492352611,0.6409475250121498,0.23980000000000004,0.13060604806707568,0.14840000000000003,0.04164975952109467,0.08180000000000001,0.0,0.16570000000000001,0.4513027392399705,0.07400000000000001,0.02805853854298303,0.18720000000000003,0.014245746999637703,0.10310000000000001,0.3341371676292384,59.60145217188153,77.98500975213597,45.22023885482769,15.594088699341498,11.6,0.0,0.0609141975350697,0.2779032930037999,0.4819957107346275,27.92803709274989,63.147410358565736,58.62068965517241
APH,Amphenol,Information Technology,Electronic Components,53.90189247589459,187,61,0.4934058259319497,0.5769327463704821,0.23980000000000004,0.056262053873786556,0.14840000000000003,0.14635835335516667,0.08180000000000001,0.05376067835370768,0.16570000000000001,0.34620959657392003,0.07400000000000001,0.09286328156979613,0.18720000000000003,0.2912609712439255,0.10310000000000001,0.013285065029697415,76.10057375726493,54.16694358820736,45.47538694634239,4.334371326570802,19.6,2.0,0.1808548006588534,0.1224393380664295,0.1089093318985315,6.249850388988629,62.94820717131474,16.666666666666668
QCOM,Qualcomm,Information Technology,Semiconductors,53.90115715245106,188,62,0.5060881535144854,0.5917445083337587,0.23980000000000004,0.05288857718453241,0.14840000000000003,0.08588217152108217,0.08180000000000001,0.11497501144281125,0.16570000000000001,0.34008632912489456,0.07400000000000001,0.05679803696659651,0.18720000000000003,0.3470484470041077,0.10310000000000001,0.002321426755975233,76.23255355625592,53.702401602903755,46.2562784852096,6.323861867899868,15.4,3.0,0.1733923684348144,0.2012667135819845,0.0497637478636774,3.5365612648221343,62.74900398406375,15.277777777777779
DXCM,Dexcom,Health Care,Health Care Equipment,53.895365135695755,189,19,0.4953481787455703,0.5790517816998066,0.23980000000000004,0.14114515529056967,0.14840000000000003,0.2177284899782662,0.08180000000000001,0.013334973405377483,0.16570000000000001,0.31096111924704223,0.07400000000000001,0.06339315135375385,0.18720000000000003,0.2526705086260968,0.10310000000000001,0.0007666020988938456,61.9969048429439,53.672027337831636,51.0121678845445,12.948852589496791,24.0,1.0,0.2026861648567843,0.1903852033017425,0.1410119229593396,0.354515050167224,62.54980079681275,68.96551724137932
LITE,Lumentum,Information Technology,Communications Equipment,53.862013675988,190,63,0.5235584993387683,0.6112081887043296,0.23980000000000004,0.0499681994161161,0.14840000000000003,0.11455634160504698,0.08180000000000001,0.018651033088157826,0.16570000000000001,0.36930737244795364,0.07400000000000001,0.26996116352541405,0.18720000000000003,0.17645699908009002,0.10310000000000001,0.0010988908372214687,76.10057375726493,60.99435552184087,44.625531842138514,4.334371326570802,16.4,1.0,0.1377078344166951,-7.116863758322568,0.1949716784259167,0.0504396363685629,62.35059760956175,13.88888888888889
DLTR,Dollar Tree,Consumer Staples,Consumer Staples Merchandise Retail,53.81597041597964,191,4,0.48418835301341073,0.5642007922701346,0.23980000000000004,0.26982490968004447,0.14840000000000003,0.159837013486958,0.08180000000000001,0.05582704099001329,0.16570000000000001,0.14131179470085514,0.07400000000000001,0.1049629942497912,0.18720000000000003,0.2680000596293902,0.10310000000000001,0.00023618726294765197,48.63931950384051,53.3597754046138,56.00169206773691,36.508402728060595,20.1,2.0,0.3486343160175628,0.1051889106967615,0.137921164540399,2.121493212669684,62.15139442231076,90.9090909090909
LLY,Lilly (Eli),Health Care,Pharmaceuticals,53.76910331266044,192,20,0.4956102924217784,0.5764223263128319,0.23980000000000004,0.12479411549179584,0.14840000000000003,0.22296969088015262,0.08180000000000001,0.05328348874566529,0.16570000000000001,0.3733584869296124,0.07400000000000001,0.02607175577300759,0.18720000000000003,0.19709918176025448,0.10310000000000001,0.0024232804195117204,64.24697594531466,46.752073861705064,52.58625981174332,16.028989292243406,24.3,2.0,0.1614669356142336,0.3088273700705145,0.1947854095934534,3.537679932260796,61.95219123505976,67.24137931034483
LDOS,Leidos,Industrials,Diversified Support Services,53.65136588521383,193,22,0.47135706176758324,0.5456244971716275,0.23980000000000004,0.18742291868819996,0.14840000000000003,0.12931211588868785,0.08180000000000001,0.05890786059396462,0.16570000000000001,0.21555676873007854,0.07400000000000001,0.12590659155197842,0.18720000000000003,0.24860046480337228,0.10310000000000001,0.034293279743718465,58.32872611667806,57.41026434827967,50.126953527630285,17.21281530175761,17.6,2.0,0.2915813715455476,0.0776656428258008,0.1669591926283457,8.790349417637271,61.75298804780876,74.39024390243902
MET,MetLife,Financials,Life & Health Insurance,53.625543326556155,194,42,0.5506858943388855,0.6367908629990254,0.23980000000000004,0.0,0.14840000000000003,0.08226094793356122,0.08180000000000001,0.04315840456258588,0.16570000000000001,0.5041746934865688,0.07400000000000001,0.10904531200608103,0.18720000000000003,0.22527565075503406,0.10310000000000001,0.03608499125616904,100.0,59.35445493994723,36.092889814468364,0.3524792075011919,16.4,2.0,0.0248586990302513,0.0389892461725909,0.1180272289028977,8.896084525845884,61.55378486055777,45.333333333333336
KR,Kroger,Consumer Staples,Food Retail,53.61404106550824,195,5,0.5236355445189286,0.6052309412605916,0.23980000000000004,0.2307025948945442,0.14840000000000003,0.1534669589463101,0.08180000000000001,0.10739833947556221,0.16570000000000001,0.0,0.07400000000000001,0.1305134711572419,0.18720000000000003,0.3718881652382971,0.10310000000000001,0.0060304702880445895,48.63931950384051,44.37521860839457,57.91695242842494,36.508402728060595,21.3,3.0,0.9170643442296984,0.0195789336744649,0.0104290887014592,4.896241190289741,61.354581673306775,87.87878787878788
HOOD,Robinhood Markets,Financials,Investment Banking & Brokerage,53.59889497948063,196,43,0.573007046678267,0.6618925239782365,0.23980000000000004,0.016700775332810128,0.14840000000000003,0.14237268757327762,0.08180000000000001,0.05044967880221377,0.16570000000000001,0.4683217824789704,0.07400000000000001,0.003670676059460352,0.18720000000000003,0.004477826388044465,0.10310000000000001,0.31400657336522314,84.87819301885214,47.852591325589685,47.47476469527158,2.1933764179755673,20.45,2.0,0.023129973474801,0.4288990825688073,0.5321100917431193,29.05192629815745,61.155378486055774,44.0
VRT,Vertiv,Industrials,Electrical Components & Equipment,53.586694195456886,197,23,0.49189033436985674,0.5679142321079497,0.23980000000000004,0.17210209425580794,0.14840000000000003,0.2443993832734063,0.08180000000000001,0.0684607659338059,0.16570000000000001,0.3106013433791876,0.07400000000000001,0.08007296060851575,0.18720000000000003,0.12331782704694019,0.10310000000000001,0.0010456255023362775,58.32872611667806,43.514272582521464,55.637950627697094,17.21281530175761,23.25,2.0,0.2059191618084511,0.1520324954952203,0.2825947530769935,0.1715347849176845,60.95617529880478,73.17073170731707
EXPE,Expedia Group,Consumer Discretionary,"Hotels, Resorts & Cruise Lines",53.585388810625325,198,26,0.502047491859062,0.5796108027901706,0.23980000000000004,0.11527365160794589,0.14840000000000003,0.2803125091480104,0.08180000000000001,0.051925858173371246,0.16570000000000001,0.3842676808921795,0.07400000000000001,0.056920789229537624,0.18720000000000003,0.1084007240382913,0.10310000000000001,0.0028987869106640502,65.19150568012772,41.94367475111251,53.897429553951376,10.105798325241807,27.6,2.0,0.148480781803792,0.2034762456546929,0.2964078794901506,-0.7575987841945289,60.756972111553786,45.65217391304348
WMT,Walmart,Consumer Staples,Consumer Staples Merchandise Retail,53.569382889892225,199,6,0.5276184510817319,0.608740451558981,0.23980000000000004,0.2272326681379179,0.14840000000000003,0.21326275308381548,0.08180000000000001,0.10578299409145919,0.16570000000000001,0.0,0.07400000000000001,0.1213242740792461,0.18720000000000003,0.3309316685894045,0.10310000000000001,0.0014656420181569435,48.63931950384051,37.917285504845,59.851676924012395,36.508402728060595,25.3,3.0,0.6394285403213185,0.0338730532039992,0.039773966808026,3.1870491803278687,60.55776892430279,84.84848484848484
GPC,Genuine Parts Company,Consumer Discretionary,Distributors,53.552450637466876,200,27,0.48496225861847425,0.5591450522608133,0.23980000000000004,0.12353891166080837,0.14840000000000003,0.0740183107291887,0.08180000000000001,0.05564900492273112,0.16570000000000001,0.18162787233902092,0.07400000000000001,0.1430531145068716,0.18720000000000003,0.3848565430753835,0.10310000000000001,0.03725624276599583,65.19150568012772,63.66203616372262,44.95278591236464,10.105798325241807,13.7,2.0,0.3104216946739225,0.0348110304024001,0.0447240617223534,9.318101132928284,60.35856573705179,43.47826086956522
XYZ,"Block, Inc.",Financials,Transaction & Payment Processing Services,53.46962393229334,201,44,0.5095467053214591,0.5855372986849009,0.23980000000000004,0.02111973982106953,0.14840000000000003,0.18004398354289436,0.08180000000000001,0.0637984805571299,0.16570000000000001,0.34195430468712973,0.07400000000000001,0.14126258422012797,0.18720000000000003,0.23359429910839571,0.10310000000000001,0.018226608063252735,84.87819301885214,47.852591325589685,43.891444848549355,2.1933764179755673,20.45,2.0,0.1690053701455233,0.0133758214917085,0.1460644784197258,-4.245538513940841,60.1593625498008,42.666666666666664
AOS,A. O. Smith,Industrials,Building Products,53.322213130139914,202,24,0.49925848355342944,0.5703262526410823,0.23980000000000004,0.16705974961090028,0.14840000000000003,0.24006588320495031,0.08180000000000001,0.013126906396801747,0.16570000000000001,0.21071902718647187,0.07400000000000001,0.08982419044547801,0.18720000000000003,0.27874639234807097,0.10310000000000001,0.0004578508073267604,58.32872611667806,51.667865042105326,52.143994359074796,17.21281530175761,25.4,1.0,0.2755659212512004,0.1243652295130937,0.1139101861993428,2.3922391190351338,59.9601593625498,71.95121951219512
GS,Goldman Sachs,Financials,Investment Banking & Brokerage,53.28535991602556,203,45,0.5358432909543769,0.6112131564273063,0.23980000000000004,0.019097695495207397,0.14840000000000003,0.21004806456238412,0.08180000000000001,0.04558245284457226,0.16570000000000001,0.5597318816125676,0.07400000000000001,0.01885858344256842,0.18720000000000003,0.10856957002124015,0.10310000000000001,0.03811175202146016,84.87819301885214,44.95307713188139,46.06228107033836,2.1933764179755673,25.5,2.0,0.0095586289679378,0.3258924181335431,0.2754941488838627,8.896084525845884,59.7609561752988,41.333333333333336
CCI,Crown Castle,Real Estate,Telecom Tower REITs,53.21610357970716,204,14,0.5516641521870987,0.6275111504236742,0.23980000000000004,0.12859709539549039,0.14840000000000003,0.031089027574916803,0.08180000000000001,0.0,0.16570000000000001,0.4665600773584637,0.07400000000000001,0.0855659612887293,0.18720000000000003,0.017384589376240926,0.10310000000000001,0.27080324900615893,59.60145217188153,80.66690750533698,42.85838857320293,15.594088699341498,10.1,0.0,0.0468575678690963,0.0932539682539682,0.4682539682539682,25.47703703703704,59.56175298804781,55.172413793103445
WTW,Willis Towers Watson,Financials,Insurance Brokers,53.21002017833259,205,46,0.5175557904378016,0.5885694791399658,0.23980000000000004,0.020471148827553257,0.14840000000000003,0.12108289265528138,0.08180000000000001,0.04886061652518947,0.16570000000000001,0.4704066191548012,0.07400000000000001,0.09739352351300493,0.18720000000000003,0.20114168240514504,0.10310000000000001,0.04064351691902473,84.87819301885214,55.62478139160543,40.69677976474663,2.1933764179755673,18.7,2.0,0.0806963578651134,0.0928629359286293,0.1723438767234387,10.214583333333334,59.36254980079681,40.0
CINF,Cincinnati Financial,Financials,Property & Casualty Insurance,53.1804367234385,206,47,0.5274415306220137,0.5990993717491494,0.23980000000000004,0.019710966202768763,0.14840000000000003,0.2184968613436826,0.08180000000000001,0.011761552430293722,0.16570000000000001,0.471617821630321,0.07400000000000001,0.09253622040767982,0.18720000000000003,0.14654097038737274,0.10310000000000001,0.03933560759788139,84.87819301885214,51.388553292042296,42.56259201908112,2.1933764179755673,25.6,1.0,0.0694717429812428,0.0957038071952497,0.2284317149842822,8.896084525845884,59.16334661354582,38.666666666666664
COST,Costco,Consumer Staples,Consumer Staples Merchandise Retail,53.16109725689014,207,7,0.5252514299153154,0.5961485157582227,0.23980000000000004,0.22928530973107003,0.14840000000000003,0.18251193670136662,0.08180000000000001,0.10673855464223576,0.16570000000000001,0.0,0.07400000000000001,0.12382823590623131,0.18720000000000003,0.3469704622399793,0.10310000000000001,0.010665500779116984,48.63931950384051,41.13071918082895,58.303340930136756,36.508402728060595,23.3,3.0,0.8160013884068031,0.0310802954896706,0.0288683766500772,-3.0305578917858145,58.96414342629482,81.81818181818181
GILD,Gilead Sciences,Health Care,Biotechnology,53.14997064180224,208,21,0.5232895355338221,0.5936564785933974,0.23980000000000004,0.12647451332598286,0.14840000000000003,0.1791783323687494,0.08180000000000001,0.04779573958987241,0.16570000000000001,0.339763142082589,0.07400000000000001,0.27023874768112455,0.18720000000000003,0.028265500700547844,0.10310000000000001,0.008284024251133776,61.9969048429439,48.753506627665864,51.77093654589082,12.948852589496791,23.0,2.0,0.1580770633280661,-1.345123670383186,0.4399589901320005,-2.477924589107316,58.764940239043824,65.51724137931035
O,Realty Income,Real Estate,Retail REITs,53.110995520438756,209,15,0.5516060408143948,0.6248020466186364,0.23980000000000004,0.12862419207979714,0.14840000000000003,0.07323510142696577,0.08180000000000001,0.043014537640816794,0.16570000000000001,0.5128140274017441,0.07400000000000001,0.036661831102156046,0.18720000000000003,0.0,0.10310000000000001,0.20565031034852013,59.60145217188153,60.80419839624952,49.46139381937241,15.594088699341498,15.5,2.0,0.0186701002302742,0.2410049258322414,0.8023452006418297,22.392360604807152,58.56573705179283,51.724137931034484
APO,Apollo Global Management,Financials,Asset Management & Custody Banks,53.10974195433029,210,48,0.5336887656233329,0.6044767891568007,0.23980000000000004,0.01925220323990307,0.14840000000000003,0.16412339321678399,0.08180000000000001,0.05815702866081371,0.16570000000000001,0.5408560761669717,0.07400000000000001,0.07953685394349704,0.18720000000000003,0.12121928631086405,0.10310000000000001,0.016855158461166343,84.87819301885214,47.852591325589685,44.538957951585246,2.1933764179755673,20.45,2.0,0.0225747295809314,0.1220299470994351,0.2583161481215816,-4.28693088765149,58.366533864541836,37.333333333333336
CB,Chubb Limited,Financials,Property & Casualty Insurance,53.0381795419474,211,49,0.5241048185624383,0.5919183965737403,0.23980000000000004,0.019962744770694384,0.14840000000000003,0.18806224623997334,0.08180000000000001,0.04764715577263037,0.16570000000000001,0.4995827685990305,0.07400000000000001,0.06065506330851568,0.18720000000000003,0.1442519592477237,0.10310000000000001,0.03983806206143212,84.87819301885214,47.82365160669774,43.70321708827213,2.1933764179755673,23.6,2.0,0.0567285885924314,0.1788332602293376,0.2337239175386929,8.896084525845884,58.167330677290835,36.0
NDSN,Nordson Corporation,Industrials,Industrial Machinery & Supplies & Components,53.026627678047916,212,25,0.501983967719489,0.5666724708238785,0.23980000000000004,0.16525059763697145,0.14840000000000003,0.2282090791739927,0.08180000000000001,0.012984750260002393,0.16570000000000001,0.4021201384109818,0.07400000000000001,0.06302581260928271,0.18720000000000003,0.11333129918387681,0.10310000000000001,0.01507832272489204,58.32872611667806,52.37393542770672,51.30500513084949,17.21281530175761,24.9,1.0,0.1374710823279398,0.1869293979089287,0.2895457441721385,6.648256530816907,57.96812749003984,70.73170731707317
AME,Ametek,Industrials,Electrical Components & Equipment,53.019770957940665,213,26,0.51231708512426,0.5781779924233719,0.23980000000000004,0.15865181838242254,0.14840000000000003,0.20185152812791077,0.08180000000000001,0.012466243810607064,0.16570000000000001,0.4087381858436642,0.07400000000000001,0.05620376797298046,0.18720000000000003,0.1615936482601215,0.10310000000000001,0.0004948076022934099,58.32872611667806,53.81834915761039,50.860837212136765,17.21281530175761,23.9,1.0,0.1231956828659826,0.1990298361815244,0.2209370293538877,2.4518112551797886,57.76892430278885,69.51219512195122
UDR,"UDR, Inc.",Real Estate,Multi-Family Residential REITs,52.99145951829667,214,16,0.5293317672781415,0.5967014212744113,0.23980000000000004,0.1396769586758743,0.14840000000000003,0.06395692894434823,0.08180000000000001,0.011677701720355246,0.16570000000000001,0.516208008315798,0.07400000000000001,0.06535632828555385,0.18720000000000003,0.0208643987343695,0.10310000000000001,0.18225967532370071,59.60145217188153,70.01403263576809,45.667974938626415,15.594088699341498,13.9,1.0,0.0414402901879215,0.1622829390760204,0.4613433505955585,20.37413554391069,57.569721115537845,48.275862068965516
GL,Globe Life,Financials,Life & Health Insurance,52.98014279032171,215,50,0.5247122789528994,0.59122534844784,0.23980000000000004,0.019916549712035027,0.14840000000000003,0.14019476545360757,0.08180000000000001,0.047536897229471554,0.16570000000000001,0.5089810083568062,0.07400000000000001,0.060147656142941326,0.18720000000000003,0.18347724884828634,0.10310000000000001,0.03974587425685203,84.87819301885214,52.87677250559372,41.711020786332696,2.1933764179755673,20.4,2.0,0.0506844843404292,0.179872228438549,0.1860107643164784,8.896084525845884,57.37051792828685,34.666666666666664
BMY,Bristol Myers Squibb,Health Care,Pharmaceuticals,52.93995438563055,216,22,0.495215306021939,0.557089891639681,0.23980000000000004,0.14122090762293857,0.14840000000000003,0.19488459641618974,0.08180000000000001,0.053368521039445914,0.16570000000000001,0.3956726447250683,0.07400000000000001,0.04084041028740765,0.18720000000000003,0.1578277821998641,0.10310000000000001,0.01618513770908569,61.9969048429439,49.22200385809954,50.9053436937678,12.948852589496791,22.7,2.0,0.1480361503526028,0.255684883989825,0.2380328374315886,6.761942205622174,57.17131474103586,63.793103448275865
CL,Colgate-Palmolive,Consumer Staples,Household Products,52.93935189062845,217,8,0.48779681604520087,0.5487312294494854,0.23980000000000004,0.16827936557694773,0.14840000000000003,0.26757071454175396,0.08180000000000001,0.055004138103564866,0.16570000000000001,0.16970815225449043,0.07400000000000001,0.09178304571419832,0.18720000000000003,0.2377301024859932,0.10310000000000001,0.009924481323051584,59.13704165983565,43.92873682581292,54.23424816076049,23.82950941988435,26.2,2.0,0.3192972007147111,0.1292669278119753,0.161723559037493,5.558697514995716,56.97211155378486,78.78787878787878
L,Loews Corporation,Financials,Multi-line Insurance,52.890710084702114,218,51,0.5272887462319853,0.5919995028162305,0.23980000000000004,0.019722390547672258,0.14840000000000003,0.08972317007525882,0.08180000000000001,0.04707347739140112,0.16570000000000001,0.49976574646544886,0.07400000000000001,0.09255106511228374,0.18720000000000003,0.21180574415353115,0.10310000000000001,0.03935840625440405,84.87819301885214,59.35445493994723,39.091152282120575,2.1933764179755673,16.4,2.0,0.0531366075113495,0.0957928802588996,0.1527508090614886,8.896084525845884,56.77290836653386,33.333333333333336
MCHP,Microchip Technology,Information Technology,Semiconductors,52.85938690008502,219,64,0.5270948052318691,0.5910383088086436,0.23980000000000004,0.0492999701634473,0.14840000000000003,0.3375908648177718,0.08180000000000001,0.011777031126299409,0.16570000000000001,0.41740953576293455,0.07400000000000001,0.06869958057957468,0.18720000000000003,0.07507966791827696,0.10310000000000001,0.04014334963169524,76.10057375726493,43.722828819176684,48.80744551091752,4.334371326570802,31.8,1.0,0.1030512097949664,0.1547787431804405,0.3351518825351923,10.320421821131616,56.57370517928287,12.5
PNC,PNC Financial Services,Financials,Diversified Banks,52.8254528808547,220,52,0.5443024937923372,0.6095029522199633,0.23980000000000004,0.018508699787167335,0.14840000000000003,0.2132623962831657,0.08180000000000001,0.09939743016731502,0.16570000000000001,0.5409372321742854,0.07400000000000001,0.019920700587075242,0.18720000000000003,0.07103720087004749,0.10310000000000001,0.036936340130943816,84.87819301885214,36.65185755904266,47.91747759631038,2.1933764179755673,26.1,3.0,0.0104361122925033,0.3173121791880541,0.3339555140768393,8.896084525845884,56.374501992031874,32.0
TECH,Bio-Techne,Health Care,Life Sciences Tools & Services,52.803808891248906,221,23,0.5099141377389699,0.570499611251935,0.23980000000000004,0.1331965605482443,0.14840000000000003,0.20036252854357078,0.08180000000000001,0.06370657024337227,0.16570000000000001,0.41101766732137757,0.07400000000000001,0.06740820969178224,0.18720000000000003,0.12344897252125847,0.10310000000000001,0.0008594911303944955,61.9969048429439,45.89063136171221,51.999061150095656,12.948852589496791,21.7,2.0,0.124169316734745,0.1700571620712844,0.2706667662955491,0.2514338174616273,56.17529880478088,62.06896551724138
APTV,Aptiv,Consumer Discretionary,Automotive Parts & Equipment,52.78995318199793,222,28,0.513338873864582,0.5740120365116311,0.23980000000000004,0.11025831401242733,0.14840000000000003,0.040297041871143816,0.08180000000000001,0.012416665682016277,0.16570000000000001,0.31831833386260794,0.07400000000000001,0.1070753234313868,0.18720000000000003,0.3874132153062224,0.10310000000000001,0.024221105834195508,65.19150568012772,75.50435424239913,39.698922651407564,10.105798325241807,10.7,1.0,0.1819293176261391,0.0757483200977397,0.0100794135613927,8.172597864768683,55.97609561752988,41.30434782608695
EG,Everest Group,Financials,Reinsurance,52.788656281158104,223,53,0.5344204712647708,0.5975542389815832,0.23980000000000004,0.019199520744167906,0.14840000000000003,0.10521865771355025,0.08180000000000001,0.011456372434818684,0.16570000000000001,0.47021197142385535,0.07400000000000001,0.07121077253723185,0.18720000000000003,0.2843877485739333,0.10310000000000001,0.03831495657244278,84.87819301885214,63.07609253630075,37.2633043955965,2.1933764179755673,18.0,1.0,0.0628951051200797,0.1429667519181585,0.0741687979539642,8.896084525845884,55.776892430278885,30.666666666666668
LII,Lennox International,Industrials,Building Products,52.622012053620715,224,27,0.4973532202873157,0.5524026723652011,0.23980000000000004,0.16834214791465962,0.14840000000000003,0.23905994466348518,0.08180000000000001,0.06696509089569498,0.16570000000000001,0.14225774721747442,0.07400000000000001,0.06924198454805906,0.18720000000000003,0.3111706216957603,0.10310000000000001,0.002962463064866414,58.32872611667806,43.514272582521464,53.96263331680068,17.21281530175761,23.25,2.0,0.34,0.174076231152527,0.0882029379408529,3.7609201344016543,55.57768924302789,68.29268292682927
REGN,Regeneron Pharmaceuticals,Health Care,Biotechnology,52.582222389292866,225,24,0.5179001008852288,0.5743065080729369,0.23980000000000004,0.12912047818757103,0.14840000000000003,0.1120384100983594,0.08180000000000001,0.04879567107142285,0.16570000000000001,0.43274297951205115,0.07400000000000001,0.02537788232793157,0.18720000000000003,0.25095175036892303,0.10310000000000001,0.0009728284337410717,61.9969048429439,56.76093918153458,48.079975753109885,12.948852589496791,18.0,2.0,0.1028190344735038,0.3022583727596896,0.1216118582049549,0.1508571428571428,55.37848605577689,60.3448275862069
KEY,KeyCorp,Financials,Regional Banks,52.49312298736753,226,54,0.5468912653833021,0.6042920995806361,0.23980000000000004,0.01833388847029366,0.14840000000000003,0.1420167241479116,0.08180000000000001,0.010939848827107551,0.16570000000000001,0.5366107069930932,0.07400000000000001,0.03081347803337901,0.18720000000000003,0.22469787043925868,0.10310000000000001,0.0365874830889564,84.87819301885214,57.60179308910231,39.75932104148777,2.1933764179755673,21.4,1.0,0.0099834306412916,0.2664921465968586,0.1219895287958115,8.896084525845884,55.179282868525895,29.333333333333332
UBER,Uber,Industrials,Passenger Ground Transportation,52.40406386999677,227,28,0.5047390115515811,0.5557276009191562,0.23980000000000004,0.16345152877196142,0.14840000000000003,0.2321148560085851,0.08180000000000001,0.06501964372465713,0.16570000000000001,0.2816048296844896,0.07400000000000001,0.069331468223886,0.18720000000000003,0.18821595112028652,0.10310000000000001,0.0002617224661343245,58.32872611667806,43.514272582521464,53.528247726177,17.21281530175761,23.25,2.0,0.2156654154192185,0.1686984708618138,0.1967444154745965,2.181994998610725,54.9800796812749,67.07317073170732
LMT,Lockheed Martin,Industrials,Aerospace & Defense,52.400923054891486,228,29,0.509887450270111,0.5613254450095931,0.23980000000000004,0.06242867762133784,0.14840000000000003,0.3253712369554345,0.08180000000000001,0.11326798082062219,0.16570000000000001,0.1533642089648602,0.07400000000000001,0.1009795332784641,0.18720000000000003,0.23396888101018518,0.10310000000000001,0.010619481349096052,73.98392347392183,30.515909473823314,52.76251083905541,7.529446418780839,30.2,3.0,0.3212650120096076,0.0915117380252205,0.1453920151522703,5.888537271448664,54.78087649402391,65.85365853658537
IBM,IBM,Information Technology,IT Consulting & Other Services,52.375068983964326,229,65,0.5122328705697548,0.5633232712276623,0.23980000000000004,0.05220225215977324,0.14840000000000003,0.07027765395081285,0.08180000000000001,0.04988137286982824,0.16570000000000001,0.4257415787418744,0.07400000000000001,0.08456473673182416,0.18720000000000003,0.24872004475686527,0.10310000000000001,0.06861236078902203,76.10057375726493,63.03320616658184,38.73288576771445,4.334371326570802,14.1,2.0,0.1128344039079809,0.1261507982752593,0.1290059433632444,12.70630505331479,54.581673306772906,11.11111111111111
ODFL,Old Dominion,Industrials,Cargo Ground Transportation,52.35228913590004,230,30,0.5003274819573271,0.549728172099912,0.23980000000000004,0.16634663338889388,0.14840000000000003,0.2362261469603302,0.08180000000000001,0.06617129199710112,0.16570000000000001,0.21531827917739427,0.07400000000000001,0.04959824933818793,0.18720000000000003,0.2641125158460124,0.10310000000000001,0.0022268832920801585,58.32872611667806,43.514272582521464,53.47529955807714,17.21281530175761,23.25,2.0,0.2709438253299046,0.2256113883876746,0.1259095858183119,-0.4719545536635476,54.38247011952191,64.63414634146342
DASH,DoorDash,Consumer Discretionary,Specialized Consumer Services,52.33682793841273,231,29,0.498818417399398,0.5477305129883175,0.23980000000000004,0.11677091789862536,0.14840000000000003,0.18371089243354044,0.08180000000000001,0.06657227077114372,0.16570000000000001,0.2718494917973161,0.07400000000000001,0.12965948866643534,0.18720000000000003,0.22235555756597414,0.10310000000000001,0.009081380866964936,65.19150568012772,48.248816112583306,48.877739193494044,10.105798325241807,20.200000000000003,2.0,0.2276979704514084,0.0449034575662326,0.1665918275707229,-2.4701986754966887,54.18326693227092,39.130434782608695
AIG,American International Group,Financials,Multi-line Insurance,52.333288887226374,232,55,0.5354500779890544,0.5878707165214895,0.23980000000000004,0.019125754950638587,0.14840000000000003,0.18945526457297746,0.08180000000000001,0.04564942526039896,0.16570000000000001,0.5012150945856224,0.07400000000000001,0.07442585926475281,0.18720000000000003,0.1319608533205708,0.10310000000000001,0.03816774804503898,84.87819301885214,46.904222129400885,42.852907010382765,2.1933764179755673,24.2,2.0,0.0433489942739685,0.1337849280270956,0.2421676545300592,8.896084525845884,53.98406374501992,28.0
CASY,Casey's,Consumer Staples,Food Retail,52.262326963515484,233,9,0.54254976418184,0.5939735090979131,0.23980000000000004,0.2148975969491736,0.14840000000000003,0.23655704464524857,0.08180000000000001,0.11740885665633648,0.16570000000000001,9.199908492902473e-05,0.07400000000000001,0.10808511338751699,0.18720000000000003,0.3200832463669182,0.10310000000000001,0.002876142909877004,48.63931950384051,32.76565807440969,59.38553706106087,36.508402728060595,25.4,3.0,0.6225383480336002,0.0482042626572291,0.0334036238785447,3.930181020567614,53.78486055776892,75.75757575757575
DRI,Darden Restaurants,Consumer Discretionary,Restaurants,52.249317214529775,234,30,0.5091349415297521,0.5571009986287284,0.23980000000000004,0.11208663924379345,0.14840000000000003,0.2705910944644795,0.08180000000000001,0.050490245180207824,0.16570000000000001,0.1874453984183165,0.07400000000000001,0.09325113498817403,0.18720000000000003,0.28445453271375715,0.10310000000000001,0.0016809549912714375,65.19150568012772,42.08243218523297,51.41187838046117,10.105798325241807,27.5,2.0,0.289121781316084,0.1088792083467785,0.0991448854469183,3.243430987617034,53.58565737051793,36.95652173913044
Q,Qnity Electronics,Information Technology,Semiconductor Materials & Equipment,52.23344487142679,235,66,0.5229624858632245,0.5718673264512005,0.23980000000000004,0.05008216052011051,0.14840000000000003,0.11481760711614045,0.08180000000000001,0.018693569988550464,0.16570000000000001,0.4294140011501612,0.07400000000000001,0.0981233244468162,0.18720000000000003,0.2626789758596616,0.10310000000000001,0.026190360918559516,76.10057375726493,60.99435552184087,39.95590305023184,4.334371326570802,16.4,1.0,0.0997139069150792,0.0867739678096571,0.1056682995101469,8.568627450980392,53.386454183266935,9.722222222222221
URI,United Rentals,Industrials,Trading Companies & Distributors,52.19588546865638,236,31,0.538961793610893,0.5884762917813445,0.23980000000000004,0.039876225632600175,0.14840000000000003,0.09119507151479274,0.08180000000000001,0.01126412174392339,0.16570000000000001,0.3440964396423193,0.07400000000000001,0.060100514450981066,0.18720000000000003,0.4383133624724242,0.10310000000000001,0.015154264542959149,78.02188646152304,64.91035326532703,38.602552654204615,5.504024943310657,16.9,1.0,0.1408315769304464,0.1707482993197279,-0.0591836734693877,7.041396508728179,53.18725099601593,63.41463414634146
NEM,Newmont,Materials,Gold,52.15379922281705,237,1,0.5233232762276134,0.5704381253614079,0.23980000000000004,0.25256887168503644,0.14840000000000003,0.1423251129692349,0.08180000000000001,0.10752654742394137,0.16570000000000001,0.41850405069852986,0.07400000000000001,0.013473396363972082,0.18720000000000003,0.06249174974992589,0.10310000000000001,0.0031102711093596008,46.29244593970407,45.671345387291936,56.27132220803501,64.5637099542334,20.5,3.0,0.1061397269304835,0.3599215429879045,0.3604118993135011,-0.9376030786146234,52.98804780876494,100.0
UNP,Union Pacific Corporation,Industrials,Rail Transportation,52.15104514234785,238,32,0.5118368692275463,0.5578560232300447,0.23980000000000004,0.1589496588467492,0.14840000000000003,0.19551789383559262,0.08180000000000001,0.049958587830870496,0.16570000000000001,0.4539166526393625,0.07400000000000001,0.028888710141042877,0.18720000000000003,0.08828016182683227,0.10310000000000001,0.02448833487955021,58.32872611667806,47.97793281841293,51.428273783215154,17.21281530175761,23.5,2.0,0.0963896027299153,0.2903554778554778,0.3209498834498834,8.18967484312607,52.788844621513945,62.19512195121951
FOXA,Fox Corporation (Class A),Communication Services,Broadcasting,52.13526397091275,239,5,0.5122853525610576,0.5579918390853004,0.23980000000000004,0.1276785915165999,0.14840000000000003,0.22265757979346104,0.08180000000000001,0.06311817804096442,0.16570000000000001,0.31195246547386296,0.07400000000000001,0.06909025999074393,0.18720000000000003,0.20528188666941752,0.10310000000000001,0.0002210385149501434,62.619389436270424,43.740995591855174,51.38622307824006,12.338235267513351,23.1,2.0,0.1873498799039231,0.1640550807217473,0.1723646723646723,2.136120996441281,52.58964143426295,82.6086956521739
FOX,Fox Corporation (Class B),Communication Services,Broadcasting,52.13526397091275,239,5,0.5122853525610576,0.5579918390853004,0.23980000000000004,0.1276785915165999,0.14840000000000003,0.22265757979346104,0.08180000000000001,0.06311817804096442,0.16570000000000001,0.31195246547386296,0.07400000000000001,0.06909025999074393,0.18720000000000003,0.20528188666941752,0.10310000000000001,0.0002210385149501434,62.619389436270424,43.740995591855174,51.38622307824006,12.338235267513351,23.1,2.0,0.1873498799039231,0.1640550807217473,0.1723646723646723,2.136120996441281,52.58964143426295,82.6086956521739
VLO,Valero Energy,Energy,Oil & Gas Refining & Marketing,52.11699681106891,241,2,0.5560522397834665,0.6052204514666234,0.23980000000000004,0.3316122480437462,0.14840000000000003,0.3187997187340021,0.08180000000000001,0.04232939852577944,0.16570000000000001,0.0,0.07400000000000001,0.08804987803483454,0.18720000000000003,0.21881160409158884,0.10310000000000001,0.00039715257004891476,34.610760493875425,35.735699982451244,64.1062561163922,159.8346105315,32.6,2.0,0.6878121955368603,0.0836406151632341,0.1203795305333213,0.5744751198545214,52.191235059760956,95.0
ESS,Essex Property Trust,Real Estate,Multi-Family Residential REITs,52.092858333484095,242,17,0.5460098640826717,0.5937155402912203,0.23980000000000004,0.13127429960619075,0.14840000000000003,0.047836160167189265,0.08180000000000001,0.010975196831905449,0.16570000000000001,0.4909760954764862,0.07400000000000001,0.07383470413699984,0.18720000000000003,0.0213963332457608,0.10310000000000001,0.22370721053546755,59.60145217188153,72.59288422519468,43.60100317244178,15.594088699341498,12.4,1.0,0.037915765966714,0.1277213530750497,0.4550157550674881,23.069212783624064,51.99203187250996,44.827586206896555
DOC,Healthpeak Properties,Real Estate,Health Care REITs,51.97247678217475,243,18,0.5398642131823568,0.5842083539867702,0.23980000000000004,0.13428008509040953,0.14840000000000003,0.07256024384326713,0.08180000000000001,0.017541399583893176,0.16570000000000001,0.5061683168704705,0.07400000000000001,0.10001042469758686,0.18720000000000003,0.01822083482015131,0.10310000000000001,0.15121869509422142,59.60145217188153,66.50415991000494,45.103355648242406,15.594088699341498,13.1,1.0,0.0355893617568892,0.0684544291640907,0.4680013323327877,19.03400385419285,51.79282868525896,41.37931034482759
DHI,D. R. Horton,Consumer Discretionary,Homebuilding,51.95776894230939,244,31,0.5100429838107898,0.5516125067477448,0.23980000000000004,0.11168789321419205,0.14840000000000003,0.1572312808223015,0.08180000000000001,0.05031062711925927,0.16570000000000001,0.22872365542224696,0.07400000000000001,0.09785884311946473,0.18720000000000003,0.35001621303405855,0.10310000000000001,0.004171487268476691,65.19150568012772,51.91434102641471,47.01448586128423,10.105798325241807,21.0,2.0,0.2527190212345219,0.0980698160852272,0.0430579488680083,4.251351351351351,51.59362549800797,34.78260869565217
WELL,Welltower,Real Estate,Health Care REITs,51.90624832924771,245,19,0.5227122882484495,0.5641488321459728,0.23980000000000004,0.14323701679321352,0.14840000000000003,0.05914749564110758,0.08180000000000001,0.01197534062368997,0.16570000000000001,0.5155533866519172,0.07400000000000001,0.047050244675768856,0.18720000000000003,0.17258641748661632,0.10310000000000001,0.05045009812768641,59.60145217188153,71.21707582547928,42.166477845012636,15.594088699341498,13.2,1.0,0.0491769511695202,0.2204288226827463,0.200127537206923,11.305901636262174,51.39442231075697,37.93103448275862
DLR,Digital Realty,Real Estate,Data Center REITs,51.89549203887892,246,20,0.5425118682567512,0.5852657377323153,0.23980000000000004,0.13297261213691827,0.14840000000000003,0.0500306933501551,0.08180000000000001,0.0,0.16570000000000001,0.5048227754275019,0.07400000000000001,0.08182845450758,0.18720000000000003,0.07600934611036209,0.10310000000000001,0.15433611846748277,59.60145217188153,76.22941614739922,39.8926655442793,15.594088699341498,12.6,0.0,0.0334665146049098,0.1096361057820793,0.3256053029251339,19.30069033738396,51.19521912350598,34.48275862068966
AMGN,Amgen,Health Care,Biotechnology,51.79177124644298,247,25,0.5136422817911497,0.5518237082930656,0.23980000000000004,0.1312700297843685,0.14840000000000003,0.17015226973878742,0.08180000000000001,0.111618008938714,0.16570000000000001,0.4361119852239314,0.07400000000000001,0.04373817526227928,0.18720000000000003,0.07221670537585213,0.10310000000000001,0.03489282567606713,61.9969048429439,43.23906081846541,51.10712645330781,12.948852589496791,22.0,3.0,0.1051244785077217,0.2362243883031629,0.3470260592798886,9.51350757742148,50.99601593625498,58.62068965517241
HSIC,Henry Schein,Health Care,Health Care Distributors,51.71342738115667,248,26,0.4989256914412766,0.5343340003981397,0.23980000000000004,0.13912826883273216,0.14840000000000003,0.0719899352688723,0.08180000000000001,0.05257769594716368,0.16570000000000001,0.17873159238421574,0.07400000000000001,0.13943297455285653,0.18720000000000003,0.34821650565012263,0.10310000000000001,0.069923027364037,61.9969048429439,63.34814244095734,42.570718575090936,12.948852589496791,13.9,2.0,0.3038397328881469,0.0271833429728166,0.0566801619433198,12.518939393939394,50.79681274900398,56.89655172413793
FERG,Ferguson Enterprises,Industrials,Trading Companies & Distributors,51.707623407899284,249,33,0.5230032881264088,0.5599901883469722,0.23980000000000004,0.15223478356269665,0.14840000000000003,0.21618613867755396,0.08180000000000001,0.06055771679906599,0.16570000000000001,0.047861030519912806,0.07400000000000001,0.10298915035041786,0.18720000000000003,0.4155156977447244,0.10310000000000001,0.0046554823456283366,58.32872611667806,43.514272582521464,52.25402196450072,17.21281530175761,23.25,2.0,0.4533492203284464,0.0761055879328076,-0.0226259856016455,4.480441323971916,50.59760956175299,60.97560975609756
DG,Dollar General,Consumer Staples,Consumer Staples Merchandise Retail,51.66548076199691,250,10,0.513788936461444,0.5491965748488177,0.23980000000000004,0.23963001816726176,0.14840000000000003,0.10883529465465891,0.08180000000000001,0.049579688037418954,0.16570000000000001,0.12341091962843696,0.07400000000000001,0.12025052790389416,0.18720000000000003,0.35730622270113843,0.10310000000000001,0.0009873289071907635,48.63931950384051,57.41026434827967,50.76249796457705,36.508402728060595,17.6,2.0,0.3509889986838511,0.0487419378267161,0.0330964945378277,2.848371267348339,50.398406374501995,72.72727272727273
AFL,Aflac,Financials,Life & Health Insurance,51.66511506270591,251,56,0.5562467691138989,0.5945716715124314,0.23980000000000004,0.017722360089712723,0.14840000000000003,0.10038783653879756,0.08180000000000001,0.010574949256136496,0.16570000000000001,0.47586625627809453,0.07400000000000001,0.04836676115972879,0.18720000000000003,0.3117147321416108,0.10310000000000001,0.03536710453591923,84.87819301885214,62.58047639728133,35.92251658208146,2.1933764179755673,18.3,1.0,0.0361673321202818,0.1967095851216022,0.0267048164043872,8.896084525845884,50.199203187250994,26.666666666666668
PH,Parker Hannifin,Industrials,Industrial Machinery & Supplies & Components,51.51555199792259,252,34,0.5165059057282916,0.5487963241870845,0.23980000000000004,0.15608894652159397,0.14840000000000003,0.3025571126842618,0.08180000000000001,0.04905945316778251,0.16570000000000001,0.3082130634413837,0.07400000000000001,0.05859241218511115,0.18720000000000003,0.11965120056726132,0.10310000000000001,0.0058378114326056016,58.32872611667806,39.40647272601311,53.926413902826326,17.21281530175761,29.5,2.0,0.1863846876315704,0.1895742832319722,0.2715899218071242,4.796052631578948,50.0,59.75609756097561
CVS,CVS Health,Health Care,Health Care Services,51.50616529206284,253,27,0.5071981645035712,0.5387042013502811,0.23980000000000004,0.13462687674692955,0.14840000000000003,0.1745034162326502,0.08180000000000001,0.11447231296293425,0.16570000000000001,0.07315566784312136,0.07400000000000001,0.1344329996984784,0.18720000000000003,0.34114105611218376,0.10310000000000001,0.027667670403702604,61.9969048429439,43.23906081846541,50.54555507547905,12.948852589496791,22.0,3.0,0.4180826581759717,0.0280783441411551,0.0532913587694163,8.546245733788396,49.800796812749006,55.172413793103445
XYL,Xylem Inc.,Industrials,Industrial Machinery & Supplies & Components,51.44668899508114,254,35,0.5287298816718378,0.5602378338733963,0.23980000000000004,0.14895497788589807,0.14840000000000003,0.10869344572979185,0.08180000000000001,0.01170430373923102,0.16570000000000001,0.3665487883407698,0.07400000000000001,0.08491869574018525,0.18720000000000003,0.27764688100380064,0.10310000000000001,0.0015329075603234235,58.32872611667806,62.91065235349689,44.88284345172617,17.21281530175761,18.1,1.0,0.1347018798293161,0.1125856164383561,0.0860445205479452,3.228962818003914,49.601593625498005,58.53658536585366
GEV,GE Vernova,Industrials,Heavy Electrical Equipment,51.42523881844524,255,36,0.5221608114213034,0.5528023972904317,0.23980000000000004,0.15272642415126142,0.14840000000000003,0.21688430947644502,0.08180000000000001,0.06075328729112091,0.16570000000000001,0.3717122083650263,0.07400000000000001,0.11086329457568689,0.18720000000000003,0.021899689702783248,0.10310000000000001,0.06516078643767614,58.32872611667806,43.514272582521464,51.77927300268135,17.21281530175761,23.25,2.0,0.1374257425742574,0.0601585014409221,0.4598342939481268,-9.632462686567164,49.40239043824701,57.31707317073171
JNJ,Johnson & Johnson,Health Care,Pharmaceuticals,51.41351054381891,256,28,0.5331362056228452,0.5641569134934622,0.23980000000000004,0.10588668993001929,0.14840000000000003,0.18795766806509576,0.08180000000000001,0.18418613055076175,0.16570000000000001,0.3734525880939207,0.07400000000000001,0.045765847679877666,0.18720000000000003,0.10132091347971003,0.10310000000000001,0.0014301622006149572,64.57300846988565,33.57153355778312,53.171043444542164,15.628546029237457,24.0,4.0,0.1258821949557597,0.2186487554326353,0.2882259976293955,3.1839323467230445,49.20318725099602,53.44827586206897
VLTO,Veralto,Industrials,Environmental & Facilities Services,51.37405457226265,257,37,0.515557385188703,0.5446942575374397,0.23980000000000004,0.1566638185736224,0.14840000000000003,0.22247573921871674,0.08180000000000001,0.06231954968382408,0.16570000000000001,0.3293673893780815,0.07400000000000001,0.06842819613419689,0.18720000000000003,0.15824718830677442,0.10310000000000001,0.0024981187047839856,58.32872611667806,43.514272582521464,51.70631212345042,17.21281530175761,23.25,2.0,0.1722365038560411,0.1635006784260515,0.2225237449118046,3.652173913043478,49.00398406374502,56.09756097560975
TPL,Texas Pacific Land Corporation,Energy,Oil & Gas Exploration & Production,51.28754010966384,258,3,0.6001859629528913,0.6319135128363809,0.23980000000000004,0.33412837351569413,0.14840000000000003,0.32999571726218696,0.08180000000000001,0.04598399118674261,0.16570000000000001,0.2871952527321182,0.07400000000000001,0.0,0.18720000000000003,0.0,0.10310000000000001,0.00269666530325813,29.15357779849127,30.620170646563455,64.75670056918455,165.60683519225,33.8,2.0,0.1323272065110886,0.625581669437005,0.6136983406418786,-1.1031139084756991,48.80478087649402,90.0
PODD,Insulet Corporation,Health Care,Health Care Equipment,51.2071897586152,259,29,0.5199051047390946,0.54563119490639,0.23980000000000004,0.1281264973337862,0.14840000000000003,0.1927358249609612,0.08180000000000001,0.061281610191996,0.16570000000000001,0.21945953056224965,0.07400000000000001,0.08530084896751201,0.18720000000000003,0.31245131593148806,0.10310000000000001,0.0006443720520069512,61.9969048429439,45.89063136171221,49.16032198712407,12.948852589496791,21.7,2.0,0.2532937347951091,0.1184981913433952,0.063739553448921,2.602265575833858,48.60557768924303,51.724137931034484
VEEV,Veeva Systems,Health Care,Health Care Technology,51.18442053089428,260,30,0.5188690017237276,0.5440478116516172,0.23980000000000004,0.12863870674652614,0.14840000000000003,0.19350632213189392,0.08180000000000001,0.061526594783172545,0.16570000000000001,0.43177780377534086,0.07400000000000001,0.027072224306978268,0.18720000000000003,0.129044117627546,0.10310000000000001,0.02843423062854217,61.9969048429439,45.89063136171221,49.10227442475148,12.948852589496791,21.7,2.0,0.1024216512110132,0.2946550670662515,0.2572397821895916,-5.807558178174046,48.40637450199203,50.0
IEX,IDEX Corporation,Industrials,Industrial Machinery & Supplies & Components,51.16650279347796,261,38,0.5423301650043993,0.5682398249163052,0.23980000000000004,0.141577816665634,0.14840000000000003,0.27072080758469563,0.08180000000000001,0.0,0.16570000000000001,0.3510122774124682,0.07400000000000001,0.06454371997078334,0.18720000000000003,0.16663969649632263,0.10310000000000001,0.00550568187009619,58.32872611667806,51.86169598621476,48.13538651024285,17.21281530175761,29.3,0.0,0.1328427128427128,0.1557679774060395,0.1922659135346513,4.8609583660644144,48.20717131474104,54.8780487804878
PHM,PulteGroup,Consumer Discretionary,Homebuilding,51.115290336423335,262,32,0.5341376032911008,0.5585099893140761,0.23980000000000004,0.10183881743711684,0.14840000000000003,0.14887958797950507,0.08180000000000001,0.0458740390108286,0.16570000000000001,0.24853318850149148,0.07400000000000001,0.08081259644731931,0.18720000000000003,0.3740616639469842,0.10310000000000001,1.0667675450512096e-07,65.19150568012772,51.27581333959302,46.241427855107204,10.105798325241807,21.4,2.0,0.2180865993290328,0.1185056730464325,-0.0032262462286185,1.4854292513836116,48.00796812749004,32.608695652173914
VMRK,Vivmark Residential,Real Estate,Multi-Family Residential REITs,51.11033709800402,263,21,0.5385916370512113,0.563055633724351,0.23980000000000004,0.13491538462967062,0.14840000000000003,0.07290353741097126,0.08180000000000001,0.01762439061764281,0.16570000000000001,0.5097816373242264,0.07400000000000001,0.050480378908442564,0.18720000000000003,0.055183611230725585,0.10310000000000001,0.15911105987832072,59.60145217188153,66.50415991000494,43.044102807357596,15.594088699341498,13.1,1.0,0.0348769398293327,0.200213945546744,0.3683964884129972,19.443353159075496,47.808764940239044,31.03448275862069
WST,West Pharmaceutical Services,Health Care,Health Care Supplies,51.10840428119643,264,31,0.5184140960159369,0.5419196656341381,0.23980000000000004,0.1288645654074903,0.14840000000000003,0.19384607273970225,0.08180000000000001,0.06163462070058785,0.16570000000000001,0.2691069237492913,0.07400000000000001,0.06282629368943124,0.18720000000000003,0.28150080304802955,0.10310000000000001,0.002220720665467461,61.9969048429439,45.89063136171221,48.94945048989625,12.948852589496791,21.7,2.0,0.2139878324011382,0.1765447667087011,0.0926286827926172,-0.5404106596767148,47.60956175298805,48.275862068965516
HWM,Howmet Aerospace,Industrials,Aerospace & Defense,51.102934988585574,265,39,0.5128482769123661,0.535984156675719,0.23980000000000004,0.15832333566169954,0.14840000000000003,0.2248323924286125,0.08180000000000001,0.06297969162701933,0.16570000000000001,0.30447684501208166,0.07400000000000001,0.05244439566686344,0.18720000000000003,0.19017862012582898,0.10310000000000001,0.006764719477894779,58.32872611667806,43.514272582521464,51.23230324992394,17.21281530175761,23.25,2.0,0.1922119085352049,0.2096584216725559,0.188064389477817,5.0229591836734695,47.41035856573705,53.65853658536585
SBUX,Starbucks,Consumer Discretionary,Restaurants,51.0630860461296,266,33,0.5074236188123464,0.5294697563822176,0.23980000000000004,0.1828777795622017,0.14840000000000003,0.21976901833971563,0.08180000000000001,0.1143706127590993,0.16570000000000001,0.14673573179905663,0.07400000000000001,0.09240824667068881,0.18720000000000003,0.2367942660995794,0.10310000000000001,0.0070443447696584135,55.68746874025715,38.87513502691674,53.98551354821869,31.143579649672304,24.7,3.0,0.3294857340774067,0.1121241700365773,0.1448614671715275,5.057007614735542,47.211155378486055,30.434782608695652
TFC,Truist Financial,Financials,Diversified Banks,50.99602025094921,267,57,0.5592818853847787,0.5820170218649169,0.23980000000000004,0.017530530272261813,0.14840000000000003,0.14944627777509617,0.08180000000000001,0.0529562013645315,0.16570000000000001,0.5140877659613208,0.07400000000000001,0.024806547255357726,0.18720000000000003,0.2061883923455865,0.10310000000000001,0.03498428502584557,84.87819301885214,47.852591325589685,40.45976491421842,2.1933764179755673,20.45,2.0,0.009384762511954,0.2874611801242236,0.1317934782608695,8.896084525845884,47.01195219123506,25.333333333333332
STE,Steris,Health Care,Health Care Equipment,50.95402313632489,268,32,0.5253740728741721,0.5458128143489461,0.23980000000000004,0.1254728734177473,0.14840000000000003,0.18874407926247777,0.08180000000000001,0.06001240866223584,0.16570000000000001,0.36478600271310224,0.07400000000000001,0.07720123278891498,0.18720000000000003,0.181876049881768,0.10310000000000001,0.0019073532737538042,61.9969048429439,45.89063136171221,48.75564729924329,12.948852589496791,21.7,2.0,0.1390355902050092,0.1340523882896764,0.1873115830374489,3.416364076494796,46.81274900398407,46.55172413793103
DHR,Danaher Corporation,Health Care,Life Sciences Tools & Services,50.94340057528624,269,33,0.5256289484399644,0.5458455414431701,0.23980000000000004,0.12535122023934706,0.14840000000000003,0.04753891769690417,0.08180000000000001,0.04737123806430759,0.16570000000000001,0.47766359019691096,0.07400000000000001,0.07521864614593927,0.18720000000000003,0.16916603278564726,0.10310000000000001,0.05769035487094376,61.9969048429439,66.43018238183613,40.89027114935639,12.948852589496791,11.9,2.0,0.0678272543224311,0.1388667198723064,0.2019154030327214,12.044468546637743,46.613545816733065,44.827586206896555
SW,Smurfit Westrock,Materials,Paper & Plastic Packaging Products & Materials,50.911148759951686,270,2,0.5673652232462637,0.5884271999086466,0.23980000000000004,0.0,0.14840000000000003,0.21317010647480095,0.08180000000000001,0.051458000516201675,0.16570000000000001,0.26554948110171117,0.07400000000000001,0.11497051509875623,0.18720000000000003,0.28865092910848306,0.10310000000000001,0.06620096770004681,100.0,40.64372807929217,34.64250518173323,0.10503050678620349,25.2,2.0,0.1776730603305236,0.0110820570290125,0.0373552484124019,13.692385786802031,46.41434262948207,95.83333333333333
CBOE,Cboe Global Markets,Financials,Financial Exchanges & Data,50.90667717013471,271,58,0.5922652355127885,0.6141416674489553,0.23980000000000004,0.015632343034823876,0.14840000000000003,0.11660576566089667,0.08180000000000001,0.009327834075763944,0.16570000000000001,0.290603635480984,0.07400000000000001,0.030959535355492913,0.18720000000000003,0.5336707026231697,0.10310000000000001,0.0032001837688688623,84.87819301885214,58.22788345755677,38.55687749884496,2.1933764179755673,21.0,1.0,0.1359938921512258,0.2447324646520654,-0.3717077904075409,-1.2983208955223882,46.21513944223108,24.0
PM,Philip Morris International,Consumer Staples,Tobacco,50.900176525442404,272,11,0.5314533523994617,0.5509402588012968,0.23980000000000004,0.22396513451934777,0.14840000000000003,0.266730903749438,0.08180000000000001,0.10426186822386582,0.16570000000000001,0.3212882977942525,0.07400000000000001,0.03653499807547901,0.18720000000000003,0.02205784380564817,0.10310000000000001,0.025160953831968747,48.63931950384051,32.971386472549625,58.18181676126032,36.508402728060595,28.5,3.0,0.1639349064756631,0.2516976411722659,0.4567548248749106,8.54080824088748,46.01593625498008,69.6969696969697
AIZ,Assurant,Financials,Multi-line Insurance,50.80425217348015,273,59,0.545583899874508,0.5634223130169266,0.23980000000000004,0.018421859583903636,0.14840000000000003,0.18097763630941063,0.08180000000000001,0.04396936509974969,0.16570000000000001,0.400481280915196,0.07400000000000001,0.09029156976350274,0.18720000000000003,0.22909524828437014,0.10310000000000001,0.036763040043867344,84.87819301885214,47.0566902171993,38.964813469397725,2.1933764179755673,24.1,2.0,0.0957335358384098,0.0864454866539285,0.11846447802675,8.896084525845884,45.81673306772908,22.666666666666668
BXP,"BXP, Inc.",Real Estate,Office REITs,50.77146777586946,274,22,0.5821176519900059,0.600362559566387,0.23980000000000004,0.11549392723782786,0.14840000000000003,0.042767356462565215,0.08180000000000001,0.00965587771656372,0.16570000000000001,0.4353669187233553,0.07400000000000001,0.08296870994209556,0.18720000000000003,0.009492627833937024,0.10310000000000001,0.30425458208365525,59.60145217188153,72.42095695204715,42.3978524376082,15.594088699341498,12.5,1.0,0.035580506119262,0.0765480367846787,0.4979998861224585,30.682090938966947,45.61752988047809,27.586206896551722
MCD,McDonald's,Consumer Discretionary,Restaurants,50.76695022539837,275,34,0.5258202081878579,0.5422026150887093,0.23980000000000004,0.10508605987568012,0.14840000000000003,0.22677024468110463,0.08180000000000001,0.10650776193191547,0.16570000000000001,0.3952431037080477,0.07400000000000001,0.01824554582808425,0.18720000000000003,0.11081948742190603,0.10310000000000001,0.037327796553261836,65.19150568012772,36.809199003428404,50.436487549357565,10.105798325241807,26.0,3.0,0.1184913217623498,0.3326760563380281,0.2783098591549295,9.984910485933504,45.418326693227094,28.26086956521739
DIS,Walt Disney Company (The),Communication Services,Movies & Entertainment,50.747925185546755,276,7,0.5231246108902264,0.5390125942143049,0.23980000000000004,0.12244234981482685,0.14840000000000003,0.08354162497391246,0.08180000000000001,0.04782588131035497,0.16570000000000001,0.3918359154100036,0.07400000000000001,0.09022505891553201,0.18720000000000003,0.24590176725962254,0.10310000000000001,0.018227402315747362,62.619389436270424,60.482927463229835,42.57973805725558,12.338235267513351,15.7,2.0,0.1233173781381264,0.1044835234474017,0.1216730038022813,7.398768562115175,45.21912350597609,73.91304347826087
MPC,Marathon Petroleum,Energy,Oil & Gas Refining & Marketing,50.72833947825448,277,4,0.5499500135949432,0.56620886510213,0.23980000000000004,0.348394897172798,0.14840000000000003,0.28527726535744874,0.08180000000000001,0.09736645770522111,0.16570000000000001,0.008661843481066238,0.07400000000000001,0.0838738629366477,0.18720000000000003,0.1752904846602031,0.10310000000000001,0.0011351886866151641,33.71206036829343,30.09960002523567,64.64166932647134,171.379059853,30.5,3.0,0.5513095111865126,0.0988190945109051,0.1758087471631342,3.047572697408444,45.0199203187251,85.0
JCI,Johnson Controls,Industrials,Building Products,50.703441965773806,278,40,0.5133761666575214,0.5280275076133851,0.23980000000000004,0.17290334058688123,0.14840000000000003,0.07297388986130653,0.08180000000000001,0.11173375618925713,0.16570000000000001,0.33448396174864553,0.07400000000000001,0.08978351269561038,0.18720000000000003,0.1967411134697037,0.10310000000000001,0.021380425448595464,56.40739668523259,55.19445415589081,46.57193936809775,29.451428787420625,14.4,3.0,0.1706442374674269,0.1132446325975204,0.1805261566374357,7.769569041336851,44.820717131474105,52.4390243902439
HUBB,Hubbell Incorporated,Industrials,Industrial Machinery & Supplies & Components,50.69093745581438,279,41,0.5284107241748405,0.5432193107732669,0.23980000000000004,0.14913496838467194,0.14840000000000003,0.1276094435180909,0.08180000000000001,0.0,0.16570000000000001,0.3526297395249588,0.07400000000000001,0.07381818351523277,0.18720000000000003,0.23837101791266893,0.10310000000000001,0.0584366471443766,58.32872611667806,64.76668282608053,40.44039148130575,17.21281530175761,19.6,0.0,0.1445020344076581,0.1404369669353896,0.1243135880359855,12.168615984405458,44.62151394422311,51.21951219512195
J,Jacobs Solutions,Industrials,Construction & Engineering,50.65155485176775,280,42,0.5106992208684256,0.5241848962185335,0.23980000000000004,0.15965860932455025,0.14840000000000003,0.17843480244980978,0.08180000000000001,0.11290818179935465,0.16570000000000001,0.12839428375380438,0.07400000000000001,0.1296956088114523,0.18720000000000003,0.2753787111994814,0.10310000000000001,0.015529802661547252,58.32872611667806,42.58973565172033,50.694369264699134,17.21281530175761,22.4,3.0,0.3471145640446258,0.0334983478109414,0.1057288153056243,6.815473762914627,44.42231075697211,50.0
FDXF,FedEx Freight,Industrials,Cargo Ground Transportation,50.612922469434984,281,43,0.5124538178004941,0.5251735200053179,0.23980000000000004,0.15856716687658695,0.14840000000000003,0.22517865316877936,0.08180000000000001,0.0630766856339891,0.16570000000000001,0.13058426345004556,0.07400000000000001,0.1171392952408146,0.18720000000000003,0.28991757310998356,0.10310000000000001,0.015536362519800766,58.32872611667806,43.514272582521464,50.341936036618485,17.21281530175761,23.25,2.0,0.3437248915314157,0.0561009817671809,0.131173856291125,6.834862385321101,44.223107569721115,48.78048780487805
FRT,Federal Realty Investment Trust,Real Estate,Retail REITs,50.48616030290012,282,23,0.5442933109033211,0.5549817892162144,0.23980000000000004,0.13210361218937497,0.14840000000000003,0.04813836044307629,0.08180000000000001,0.011044531567363397,0.16570000000000001,0.49551019745948477,0.07400000000000001,0.03390847560441788,0.18720000000000003,0.12276368955692461,0.10310000000000001,0.15653113317935802,59.60145217188153,72.59288422519468,39.226575674068805,15.594088699341498,12.4,1.0,0.0370572458535979,0.2552888539376716,0.2492270021983521,19.48569302294468,44.02390438247012,24.137931034482758
GPN,Global Payments,Financials,Transaction & Payment Processing Services,50.37610316605946,283,60,0.5618798921392145,0.5703969502447428,0.23980000000000004,0.017368790572881487,0.14840000000000003,0.12832743383087902,0.08180000000000001,0.010363973986472645,0.16570000000000001,0.4415005670160004,0.07400000000000001,0.12054957916194456,0.18720000000000003,0.20708859796150336,0.10310000000000001,0.07480105747031862,84.87819301885214,58.38522761377639,33.29916139558335,2.1933764179755673,20.9,1.0,0.0522352239296362,0.0039059970952703,0.1285702713600464,14.334861131518618,43.82470119521912,21.333333333333332
FIS,Fidelity National Information Services,Financials,Transaction & Payment Processing Services,50.3435340509504,284,61,0.5601115839759797,0.567861527422416,0.23980000000000004,0.01747863245825139,0.14840000000000003,0.09054008677001096,0.08180000000000001,0.010429516744779386,0.16570000000000001,0.40769840442272853,0.07400000000000001,0.09293134513266092,0.18720000000000003,0.2625231025991032,0.10310000000000001,0.11839891187246565,84.87819301885214,63.90667699882266,29.917704344450126,2.1933764179755673,17.5,1.0,0.0765655466376456,0.0684039087947882,0.0704767545158424,17.5968992248062,43.625498007968126,20.0
ARE,Alexandria Real Estate Equities,Real Estate,Office REITs,50.26645970752812,285,24,0.6126290604149718,0.6191936829735679,0.23980000000000004,0.10427627270869223,0.14840000000000003,0.04774724641368673,0.08180000000000001,0.0,0.16570000000000001,0.41587339575746785,0.07400000000000001,0.15252518597681575,0.18720000000000003,0.0048748516931249345,0.10310000000000001,0.2747030474502125,59.60145217188153,73.98791500480267,40.96411864905407,15.594088699341498,13.9,0.0,0.0185725861225322,-0.1131558899892725,0.5238848898493493,37.42884912223243,43.42629482071713,20.689655172413794
EMR,Emerson Electric,Industrials,Electrical Components & Equipment,50.26444447746937,286,44,0.5364945001365349,0.5421995940583078,0.23980000000000004,0.14467456471414547,0.14840000000000003,0.25990824100685533,0.08180000000000001,0.011367965493925955,0.16570000000000001,0.384191705251043,0.07400000000000001,0.06903447748641935,0.18720000000000003,0.11110152886051135,0.10310000000000001,0.019721517187099663,58.32872611667806,47.6775039765418,48.37136008540365,17.21281530175761,28.4,1.0,0.115452047005307,0.147342499486969,0.2712907859634721,7.792587312900927,43.22709163346614,47.5609756097561
AON,Aon plc,Financials,Insurance Brokers,50.2375488229995,287,62,0.5508961875161817,0.5561557652839212,0.23980000000000004,0.018068288886144833,0.14840000000000003,0.1540306241661163,0.08180000000000001,0.05458066183435311,0.16570000000000001,0.4168604431220135,0.07400000000000001,0.0717771449629518,0.18720000000000003,0.22908548553562952,0.10310000000000001,0.05559735149279102,84.87819301885214,47.852591325589685,37.32534336239008,2.1933764179755673,20.45,2.0,0.0795921045232159,0.1297691945360339,0.1137541215261422,12.349023090586146,43.02788844621514,18.666666666666668
SWK,Stanley Black & Decker,Industrials,Industrial Machinery & Supplies & Components,49.943302582998854,288,45,0.5239093734950407,0.5227225469662187,0.23980000000000004,0.151708668026641,0.14840000000000003,0.21629307914704302,0.08180000000000001,0.04768271206936489,0.16570000000000001,0.285268227174599,0.07400000000000001,0.09690495981354422,0.18720000000000003,0.1927216022708223,0.10310000000000001,0.00942075149798559,58.32872611667806,45.24929108947869,48.49301650181188,17.21281530175761,25.3,2.0,0.1971134944136163,0.0886964425480344,0.1762819703587749,5.747102649006623,42.82868525896414,46.34146341463415
DOV,Dover Corporation,Industrials,Industrial Machinery & Supplies & Components,49.918519946434024,289,46,0.5457036570294984,0.5439279921266901,0.23980000000000004,0.13983278398076324,0.14840000000000003,0.2089294774312614,0.08180000000000001,0.010987517165534592,0.16570000000000001,0.30998928327423697,0.07400000000000001,0.06843749176511128,0.18720000000000003,0.26084102380836083,0.10310000000000001,0.00098242257473168,58.32872611667806,50.97298923803718,46.45218666302296,17.21281530175761,25.9,1.0,0.1599230653291871,0.1425767150178012,0.0858484918637766,2.9285644744220822,42.62948207171315,45.1219512195122
SNA,Snap-on,Industrials,Industrial Machinery & Supplies & Components,49.80027956719697,290,47,0.5431278043214173,0.5388061180964259,0.23980000000000004,0.117582227878576,0.14840000000000003,0.2924889912082182,0.08180000000000001,0.04436793479343985,0.16570000000000001,0.3202234364019393,0.07400000000000001,0.05119400726236568,0.18720000000000003,0.17117669334481292,0.10310000000000001,0.0029667091106480217,61.968076646319844,38.153999470266086,49.95918107790794,19.12964489062032,30.5,2.0,0.1544746496314041,0.1952352412346419,0.1860952951753071,-0.9707757704569608,42.430278884462155,43.90243902439025
KO,Coca-Cola Company (The),Consumer Staples,Soft Drinks & Non-alcoholic Beverages,49.760806462316296,291,12,0.5496250741348826,0.5443914405263581,0.23980000000000004,0.3350663212078192,0.14840000000000003,0.14324792711412798,0.08180000000000001,0.09748161823180317,0.16570000000000001,0.3540371662930034,0.07400000000000001,0.0170486403623658,0.18720000000000003,0.04725827547575375,0.10310000000000001,0.005860051315126721,35.03082731016036,43.888407868252436,56.85045148537595,154.7085201793,21.6,3.0,0.1239784288652916,0.3307174887892377,0.3814648729446935,5.014075286415712,42.23107569721115,66.66666666666667
PSX,Phillips 66,Energy,Oil & Gas Refining & Marketing,49.705465711272886,292,5,0.5889324268078243,0.5820346278365729,0.23980000000000004,0.3088728138286279,0.14840000000000003,0.33511163568939334,0.08180000000000001,0.08490335846855164,0.16570000000000001,6.151138686397066e-05,0.07400000000000001,0.08146977487529251,0.18720000000000003,0.1888835715380534,0.10310000000000001,0.0006973342132172003,33.16088047855728,24.324087807160733,64.00595806742699,178.86813095050002,35.4,3.0,0.6234445666788901,0.0754254568269155,0.1280879930985805,2.7989121196668365,42.03187250996016,80.0
WM,Waste Management,Industrials,Environmental & Facilities Services,49.61986625578915,293,48,0.5218061137044477,0.5139317355711274,0.23980000000000004,0.15293412630015776,0.14840000000000003,0.09386674712711797,0.08180000000000001,0.048067879079063104,0.16570000000000001,0.3624725545188508,0.07400000000000001,0.08512444883910218,0.18720000000000003,0.2056394587474156,0.10310000000000001,0.0518947853882926,58.32872611667806,59.03109005150513,42.19559791937784,17.21281530175761,16.6,2.0,0.1439245494283068,0.1174446439257929,0.1639736684619988,11.428070175438595,41.832669322709165,42.68292682926829
COIN,Coinbase,Financials,Financial Exchanges & Data,49.607528351837075,294,63,0.5873916111036762,0.578242047838095,0.23980000000000004,0.01589282421231687,0.14840000000000003,0.13548497307139581,0.08180000000000001,0.04800902118575597,0.16570000000000001,0.41258568256218475,0.07400000000000001,0.21447478449370286,0.18720000000000003,0.16395046354803955,0.10310000000000001,0.009602250926604218,84.87819301885214,47.852591325589685,38.504096844534246,2.1933764179755673,20.45,2.0,0.0461094033526319,-0.2946294796683463,0.1617204942675326,6.307375880087652,41.633466135458164,17.333333333333332
FSLR,First Solar,Information Technology,Semiconductors,49.604542807544725,295,67,0.607081712377202,0.5975540746518093,0.23980000000000004,0.0371646312139387,0.14840000000000003,0.08520307392938421,0.08180000000000001,0.013871998082380196,0.16570000000000001,0.3441485349631751,0.07400000000000001,0.005639171591107883,0.18720000000000003,0.507938981128914,0.10310000000000001,0.006033609091100047,76.10057375726493,60.99435552184087,38.888535592744304,4.334371326570802,16.4,1.0,0.0788874981532793,0.4000869159329782,-0.2899290186547345,-2.438488213647527,41.43426294820717,8.333333333333334
CHD,Church & Dwight,Consumer Staples,Household Products,49.56948992160375,296,13,0.5385055669998925,0.5293114472693742,0.23980000000000004,0.21813749548426542,0.14840000000000003,0.12666005621234855,0.08180000000000001,0.011283215953170729,0.16570000000000001,0.3139983031166713,0.07400000000000001,0.06856734756456119,0.18720000000000003,0.2561795276662571,0.10310000000000001,0.005174054002725727,48.63931950384051,59.975920022750664,45.82605610390005,36.508402728060595,19.9,1.0,0.1631377338588797,0.1472129585516912,0.097257197304839,4.735187760778859,41.235059760956176,63.63636363636363
LYV,Live Nation Entertainment,Communication Services,Movies & Entertainment,49.55999431664932,297,8,0.5433464070548591,0.5338668083159868,0.23980000000000004,0.11349803982308236,0.14840000000000003,0.19792823963776096,0.08180000000000001,0.05610799273206578,0.16570000000000001,0.18144195261869173,0.07400000000000001,0.11228290212712344,0.18720000000000003,0.33787031145193963,0.10310000000000001,0.0008705616093359449,62.619389436270424,43.740995591855174,46.89875436721877,12.338235267513351,23.1,2.0,0.272059378245336,0.0384050415437458,0.0169233602604874,0.1610314687488343,41.03585657370518,69.56521739130434
VTR,Ventas,Real Estate,Health Care REITs,49.55533197051518,298,25,0.5624255122665878,0.5525099888211604,0.23980000000000004,0.12372306264784363,0.14840000000000003,0.048793650801088585,0.08180000000000001,0.0,0.16570000000000001,0.43141722729094434,0.07400000000000001,0.10375600137982656,0.18720000000000003,0.1359765454368131,0.10310000000000001,0.15633351244348373,59.60145217188153,75.70798249495056,34.11289497142429,15.594088699341498,12.9,0.0,0.058322769947669,0.0408010110926484,0.2182458051333997,20.07312023942125,40.83665338645418,17.24137931034483
NWS,News Corp (Class B),Communication Services,Publishing,49.53104342937627,299,9,0.5480177072645134,0.5378333673414079,0.23980000000000004,0.1115713729660895,0.14840000000000003,0.1945683421455449,0.08180000000000001,0.05515554095247757,0.16570000000000001,0.3200109510930217,0.07400000000000001,0.09359593581636896,0.18720000000000003,0.22500605964770456,0.10310000000000001,9.179737879274984e-05,62.619389436270424,43.740995591855174,46.92156016838972,12.338235267513351,23.1,2.0,0.1503474009264024,0.0765939238339751,0.1206675224646983,1.9385342789598108,40.63745019920319,65.21739130434783
LH,Labcorp,Health Care,Health Care Services,49.5092444130518,300,34,0.5241194146785277,0.5139308354825375,0.23980000000000004,0.12607431648735673,0.14840000000000003,0.13103456639769112,0.08180000000000001,0.04764450197384487,0.16570000000000001,0.2795220203624968,0.07400000000000001,0.1007370961142278,0.18720000000000003,0.28464781027918695,0.10310000000000001,0.030339688385195785,61.9969048429439,54.00531801433372,42.49389375295141,12.948852589496791,19.7,2.0,0.2013295705336089,0.0800568197046447,0.0841306853206829,9.124820430965682,40.43824701195219,43.10344827586207
BEN,Franklin Resources,Financials,Asset Management & Custody Banks,49.47086886984316,301,64,0.5740832670024689,0.5620598927199908,0.23980000000000004,0.016638216929083367,0.14840000000000003,0.09424673649100593,0.08180000000000001,0.039712159971240044,0.16570000000000001,0.40436467933912107,0.07400000000000001,0.08678390268961506,0.18720000000000003,0.11613009434726183,0.10310000000000001,0.24212421023267272,84.87819301885214,56.273911415847685,33.34035071215037,2.1933764179755673,18.3,2.0,0.065071875948459,0.0727187924016282,0.2400780189959294,25.09325230511316,40.2390438247012,16.0
LVS,Las Vegas Sands,Consumer Discretionary,Casinos & Gaming,49.46583473308572,302,35,0.5262022155151557,0.5150779020762409,0.23980000000000004,0.10493353648397408,0.14840000000000003,0.1171363768601096,0.08180000000000001,0.04726807780522785,0.16570000000000001,0.33552347259012544,0.07400000000000001,0.08695176133987634,0.18720000000000003,0.2549374867947915,0.10310000000000001,0.05324928812589518,65.19150568012772,55.62478139160543,40.2574230758115,10.105798325241807,18.7,2.0,0.1584208147069164,0.1097019657577679,0.1100190234622701,11.64152791380999,40.0398406374502,26.08695652173913
TSLA,"Tesla, Inc.",Consumer Discretionary,Automobile Manufacturers,49.433065851834726,303,36,0.5749858971318761,0.5620929209098113,0.23980000000000004,0.02583381346298241,0.14840000000000003,0.17815606609541884,0.08180000000000001,0.08907204409608925,0.16570000000000001,0.24455184190264312,0.07400000000000001,0.09983065661343,0.18720000000000003,0.36191468568410773,0.10310000000000001,0.0006408921453286847,81.1276117241492,38.07645595465567,42.21279820248702,4.325286832412523,25.2,3.0,0.1901106891815464,0.0394531803371582,-0.0389219436180762,0.284252228458237,39.8406374501992,23.91304347826087
GOOG,Alphabet Inc. (Class C),Communication Services,Interactive Media & Services,49.408922495146946,304,10,0.5801351516362151,0.5665792103588707,0.23980000000000004,0.09955970429634384,0.14840000000000003,0.17362129813825888,0.08180000000000001,0.04921754749045296,0.16570000000000001,0.31035173657659876,0.07400000000000001,0.0,0.18720000000000003,0.3666231749101361,0.10310000000000001,0.0006265385882095345,62.619389436270424,43.740995591855174,47.15917216440789,12.338235267513351,23.1,2.0,0.1299329814107201,0.9365337740826072,-0.0488747537480383,0.2871784415672681,39.64143426294821,60.869565217391305
ETN,Eaton Corporation,Industrials,Electrical Components & Equipment,49.32794249875591,305,49,0.532017843102173,0.5179056637321627,0.23980000000000004,0.14711953257664875,0.14840000000000003,0.10499475003840038,0.08180000000000001,0.011560081574244652,0.16570000000000001,0.33742906876416534,0.07400000000000001,0.09072304182926419,0.18720000000000003,0.25710674106535014,0.10310000000000001,0.051066784151926566,58.32872611667806,63.2417629378254,39.520038338061575,17.21281530175761,17.9,1.0,0.1518484897029244,0.0962372523736959,0.1024498886414253,11.541284403669724,39.44223107569721,41.46341463414634
ECHO,EchoStar,Communication Services,Wireless Telecommunication Services,49.319359311645954,306,11,0.5880489440546464,0.5722539567525542,0.23980000000000004,0.09689804420600413,0.14840000000000003,0.1689796523704887,0.08180000000000001,0.0479017502728376,0.16570000000000001,0.35123908689810884,0.07400000000000001,0.0,0.18720000000000003,0.33497520195208313,0.10310000000000001,6.264300477668591e-06,62.619389436270424,43.740995591855174,47.09964020205125,12.338235267513351,23.1,2.0,0.0907071122021393,2.366326600234218,-0.0285946058402243,1.6229259519018648,39.243027888446214,56.52173913043478
COP,ConocoPhillips,Energy,Oil & Gas Exploration & Production,49.28567026192053,307,6,0.5607695380501515,0.5449722531680627,0.23980000000000004,0.14505285655373612,0.14840000000000003,0.3389569059586625,0.08180000000000001,0.04162022832173145,0.16570000000000001,0.300739124516757,0.07400000000000001,0.04514214682660351,0.18720000000000003,0.12845077540321587,0.10310000000000001,3.796241929347174e-05,56.38629642330809,34.39649205220338,52.878856821825515,29.499690856427115,33.9,2.0,0.1541996282019298,0.2051563070820938,0.2301550023485204,1.788572651401669,39.04382470119522,75.0
FISV,Fiserv,Financials,Transaction & Payment Processing Services,49.276439375911195,308,65,0.5495384320191072,0.5338603382125895,0.23980000000000004,0.04750849771083814,0.14840000000000003,0.15479269747207164,0.08180000000000001,0.05485070206583642,0.16570000000000001,0.44074123626745676,0.07400000000000001,0.0763559835016647,0.18720000000000003,0.16717844950465388,0.10310000000000001,0.05857243347747846,75.53984922965635,47.852591325589685,39.40369134203506,6.673091458805744,20.45,2.0,0.0654254135449892,0.1184807256235827,0.1861300075585789,12.608067729083665,38.844621513944226,14.666666666666666
NOC,Northrop Grumman,Industrials,Aerospace & Defense,49.26866094322239,309,50,0.5366880476297629,0.5212143409295281,0.23980000000000004,0.0916125070821333,0.14840000000000003,0.2435204620796407,0.08180000000000001,0.04543907056931092,0.16570000000000001,0.25077644810097854,0.07400000000000001,0.08733341995359767,0.18720000000000003,0.26544813330420575,0.10310000000000001,0.015869958910132962,66.82776616246218,42.08243218523297,45.12322901190084,13.119926397572637,27.5,2.0,0.2142505368083052,0.1005884516366311,0.0899227657226921,7.146816037735849,38.645418326693225,40.24390243902439
ALGN,Align Technology,Health Care,Health Care Supplies,49.16314622805872,310,35,0.5322970108983532,0.5147721356036821,0.23980000000000004,0.1222303519225812,0.14840000000000003,0.183866477296224,0.08180000000000001,0.058461543365510536,0.16570000000000001,0.31938870029476146,0.07400000000000001,0.0879608679239043,0.18720000000000003,0.21156096529304708,0.10310000000000001,0.016531093903971446,61.9969048429439,45.89063136171221,45.29504974938517,12.948852589496791,21.7,2.0,0.1645778993673784,0.1025324940919832,0.1487343210325395,-4.216084480670624,38.44621513944223,41.37931034482759
WAT,Waters Corporation,Health Care,Life Sciences Tools & Services,49.11502373059846,311,36,0.5873701192288451,0.5669393887860893,0.23980000000000004,0.03633041680233815,0.14840000000000003,0.057305450539399914,0.08180000000000001,0.0,0.16570000000000001,0.3843807642831297,0.07400000000000001,0.15035578008256215,0.18720000000000003,0.2189587109697291,0.10310000000000001,0.15266887732284096,77.13756677351282,72.80084382355739,25.61895214942031,5.894984802431611,14.6,0.0,0.0664619611328835,-0.0826747720364741,0.0930091185410334,20.66818181818181,38.24701195219124,39.6551724137931
HON,Honeywell Technologies,Industrials,Industrial Conglomerates,49.097379013919344,312,51,0.5721596076118574,0.5518681861009942,0.23980000000000004,0.12720036069276403,0.14840000000000003,0.23174565199096403,0.08180000000000001,0.08995419358092634,0.16570000000000001,0.3245344339314538,0.07400000000000001,0.0,0.18720000000000003,0.22547745498561692,0.10310000000000001,0.0010879048182747902,58.32872611667806,32.82288873744412,51.15194263636876,17.21281530175761,28.6,3.0,0.1256593918080265,0.5846280481531022,0.0988784854408889,3.076182350073135,38.04780876494024,39.02439024390244
DGX,Quest Diagnostics,Health Care,Health Care Services,49.0263891788899,313,37,0.5297042655543732,0.5094692538836545,0.23980000000000004,0.12342984300495854,0.14840000000000003,0.1485657500067959,0.08180000000000001,0.10495155171719234,0.16570000000000001,0.30200546720384847,0.07400000000000001,0.08771212696145438,0.18720000000000003,0.2116642993267007,0.10310000000000001,0.021670961779049643,61.9969048429439,44.53742158579206,45.46643260862256,12.948852589496791,21.2,3.0,0.1796446071196646,0.1051593821886296,0.1508379888268156,8.012779552715655,37.84860557768924,37.93103448275862
RVTY,Revvity,Health Care,Health Care Equipment,49.017660568152635,314,38,0.5435835437338293,0.5226357584629361,0.23980000000000004,0.11720726066177244,0.14840000000000003,0.08754155554816002,0.08180000000000001,0.04429356999535098,0.16570000000000001,0.4582139563879088,0.07400000000000001,0.09753239777348961,0.18720000000000003,0.12402761308962748,0.10310000000000001,0.0711836465436907,61.9969048429439,58.86928081917105,40.30756427449992,12.948852589496791,16.7,2.0,0.0605759634409705,0.0710166536930852,0.2478730635559307,13.61295856179551,37.64940239043825,36.206896551724135
SWKS,Skyworks Solutions,Information Technology,Semiconductors,49.017026664641975,315,68,0.5847518425375565,0.5622033157878521,0.23980000000000004,0.04005723153290983,0.14840000000000003,0.212660476722935,0.08180000000000001,0.009569078054863346,0.16570000000000001,0.31041287455603955,0.07400000000000001,0.09780679376109261,0.18720000000000003,0.3275818895324543,0.10310000000000001,0.0019116558397053703,76.10057375726493,48.18386496431166,39.933283721495464,4.334371326570802,28.0,1.0,0.1258989898989899,0.0362644415917843,-0.0180787334189131,-0.6353558926487748,37.45019920318725,6.944444444444445
SYK,Stryker Corporation,Health Care,Health Care Equipment,48.98920883094679,316,39,0.5459136105407465,0.5242787899879022,0.23980000000000004,0.11620886854094248,0.14840000000000003,0.24925216832964325,0.08180000000000001,0.04391626955306522,0.16570000000000001,0.3400065377492719,0.07400000000000001,0.051165469232244416,0.18720000000000003,0.19066952879034382,0.10310000000000001,0.008781157804488833,61.9969048429439,40.98642804329568,47.19048639713465,12.948852589496791,28.3,2.0,0.1374713123304819,0.1936560934891485,0.1607224161481256,5.772613693153423,37.25099601593625,34.48275862068966
RTX,RTX Corporation,Industrials,Aerospace & Defense,48.934834332754434,317,52,0.5463494325467316,0.5235568830557523,0.23980000000000004,0.0769221011103446,0.14840000000000003,0.19810511568700268,0.08180000000000001,0.055492889440581464,0.16570000000000001,0.33322676656871025,0.07400000000000001,0.08998663874309966,0.18720000000000003,0.23255382555180718,0.10310000000000001,0.013712662898454143,69.0563545615624,43.514272582521464,43.11858830065929,11.036367350655658,23.25,2.0,0.1420228542524084,0.0865711510441962,0.1141330743079164,6.843492586490939,37.05179282868526,37.80487804878049
IR,Ingersoll Rand,Industrials,Industrial Machinery & Supplies & Components,48.83763034017392,318,53,0.5499079160732339,0.5249209468772535,0.23980000000000004,0.07894039841317836,0.14840000000000003,0.19554951365504722,0.08180000000000001,0.05477701827026047,0.16570000000000001,0.36972672956658575,0.07400000000000001,0.07367545209434574,0.18720000000000003,0.2137720204179015,0.10310000000000001,0.013558867582680944,68.44886120617811,43.514272582521464,43.297792815181005,11.56908922295978,23.25,2.0,0.1126079333410281,0.1253416634127294,0.1312475595470519,6.848050458715596,36.852589641434264,36.58536585365854
TMO,Thermo Fisher Scientific,Health Care,Life Sciences Tools & Services,48.788664119740965,319,40,0.5413267002768402,0.5157179773753022,0.23980000000000004,0.11818659473378702,0.14840000000000003,0.05185790410073513,0.08180000000000001,0.10049325355605937,0.16570000000000001,0.3913704263223067,0.07400000000000001,0.0687559394510225,0.18720000000000003,0.2128168553720412,0.10310000000000001,0.05651902646404798,61.9969048429439,57.498394778717135,39.6264359408192,12.948852589496791,12.8,3.0,0.1059784049339954,0.144739036184759,0.1396531599132899,12.248567791215786,36.65338645418327,32.758620689655174
OMC,Omnicom Group,Communication Services,Advertising,48.78351397421615,320,12,0.5697091984236003,0.5426459095328345,0.23980000000000004,0.10323702885512633,0.14840000000000003,0.07592462647154921,0.08180000000000001,0.010081074677850306,0.16570000000000001,0.31979696801674284,0.07400000000000001,0.0817928942957366,0.18720000000000003,0.40038753970719215,0.10310000000000001,0.008779867975802488,62.619389436270424,65.92088733660837,37.65411884568806,12.338235267513351,16.3,1.0,0.1315051199326694,0.0891123809523809,-0.0659961904761904,5.958523285956915,36.45418326693227,52.17391304347826
CRWD,CrowdStrike,Information Technology,Systems Software,48.67938547886173,321,69,0.5780014717330899,0.5482544726399435,0.23980000000000004,0.04099833691691578,0.14840000000000003,0.09399216989952665,0.08180000000000001,0.015302959628963832,0.16570000000000001,0.3222277131341934,0.07400000000000001,0.1140503025437048,0.18720000000000003,0.10482506795079424,0.10310000000000001,0.30860344992590144,76.10057375726493,60.99435552184087,33.55890421666777,4.334371326570802,16.4,1.0,0.1223199066677832,0.0036073226065455,0.2558547607344362,-39.810784127586864,36.254980079681275,5.555555555555555
CSGP,CoStar Group,Real Estate,Real Estate Services,48.60578517219425,322,26,0.5692720001541375,0.5383857431569735,0.23980000000000004,0.12076498737822945,0.14840000000000003,0.13726584918671633,0.08180000000000001,0.010096565061514448,0.16570000000000001,0.37406362696219286,0.07400000000000001,0.09355640317024674,0.18720000000000003,0.26265983369340534,0.10310000000000001,0.0015927345476947391,59.60145217188153,56.82679480178623,41.759442945903345,15.594088699341498,21.9,1.0,0.0912318769109379,0.0594594594594594,0.0616216216216216,-0.3975155279503105,36.05577689243028,13.793103448275861
OTIS,Otis Worldwide,Industrials,Industrial Machinery & Supplies & Components,48.45680630741324,323,54,0.5275103259863662,0.4959232026625111,0.23980000000000004,0.14964451464216805,0.14840000000000003,0.21250773993739394,0.08180000000000001,0.059527329603368415,0.16570000000000001,0.12136386569400785,0.07400000000000001,0.08601361365291367,0.18720000000000003,0.31024057928142684,0.10310000000000001,0.060702357188721315,58.32872611667806,43.514272582521464,46.279162887009456,17.21281530175761,23.25,2.0,0.3459125134456794,0.1109095620627105,0.0577869914485618,12.354943273905995,35.85657370517928,35.36585365853659
TKO,TKO Group Holdings,Communication Services,Movies & Entertainment,48.41790685353028,324,13,0.5513646942247915,0.5175424799357573,0.23980000000000004,0.11022092556982202,0.14840000000000003,0.19221330873454268,0.08180000000000001,0.05448794446523496,0.16570000000000001,0.39302111494813263,0.07400000000000001,0.09707159498217591,0.18720000000000003,0.1359344800997106,0.10310000000000001,0.017050631200381323,62.619389436270424,43.740995591855174,44.772396939357016,12.338235267513351,23.1,2.0,0.0951244973627801,0.0656560302712597,0.2258767819075702,7.51316330689815,35.657370517928285,47.82608695652174
CMCSA,Comcast,Communication Services,Cable & Satellite,48.417259669683794,325,14,0.5439037488639059,0.510525979725451,0.23980000000000004,0.11326555459777948,0.14840000000000003,0.16729916510818954,0.08180000000000001,0.044241432632886074,0.16570000000000001,0.3726384497688399,0.07400000000000001,0.07822223736053961,0.18720000000000003,0.19818918719922982,0.10310000000000001,0.02614397333253558,62.619389436270424,48.597852947230365,42.671957346403715,12.338235267513351,23.1,2.0,0.1162501747247115,0.1177688710754843,0.1537408149632598,8.845166809238666,35.45816733067729,43.47826086956522
COHR,Coherent Corp.,Information Technology,Electronic Components,48.40572086194495,326,70,0.6115605182144642,0.573765700954257,0.23980000000000004,0.03662226902204284,0.14840000000000003,0.08395966253464733,0.08180000000000001,0.01366955702376657,0.16570000000000001,0.2998964685558168,0.07400000000000001,0.06192773817437949,0.18720000000000003,0.5005263716086262,0.10310000000000001,0.0033979330807206794,76.10057375726493,60.99435552184087,35.84107139104669,4.334371326570802,16.4,1.0,0.1117786635651479,0.1175879342938979,-0.2412080372206168,4.477423869672181,35.2589641434263,4.166666666666667
TTD,Trade Desk (The),Communication Services,Advertising,48.29047057659331,327,15,0.545765134392472,0.5096788823643842,0.23980000000000004,0.11249426555317785,0.14840000000000003,0.19617776646178745,0.08180000000000001,0.05561177482796605,0.16570000000000001,0.358966846761892,0.07400000000000001,0.08873878933008698,0.18720000000000003,0.16621237715085993,0.10310000000000001,0.0217981799142298,62.619389436270424,43.740995591855174,44.36472926042632,12.338235267513351,23.1,2.0,0.1240460922003606,0.0900543593028248,0.1901932293509468,-5.229917170904288,35.059760956175296,39.130434782608695
GNRC,Generac,Industrials,Heavy Electrical Equipment,48.230277752531585,328,55,0.551727448068246,0.5140063903921797,0.23980000000000004,0.13679604833641645,0.14840000000000003,0.19426184203177413,0.08180000000000001,0.05441631774630749,0.16570000000000001,0.24993093637209438,0.07400000000000001,0.07440805264036378,0.18720000000000003,0.2879549245613237,0.10310000000000001,0.002231878311720035,58.32872611667806,43.514272582521464,46.17723694658922,17.21281530175761,23.25,2.0,0.2033054921813376,0.1220645755042564,0.0536177791412088,3.676976100685912,34.8605577689243,34.146341463414636
ECL,Ecolab,Materials,Specialty Chemicals,48.209801505907876,329,3,0.5412940555286783,0.5038729283175519,0.23980000000000004,0.161820247887458,0.14840000000000003,0.12535843327084764,0.08180000000000001,0.0446690556263378,0.16570000000000001,0.3318577707319795,0.07400000000000001,0.07766131678905153,0.18720000000000003,0.2401192008932574,0.10310000000000001,0.01851397480106826,55.534303499993456,53.6823442828686,43.174938730344714,31.515944195316393,19.9,2.0,0.1475390115948808,0.1211441771979888,0.1108393350545817,7.651441621467313,34.66135458167331,91.66666666666667
AKAM,Akamai Technologies,Information Technology,Internet Services & Infrastructure,48.122933625756524,330,71,0.5761181713227914,0.534426837461339,0.23980000000000004,0.0412668178984217,0.14840000000000003,0.08075856884347647,0.08180000000000001,0.009858030284030062,0.16570000000000001,0.390397463358533,0.07400000000000001,0.08636910306938178,0.18720000000000003,0.2290309824171165,0.10310000000000001,0.16231903412904047,76.10057375726493,64.74257572167353,28.397142089644426,4.334371326570802,17.0,1.0,0.0729550427175783,0.0722063287386717,0.0914018779974574,20.886085033616503,34.462151394422314,2.7777777777777777
ORCL,Oracle Corporation,Information Technology,Application Software,48.105595389831834,331,72,0.5870637231209317,0.5442022149526746,0.23980000000000004,0.05330292498645823,0.14840000000000003,0.05199637051301876,0.08180000000000001,0.03797543849677075,0.16570000000000001,0.3755256844038142,0.07400000000000001,0.036332594341752046,0.18720000000000003,0.413555105282519,0.10310000000000001,0.03131188197566704,72.32190625866384,63.34814244095734,33.9629592570056,8.5659273352794,13.9,2.0,0.0732887885421322,0.2243536280233528,-0.0976334445371142,10.176281719316416,34.26294820717131,1.3888888888888888
T,AT&T,Communication Services,Integrated Telecommunication Services,48.049925286711066,332,16,0.5618995472880649,0.5197149650859274,0.23980000000000004,0.05633650773062025,0.14840000000000003,0.16780015428161146,0.08180000000000001,0.09326924045211246,0.16570000000000001,0.409350712848628,0.07400000000000001,0.06317715186054887,0.18720000000000003,0.17746006192172334,0.10310000000000001,0.032606170904755635,72.76489501518166,40.161222819958894,41.22264848579219,8.276473002091388,23.9,3.0,0.0736718500136567,0.1466189238861778,0.1638253374738576,9.974271959592771,34.06374501992032,34.78260869565217
APA,APA Corporation,Energy,Oil & Gas Exploration & Production,47.97291152163783,333,7,0.6222943846657646,0.573802500372448,0.23980000000000004,0.3108087669668517,0.14840000000000003,0.3605666918067521,0.08180000000000001,0.03379726228720317,0.16570000000000001,0.26746853046477526,0.07400000000000001,0.015620039123297973,0.18720000000000003,0.011705658468620329,0.10310000000000001,3.305088249948782e-05,29.15357779849127,30.561095049984655,60.998901857025345,165.60683519225,38.8,2.0,0.1320313804039392,0.3147914032869785,0.4782975136957438,1.7988004362050165,33.864541832669325,70.0
ITW,Illinois Tool Works,Industrials,Industrial Machinery & Supplies & Components,47.93971035706791,334,56,0.5361991783215455,0.4937589375460291,0.23980000000000004,0.2696713153055078,0.14840000000000003,0.20649173453932354,0.08180000000000001,0.04552196474140815,0.16570000000000001,0.19823783732921826,0.07400000000000001,0.05439493460852505,0.18720000000000003,0.2103539565484788,0.10310000000000001,0.015328256927538227,43.138418915833995,45.24929108947869,51.0591760495491,82.4672983027203,25.3,2.0,0.2607614890263126,0.1894908160892815,0.1467100674261799,7.044550517104216,33.66533864541832,32.926829268292686
MGM,MGM Resorts,Consumer Discretionary,Casinos & Gaming,47.77539433985926,335,37,0.5693911069974188,0.5208825289641712,0.23980000000000004,0.08961862877713599,0.14840000000000003,0.17595269381481585,0.08180000000000001,0.04036936578881482,0.16570000000000001,0.34606947037312313,0.07400000000000001,0.09100466023380278,0.18720000000000003,0.25323424190339944,0.10310000000000001,0.003750939108907981,65.19150568012772,45.99630631375557,42.05501850250162,10.105798325241807,24.8,2.0,0.1116983684584391,0.0657006200638823,0.0713182429179286,4.412557458732474,33.46613545816733,21.73913043478261
GIS,General Mills,Consumer Staples,Packaged Foods & Meats,47.66144321500191,336,14,0.5741334145447039,0.5228273153875149,0.23980000000000004,0.051309706743422515,0.14840000000000003,0.12527176079657404,0.08180000000000001,0.039705222976468973,0.16570000000000001,0.2876631507610566,0.07400000000000001,0.2244946898119425,0.18720000000000003,0.24123849246718185,0.10310000000000001,0.030316976443353495,73.44245045310795,51.75445918755021,35.955851920912174,7.8525575971884765,21.1,2.0,0.1535678472317077,-0.4355909406456091,0.0797466157584172,-6.849290687326598,33.266932270916335,60.60606060606061
GOOGL,Alphabet Inc. (Class A),Communication Services,Interactive Media & Services,47.52777206028978,337,17,0.6068187346020014,0.5496382302122746,0.23980000000000004,0.0909963556085589,0.14840000000000003,0.14751177512455182,0.08180000000000001,0.1421724071643976,0.16570000000000001,0.28365770252990874,0.07400000000000001,0.0,0.18720000000000003,0.3350891109435203,0.10310000000000001,0.000572648629062802,62.619389436270424,33.232364579054405,47.15917216440789,12.338235267513351,24.2,4.0,0.1299329814107201,0.9365337740826072,-0.0488747537480383,0.2871784415672681,33.06772908366534,30.434782608695652
WAB,Wabtec,Industrials,Construction Machinery & Heavy Transportation Equipment,47.501689934710875,338,57,0.5504494827227143,0.4980594731620599,0.23980000000000004,0.13743197789245487,0.14840000000000003,0.1661846185079579,0.08180000000000001,0.04319548458377128,0.16570000000000001,0.3344517090180247,0.07400000000000001,0.07393588544561103,0.18720000000000003,0.2243622925080903,0.10310000000000001,0.020438032044089973,58.32872611667806,48.287343895104776,42.83917175013978,17.21281530175761,23.3,2.0,0.1374524386025596,0.1242529097200377,0.1192198804655552,8.07250341997264,32.86852589641434,31.70731707317073
AJG,Arthur J. Gallagher & Co.,Financials,Insurance Brokers,47.46048851569823,339,66,0.5974738045866288,0.5397156890102948,0.23980000000000004,0.015360976381084884,0.14840000000000003,0.1167744692752146,0.08180000000000001,0.03666363733326381,0.16570000000000001,0.3949368993104722,0.07400000000000001,0.07720967213150066,0.18720000000000003,0.3059155959689104,0.10310000000000001,0.05313874959955348,84.87819301885214,51.59474055735881,30.343226018098964,2.1933764179755673,21.2,2.0,0.0489316448269117,0.0809392955283537,-0.010242318261304,13.003191489361702,32.669322709163346,13.333333333333334
PWR,Quanta Services,Industrials,Construction & Engineering,47.36521450078459,340,58,0.5724006112503015,0.5150942950580636,0.23980000000000004,0.12709327032463633,0.14840000000000003,0.38544860025961253,0.08180000000000001,0.03994598261042929,0.16570000000000001,0.10903211188664155,0.07400000000000001,0.09750625496297755,0.18720000000000003,0.23287371087162376,0.10310000000000001,0.00810006908407897,58.32872611667806,31.813193124083845,50.564457516769224,17.21281530175761,36.9,2.0,0.3378007141286774,0.0472304218574098,0.0904561338671551,5.80267224706314,32.47011952191235,30.48780487804878
WY,Weyerhaeuser,Real Estate,Timber REITs,47.25733377062722,341,27,0.5503472663878967,0.49311015761583,0.23980000000000004,0.12921325289807564,0.14840000000000003,0.08540302096676237,0.08180000000000001,0.043211531521445815,0.16570000000000001,0.3684891489157083,0.07400000000000001,0.08860274939356651,0.18720000000000003,0.20624619038796022,0.10310000000000001,0.0788341059164811,59.60145217188153,58.86928081917105,37.095280904793746,15.594088699341498,16.7,2.0,0.1130624356567552,0.0867702196036422,0.1392608462774504,14.405882352941177,32.27091633466136,10.344827586206897
TMUS,T-Mobile US,Communication Services,Wireless Telecommunication Services,47.04431480617583,342,18,0.558820579173776,0.4964402056285082,0.23980000000000004,0.10729937147907781,0.14840000000000003,0.1797377704875235,0.08180000000000001,0.09429985441138986,0.16570000000000001,0.36620864103132944,0.07400000000000001,0.06542092688181088,0.18720000000000003,0.15926825280172036,0.10310000000000001,0.027765182907148224,62.619389436270424,39.03538953521919,43.799005505469616,12.338235267513351,24.6,3.0,0.1067229212420336,0.1421175025229257,0.1892413672063533,9.277078371328116,32.07171314741036,26.08695652173913
FTV,Fortive,Industrials,Industrial Machinery & Supplies & Components,47.00894930359756,343,59,0.583904955709318,0.517988567887034,0.23980000000000004,0.12213451447477387,0.14840000000000003,0.3294489166548444,0.08180000000000001,0.00959685587380155,0.16570000000000001,0.3513467129822167,0.07400000000000001,0.05951023295182573,0.18720000000000003,0.09973088933608065,0.10310000000000001,0.028231877726456935,58.32872611667806,40.78987604451556,45.865002359913206,17.21281530175761,34.8,1.0,0.0944296168747309,0.1434172137126185,0.2609409190371991,9.694186765615337,31.872509960159363,29.26829268292683
WFC,Wells Fargo,Financials,Diversified Banks,47.00675791526025,344,67,0.6442999104296661,0.571515323896604,0.23980000000000004,0.013209318668084093,0.14840000000000003,0.2927891085684466,0.08180000000000001,0.19705032782881204,0.16570000000000001,0.3867093090609517,0.07400000000000001,0.019377210766294752,0.18720000000000003,0.06450393840532924,0.10310000000000001,0.026360786702081522,84.87819301885214,7.506489387310466,46.2328884564392,2.1933764179755673,36.2,5.0,0.0099123609182539,0.2832198744584917,0.2994872248253912,8.896084525845884,31.673306772908365,12.0
PEP,PepsiCo,Consumer Staples,Soft Drinks & Non-alcoholic Beverages,47.00358023111939,345,15,0.5490269001314586,0.48694289278245095,0.23980000000000004,0.135322697136956,0.14840000000000003,0.15028347141148132,0.08180000000000001,0.09769414965863543,0.16570000000000001,0.23815140091858555,0.07400000000000001,0.07468508951787677,0.18720000000000003,0.2817446048294015,0.10310000000000001,0.02211858652706334,58.7566098123182,43.07671346282076,43.64751210028159,24.54347010049212,22.1,3.0,0.2155380652292114,0.1232786071709193,0.0622389479343286,8.319713400464757,31.47410358565737,57.57575757575758
DVA,DaVita,Health Care,Health Care Services,46.98182564436508,346,41,0.5452146489800379,0.4831396004945877,0.23980000000000004,0.11650701752711555,0.14840000000000003,0.15936603384438014,0.08180000000000001,0.044028942461838416,0.16570000000000001,0.25908271670465177,0.07400000000000001,0.09537987428993629,0.18720000000000003,0.25702491528260507,0.10310000000000001,0.06861049988947271,61.9969048429439,49.378664873057794,39.155652375719185,12.948852589496791,22.6,2.0,0.2006881169750296,0.0746738118738893,0.0901078871517949,13.427697676456765,31.274900398406373,31.03448275862069
RSG,Republic Services,Industrials,Environmental & Facilities Services,46.896255862838096,347,60,0.551900404247757,0.48738677449099804,0.23980000000000004,0.13671032267130148,0.14840000000000003,0.13301023665485603,0.08180000000000001,0.09667949652901202,0.16570000000000001,0.348328739513022,0.07400000000000001,0.07225087989497872,0.18720000000000003,0.1773471078774399,0.10310000000000001,0.03567321685938978,58.32872611667806,45.02375272044494,42.91102904198479,17.21281530175761,20.9,3.0,0.1259990329645325,0.127765237020316,0.1717832957110609,10.206140350877194,31.07569721115538,28.048780487804876
DAL,Delta Air Lines,Industrials,Passenger Airlines,46.84981684572049,348,61,0.5763519236527881,0.5080317782430384,0.23980000000000004,0.10492408945663735,0.14840000000000003,0.25634430957866633,0.08180000000000001,0.039400142476334506,0.16570000000000001,0.2024369376054268,0.07400000000000001,0.08287927466023857,0.18720000000000003,0.31059910621153874,0.10310000000000001,0.003416140011157559,61.875797984462686,38.39956933747174,44.511678281491925,19.267118768031583,30.3,2.0,0.2288782567393797,0.0811864149415397,0.0069342511514906,4.313516024152346,30.87649402390438,26.829268292682926
DD,DuPont,Industrials,Industrial Conglomerates,46.82550594847603,349,62,0.5838062858144613,0.5141003256688115,0.23980000000000004,0.12217580220453074,0.14840000000000003,0.22259143594565847,0.08180000000000001,0.08640090092949336,0.16570000000000001,0.36211367091703783,0.07400000000000001,0.08172393995957263,0.18720000000000003,0.124042405736734,0.10310000000000001,0.0009518443069730684,58.32872611667806,32.82288873744412,47.410660758669984,17.21281530175761,28.6,3.0,0.0863681686529604,0.0786146234194612,0.2215503023639362,3.004338394793926,30.677290836653388,25.609756097560975
ADM,Archer Daniels Midland,Consumer Staples,Agricultural Products & Services,46.81948961523593,350,16,0.5753896698507068,0.5065662303234911,0.23980000000000004,0.1910674009408131,0.14840000000000003,0.28329834475911064,0.08180000000000001,0.08894707750614936,0.16570000000000001,0.053862331289850476,0.07400000000000001,0.09945040998556666,0.18720000000000003,0.2793567216403587,0.10310000000000001,0.0040177138781510875,48.63931950384051,28.365934772245428,52.774955208652166,36.508402728060595,31.8,3.0,0.4237300801464681,0.0400335082227415,0.0386667254530223,4.546108567691301,30.47808764940239,54.54545454545455
TAP,Molson Coors Beverage Company,Consumer Staples,Brewers,46.75975232862084,351,17,0.5522578196394571,0.48503603941285406,0.23980000000000004,0.20993375250577795,0.14840000000000003,0.1392700453823957,0.08180000000000001,0.04291306539477655,0.16570000000000001,0.34633502456590337,0.07400000000000001,0.0928989766849841,0.18720000000000003,0.13204564112441194,0.10310000000000001,0.03660349434175035,48.327625525216675,51.27581333959302,44.34659340635853,55.131684482480225,21.4,2.0,0.127119339874379,0.0748264169223316,0.2307120943000161,10.324639289678135,30.278884462151396,51.515151515151516
CARR,Carrier Global,Industrials,Building Products,46.55883557788138,352,63,0.5546255755293431,0.48319907055900196,0.23980000000000004,0.13537016177362865,0.14840000000000003,0.19223696372875243,0.08180000000000001,0.05384911206153482,0.16570000000000001,0.2874588476620483,0.07400000000000001,0.09043894276067296,0.18720000000000003,0.21346577610871395,0.10310000000000001,0.027180195904648777,58.32872611667806,43.514272582521464,42.85088863974799,17.21281530175761,23.25,2.0,0.1699400620785615,0.0788852149267831,0.1275389702409069,9.136950904392766,30.0796812749004,24.390243902439025
HSY,Hershey Company (The),Consumer Staples,Packaged Foods & Meats,46.558511696573326,353,18,0.5573900514883887,0.485601207145119,0.23980000000000004,0.16639829307114112,0.14840000000000003,0.2018097703727473,0.08180000000000001,0.0947845120007761,0.16570000000000001,0.24928608056949156,0.07400000000000001,0.05831479607789309,0.18720000000000003,0.21972365379317202,0.10310000000000001,0.009682894114778967,53.568890974867465,36.809199003428404,47.422539726425164,36.70847406061624,26.0,3.0,0.1994772509255673,0.1641961808283697,0.1182098413306612,6.080950714561309,29.8804780876494,48.484848484848484
CPT,Camden Property Trust,Real Estate,Multi-Family Residential REITs,46.453470078727136,354,28,0.5800711870302131,0.5032318540502576,0.23980000000000004,0.11631027945135324,0.14840000000000003,0.07145013972337609,0.08180000000000001,0.00972412889942648,0.16570000000000001,0.42770527644701317,0.07400000000000001,0.07173118589354854,0.18720000000000003,0.18577202005009144,0.10310000000000001,0.1173069695351911,59.60145217188153,66.25911274011804,32.521972456946095,15.594088699341498,16.1,1.0,0.042912693866977,0.1091871091871092,0.139109454617476,18.093462442676568,29.681274900398407,6.896551724137931
LUV,Southwest Airlines,Industrials,Passenger Airlines,46.43525598920952,355,64,0.5883619456884474,0.5100507445130096,0.23980000000000004,0.12029112365674233,0.14840000000000003,0.25252333614624184,0.08180000000000001,0.03780803752635655,0.16570000000000001,0.14802220961178378,0.07400000000000001,0.10008222346892649,0.18720000000000003,0.3405344375895525,0.10310000000000001,0.0007386320003964224,58.32872611667806,37.91096787749325,45.403021138951665,17.21281530175761,30.7,2.0,0.2799282916141026,0.0276328273244781,-0.0341555977229601,2.835526315789474,29.48207171314741,23.170731707317074
LEN,Lennar,Consumer Discretionary,Homebuilding,46.4301666102575,356,38,0.5716806591370688,0.49548834804997555,0.23980000000000004,0.08890223007037601,0.14840000000000003,0.18309410103858925,0.08180000000000001,0.04004665875972439,0.16570000000000001,0.1989363826944195,0.07400000000000001,0.10143697844859643,0.18720000000000003,0.36527983654900237,0.10310000000000001,0.022303812439292046,65.19150568012772,45.10099390069069,39.316175525216536,10.105798325241807,25.4,2.0,0.235594338582711,0.038385001672571,-0.0381919255121493,8.6307771918042,29.282868525896415,19.565217391304348
PCAR,Paccar,Industrials,Construction Machinery & Heavy Transportation Equipment,46.41538151692257,357,65,0.5755720080077429,0.4985646086213638,0.23980000000000004,0.05940527867427447,0.14840000000000003,0.21327146551236154,0.08180000000000001,0.08889073050872147,0.16570000000000001,0.2650042793717697,0.07400000000000001,0.07627285385830415,0.18720000000000003,0.2769312893220749,0.10310000000000001,0.02022410275249367,71.35244288437914,34.32720286850334,40.639338398439264,9.235195515920864,27.6,3.0,0.1715935161584444,0.0996462029761352,0.0409450488292896,8.336410162675927,29.083665338645417,21.951219512195124
GD,General Dynamics,Industrials,Aerospace & Defense,46.39247259060211,358,66,0.5895279140592812,0.5101831574047825,0.23980000000000004,0.1198157706045152,0.14840000000000003,0.3306667278931662,0.08180000000000001,0.08473192186175571,0.16570000000000001,0.18833619151338213,0.07400000000000001,0.07881360833007954,0.18720000000000003,0.19757407278905462,0.10310000000000001,6.17070080467642e-05,58.32872611667806,24.513718663862036,50.14946803224955,17.21281530175761,35.2,3.0,0.2342635839303226,0.0823045267489712,0.1167872853696608,1.886781268524007,28.884462151394423,20.73170731707317
LHX,L3Harris,Industrials,Aerospace & Defense,46.356071696414645,359,67,0.5618495971638158,0.48551888410056615,0.23980000000000004,0.131911477587473,0.14840000000000003,0.18732534260241393,0.08180000000000001,0.05247327657544591,0.16570000000000001,0.321652141578876,0.07400000000000001,0.08004532117918793,0.18720000000000003,0.20490938356582655,0.10310000000000001,0.02168305691077687,58.32872611667806,43.514272582521464,42.59730630780571,17.21281530175761,23.25,2.0,0.136964926172621,0.0996429178711103,0.1311001530351981,8.409937888198758,28.685258964143426,19.51219512195122
CF,CF Industries,Materials,Fertilizers & Agricultural Chemicals,46.27402684416263,360,4,0.6143696479780522,0.5291548186630893,0.23980000000000004,0.42318485466194555,0.14840000000000003,0.2109549183299583,0.08180000000000001,0.008668696362727562,0.16570000000000001,0.2580099927019435,0.07400000000000001,0.014156597930077617,0.18720000000000003,0.08467693710602259,0.10310000000000001,0.0003480029073247999,18.384955702590407,46.56884156909273,55.453677208153245,381.93514718805,29.3,1.0,0.1471620637128286,0.3271827182718271,0.2713771377137713,0.5427728613569321,28.48605577689243,87.5
ALB,Albemarle Corporation,Materials,Specialty Chemicals,46.26079041472569,361,5,0.6137043516142676,0.5283004459077929,0.23980000000000004,0.4241028730860833,0.14840000000000003,0.17424438263579517,0.08180000000000001,0.03475000575132104,0.16570000000000001,0.3003029549139647,0.07400000000000001,0.022801814579858228,0.18720000000000003,0.04332904511166751,0.10310000000000001,0.000468923921309939,18.384955702590407,43.3525488526805,56.057787662636805,381.93514718805,26.6,2.0,0.1096072044838462,0.275314300988979,0.3661224346976131,0.3900479650653909,28.286852589641434,83.33333333333333
FDX,FedEx,Industrials,Air Freight & Logistics,46.25641797722487,362,68,0.5697401260699743,0.4903680852296246,0.23980000000000004,0.3190624358161607,0.14840000000000003,0.11089009510060369,0.08180000000000001,0.04031992091968835,0.16570000000000001,0.18326695799253523,0.07400000000000001,0.09162889511469104,0.18720000000000003,0.2526372766922389,0.10310000000000001,0.002194418364081959,34.2811347230208,54.00531801433372,47.83672199627923,163.97569680479998,19.7,2.0,0.2527568048354003,0.0638621186067901,0.0716199464150038,3.7291040288635,28.08764940239044,18.29268292682927
STZ,Constellation Brands,Consumer Staples,Distillers & Vintners,46.23815370876375,363,19,0.5615381543648247,0.48295379132261596,0.23980000000000004,0.20060981467666802,0.14840000000000003,0.17945240551419883,0.08180000000000001,0.04150636929790325,0.16570000000000001,0.3581032728080449,0.07400000000000001,0.02870940936374096,0.18720000000000003,0.15023254627349558,0.10310000000000001,0.04138618206594841,48.63931950384051,46.14677983516144,45.32575289226087,36.508402728060595,24.7,2.0,0.1100336066797233,0.2687548814074896,0.1992025321659062,11.041150957368032,27.888446215139442,45.45454545454545
NTRS,Northern Trust,Financials,Asset Management & Custody Banks,46.19704813033018,364,68,0.6293705414327562,0.540398996412154,0.23980000000000004,0.031130015510097687,0.14840000000000003,0.1337509568389579,0.08180000000000001,0.03304155392472114,0.16570000000000001,0.40239895981950746,0.07400000000000001,0.00877824366290697,0.18720000000000003,0.36327403622177074,0.10310000000000001,0.02762623402203824,77.32373673190227,47.362565695376546,35.37132437815044,5.810434502439473,23.9,2.0,0.0121173113690565,0.3646322378716745,-0.1009849949369419,8.896084525845884,27.689243027888445,10.666666666666666
BG,Bunge Global,Consumer Staples,Agricultural Products & Services,46.17132590282722,365,20,0.5935809452345017,0.5091416374599105,0.23980000000000004,0.1406108537577226,0.14840000000000003,0.28493500853311177,0.08180000000000001,0.08357875592411149,0.16570000000000001,0.016107914256858983,0.07400000000000001,0.09810331420297169,0.18720000000000003,0.34366594377667287,0.10310000000000001,0.032998209548550594,54.546766468513944,27.00076673580082,49.79293606012286,34.02601805249366,32.9,3.0,0.5138942328245907,0.0282018218876086,-0.0427602845139553,10.505730659025788,27.49003984063745,42.42424242424242
ABBV,AbbVie,Health Care,Biotechnology,46.155184508336376,366,42,0.5715247949652822,0.4899047776808846,0.23980000000000004,0.10602711977085988,0.14840000000000003,0.2538552455471472,0.08180000000000001,0.09015413511957002,0.16570000000000001,0.32514583888279663,0.07400000000000001,0.0414195139752208,0.18720000000000003,0.15667916110961438,0.10310000000000001,0.026718985594791238,61.9969048429439,30.93772729238931,45.50780557799195,12.948852589496791,29.9,3.0,0.1257447359656588,0.2126545026486168,0.1832842848734549,9.302591573765746,27.290836653386453,29.310344827586206
PG,Procter & Gamble,Consumer Staples,Personal Care Products,46.15453072597227,367,21,0.5694992933985341,0.48815569796251457,0.23980000000000004,0.18232685999505813,0.14840000000000003,0.23391582579731787,0.08180000000000001,0.09079656638492017,0.16570000000000001,0.2754252890254803,0.07400000000000001,0.06251237505193548,0.18720000000000003,0.15003939252148465,0.10310000000000001,0.004983691223803417,50.34146231883433,32.82288873744412,49.39953145768115,47.155604414261454,28.6,3.0,0.1675927316413876,0.1435578192793812,0.1937370307489153,4.857859867496487,27.09163346613546,39.39393939393939
MDT,Medtronic,Health Care,Health Care Equipment,46.130147206197975,368,43,0.5669800712453162,0.48551968852857713,0.23980000000000004,0.1077336883836928,0.14840000000000003,0.14998506786904076,0.08180000000000001,0.09160521874463365,0.16570000000000001,0.3586888354673499,0.07400000000000001,0.06071192857607741,0.18720000000000003,0.2002591634710223,0.10310000000000001,0.031016097488183125,61.9969048429439,41.940794057898,41.23997839405423,12.948852589496791,22.8,3.0,0.104559192334898,0.1506765067650676,0.1322263222632226,9.8397913561848,26.89243027888446,27.586206896551722
HCA,HCA Healthcare,Health Care,Health Care Facilities,46.078083207127534,369,44,0.5583757691979945,0.4771507892195319,0.23980000000000004,0.11107951874599649,0.14840000000000003,0.24674352585022566,0.08180000000000001,0.09445015542896665,0.16570000000000001,0.12906437147069502,0.07400000000000001,0.08718144791937682,0.18720000000000003,0.28016299127320576,0.10310000000000001,0.05131798931153344,61.9969048429439,32.527286876072225,44.61125426396877,12.948852589496791,28.8,3.0,0.3198418972332015,0.0839841819080573,0.0545724172021749,12.064651969284125,26.693227091633467,25.862068965517242
VZ,Verizon,Communication Services,Integrated Telecommunication Services,46.073881752451186,370,19,0.5673943370019273,0.4847754750310722,0.23980000000000004,0.1040811222665071,0.14840000000000003,0.10074584353708439,0.08180000000000001,0.09147150203595994,0.16570000000000001,0.3874078843265368,0.07400000000000001,0.07396542285126967,0.18720000000000003,0.1800449043323966,0.10310000000000001,0.06228332065024538,62.619389436270424,48.56480975823982,38.097498206855505,12.338235267513351,18.7,3.0,0.0835060192205487,0.1119609961171284,0.1563074767173678,13.326730251895327,26.49402390438247,21.73913043478261
AVY,Avery Dennison,Materials,Paper & Plastic Packaging Products & Materials,46.07287602615439,371,6,0.5802891268465616,0.4957725728799045,0.23980000000000004,0.47435201963617046,0.14840000000000003,0.07139648058883603,0.08180000000000001,0.00971682606778865,0.16570000000000001,0.16328231044985594,0.07400000000000001,0.08113363519909922,0.18720000000000003,0.17913467499980118,0.10310000000000001,0.02098405305844852,18.384955702590407,66.25911274011804,48.46179245853372,381.93514718805,16.1,1.0,0.2673490876328387,0.0828697876487068,0.1473060213569369,8.520740740740742,26.294820717131476,79.16666666666667
CVX,Chevron Corporation,Energy,Integrated Oil & Gas,46.04198125153689,372,8,0.5980676321817497,0.5103267196749601,0.23980000000000004,0.22097869918768284,0.14840000000000003,0.3473565491537012,0.08180000000000001,0.08232944864044096,0.16570000000000001,0.21245712618964527,0.07400000000000001,0.046359395851094116,0.18720000000000003,0.09049155962274988,0.10310000000000001,2.722135468570691e-05,42.58823272464943,23.28552187596269,56.02297009022058,86.06438929150731,36.6,3.0,0.2035500628530752,0.179645530439441,0.2692748403994107,1.2393852565772336,26.095617529880478,65.0
INTC,Intel,Information Technology,Semiconductors,46.04183650396192,373,73,0.5905185091088854,0.5038821725456054,0.23980000000000004,0.1381396281347002,0.14840000000000003,0.09501025799759845,0.08180000000000001,0.08444788462827946,0.16570000000000001,0.36269606534316284,0.07400000000000001,0.21220943569996875,0.18720000000000003,0.08916487020165799,0.10310000000000001,0.018331857994632317,55.18039068768097,48.245540812449796,42.16668430384818,32.39347012150143,18.9,3.0,0.0796684433335473,-0.6840897817460317,0.2759176587301587,-5.17775639263129,25.89641434262948,0.0
RJF,Raymond James Financial,Financials,Investment Banking & Brokerage,45.990619084659215,374,69,0.6296625884389729,0.5361767116373664,0.23980000000000004,0.013830592279391008,0.14840000000000003,0.17053976723828693,0.08180000000000001,0.03301091069056233,0.16570000000000001,0.36533702468185086,0.07400000000000001,0.04836040510812205,0.18720000000000003,0.34132068696476625,0.10310000000000001,0.027600613037020633,84.87819301885214,42.78342057187967,32.14001302579318,2.1933764179755673,27.0,2.0,0.0410136146099727,0.1539456662354463,-0.0796895213454075,8.896084525845884,25.697211155378486,9.333333333333334
CLX,Clorox,Consumer Staples,Household Products,45.93343456535906,375,22,0.5447580408289062,0.4628111222011442,0.23980000000000004,0.21315887456293403,0.14840000000000003,0.14581900213808321,0.08180000000000001,0.04410278221429203,0.16570000000000001,0.20346571423118448,0.07400000000000001,0.09172404972903042,0.18720000000000003,0.22339710018803713,0.10310000000000001,0.0783324769364386,48.63931950384051,50.957600138070255,42.47950196033884,36.508402728060595,21.6,2.0,0.249935848088273,0.0836755646817248,0.1252566735112936,14.234104046242775,25.49800796812749,36.36363636363637
HII,Huntington Ingalls Industries,Industrials,Aerospace & Defense,45.86939564390892,376,69,0.5730848697151235,0.48562281798250484,0.23980000000000004,0.1267899549411381,0.14840000000000003,0.1800523516397093,0.08180000000000001,0.050435977932268096,0.16570000000000001,0.1654221049176062,0.07400000000000001,0.09175837917508668,0.18720000000000003,0.36997274457962803,0.10310000000000001,0.015568486814563555,58.32872611667806,43.514272582521464,41.84856485195835,17.21281530175761,23.25,2.0,0.2695158492351364,0.0608543007606787,-0.0438853130485664,7.472222222222222,25.298804780876495,17.073170731707318
UHS,Universal Health Services,Health Care,Health Care Facilities,45.787293961940705,377,45,0.5793183088445563,0.489284148368802,0.23980000000000004,0.10319356319512604,0.14840000000000003,0.30095896843388037,0.08180000000000001,0.08774478133395616,0.16570000000000001,0.14314933495698975,0.07400000000000001,0.0834949765961275,0.18720000000000003,0.26909854423921126,0.10310000000000001,0.012359831244708904,61.9969048429439,26.881824965247564,46.57471279105775,12.948852589496791,33.0,3.0,0.2910492971472599,0.0772846210833434,0.0453467994476944,6.879195639862447,25.099601593625497,24.137931034482758
BNY,BNY Mellon,Financials,Asset Management & Custody Banks,45.772692039715146,378,70,0.6589886303060559,0.5562452713817945,0.23980000000000004,0.0126270155717406,0.14840000000000003,0.10764423250736838,0.08180000000000001,0.03814367100510395,0.16570000000000001,0.3701500688941228,0.07400000000000001,0.015164096072458071,0.18720000000000003,0.43107218522475527,0.10310000000000001,0.025198730724451085,84.87819301885214,47.852591325589685,32.31914409953323,2.1933764179755673,20.45,2.0,0.0095028289437363,0.3058470764617691,-0.6802848575712144,8.896084525845884,24.900398406374503,8.0
WYNN,Wynn Resorts,Consumer Discretionary,Casinos & Gaming,45.74754957573133,379,39,0.5662152485994991,0.47745235382498935,0.23980000000000004,0.09062677636945045,0.14840000000000003,0.191080796456687,0.08180000000000001,0.04082349323395197,0.16570000000000001,0.31141146966888433,0.07400000000000001,0.08813780887072326,0.18720000000000003,0.16022327864297597,0.10310000000000001,0.11769637675732712,65.19150568012772,44.65840510001136,37.41614434562872,10.105798325241807,25.7,2.0,0.1411125342772585,0.0754265231971212,0.1825063155213462,17.72396208582208,24.701195219123505,17.391304347826086
FANG,Diamondback Energy,Energy,Oil & Gas Exploration & Production,45.67178240321358,380,9,0.6331676659638824,0.5322813290006331,0.23980000000000004,0.300225493542212,0.14840000000000003,0.29651216399077474,0.08180000000000001,0.041318150577332145,0.16570000000000001,0.31660941794026554,0.07400000000000001,0.011541821173694984,0.18720000000000003,0.032908666506531375,0.10310000000000001,0.0008842862691892084,29.15357779849127,30.620170646563455,56.0792504573154,165.60683519225,33.8,2.0,0.0786835284400011,0.3406334841628959,0.3900452488687783,3.072566371681416,24.50199203187251,60.0
ZBH,Zimmer Biomet,Health Care,Health Care Equipment,45.52850091273401,381,46,0.5747090461565174,0.4803547133992927,0.23980000000000004,0.1048554602015588,0.14840000000000003,0.18982986894393797,0.08180000000000001,0.039625724887769505,0.16570000000000001,0.361245072757258,0.07400000000000001,0.07964185252016252,0.18720000000000003,0.1787089478108936,0.10310000000000001,0.04609307287841963,61.9969048429439,44.219376777987094,39.14075755444436,12.948852589496791,26.0,2.0,0.0954916702488836,0.0910886541111621,0.1522278364722094,11.805277221108884,24.302788844621514,22.413793103448278
GEHC,GE HealthCare,Health Care,Health Care Equipment,45.524187447014775,382,47,0.5787896195612293,0.48368121370679534,0.23980000000000004,0.1033821714442536,0.14840000000000003,0.1555138750703171,0.08180000000000001,0.049446648921840426,0.16570000000000001,0.2967823778506285,0.07400000000000001,0.07324656255775579,0.18720000000000003,0.30191372039082187,0.10310000000000001,0.019714643764382714,61.9969048429439,45.89063136171221,38.705277047514244,12.948852589496791,21.7,2.0,0.1421360683026365,0.1057801284472988,0.0128447298828862,8.287487073422957,24.10358565737052,20.689655172413794
MO,Altria,Consumer Staples,Tobacco,45.426545882399644,383,23,0.5895800942377927,0.4907621779726235,0.23980000000000004,0.18198060010558065,0.14840000000000003,0.2614068531351271,0.08180000000000001,0.0847169243026485,0.16570000000000001,0.2649345689189778,0.07400000000000001,0.0034557306704591367,0.18720000000000003,0.1920457337888192,0.10310000000000001,0.011459589078387376,48.63931950384051,29.018442834996577,49.99806818810379,36.508402728060595,31.3,3.0,0.160484209264697,0.4290515309932786,0.1235997012696041,6.771341463414634,23.904382470119522,33.333333333333336
TXT,Textron,Industrials,Aerospace & Defense,45.21232298178358,384,70,0.5929663157610333,0.4893323835685207,0.23980000000000004,0.11843026086888096,0.14840000000000003,0.29780530255238663,0.08180000000000001,0.03722316003933908,0.16570000000000001,0.20861359594622006,0.07400000000000001,0.08424353671899742,0.18720000000000003,0.248394078967306,0.10310000000000001,0.0052900649068696425,58.32872611667806,34.6942257513904,44.606588663227875,17.21281530175761,33.6,2.0,0.2110400352928201,0.0648027175333159,0.0546119675986412,5.102088167053364,23.705179282868524,15.853658536585366
CAT,Caterpillar Inc.,Industrials,Construction Machinery & Heavy Transportation Equipment,45.11860377770622,385,71,0.5998538786616568,0.49314651847107077,0.23980000000000004,0.08233875582650571,0.14840000000000003,0.3377848107504129,0.08180000000000001,0.14549307907120201,0.16570000000000001,0.2145135940953096,0.07400000000000001,0.04737392226344224,0.18720000000000003,0.15937303430989763,0.10310000000000001,0.013122803683229982,64.8501859267942,14.003843990816081,48.419641553816504,15.295985712894902,36.2,4.0,0.2002066095566665,0.1749014262765905,0.1586915250937058,7.239216424938784,23.50597609561753,14.634146341463415
EFX,Equifax,Industrials,Research & Consulting Services,45.09474749033014,386,72,0.5690686060527675,0.4673870699365993,0.23980000000000004,0.1285859381593838,0.14840000000000003,0.1541560711185481,0.08180000000000001,0.0909340532525096,0.16570000000000001,0.30731758828464206,0.07400000000000001,0.07490042159370401,0.18720000000000003,0.20884363228100825,0.10310000000000001,0.035262295310204306,58.32872611667806,41.29260492045961,40.95695847284854,17.21281530175761,23.2,3.0,0.1418902001368742,0.108170107640727,0.1204635021469325,10.425113166699468,23.306772908366533,13.414634146341463
MS,Morgan Stanley,Financials,Investment Banking & Brokerage,45.065305481395946,387,71,0.6584474205142115,0.5401528926107177,0.23980000000000004,0.01836339334057561,0.14840000000000003,0.12946188649915283,0.08180000000000001,0.030187773655117874,0.16570000000000001,0.3679373046121064,0.07400000000000001,0.01895244609553239,0.18720000000000003,0.40985702393693413,0.10310000000000001,0.02524017186058072,81.77896762906832,46.29759839709624,32.14079574569399,4.11210018105009,24.6,2.0,0.011870640819984,0.2806779320056327,-0.1793401730034198,8.896084525845884,23.10756972111554,6.666666666666667
IQV,IQVIA,Health Care,Life Sciences Tools & Services,45.04105432257194,388,48,0.571606069680046,0.46845403815933667,0.23980000000000004,0.10599697064635004,0.14840000000000003,0.10355879520901672,0.08180000000000001,0.04005711090004643,0.16570000000000001,0.2992714704861843,0.07400000000000001,0.09313665818364611,0.18720000000000003,0.24089958012136373,0.10310000000000001,0.11707941445339279,61.9969048429439,54.976247279555054,32.592160569974254,12.948852589496791,19.1,2.0,0.1461798467253438,0.0586080586080586,0.0824175824175824,17.835443037974684,22.90836653386454,18.96551724137931
SLB,Schlumberger,Energy,Oil & Gas Equipment & Services,44.85371057150851,389,10,0.594789865220986,0.4837774715574086,0.23980000000000004,0.34021848389856196,0.14840000000000003,0.1080385817355934,0.08180000000000001,0.00924881676238289,0.16570000000000001,0.2591187731157617,0.07400000000000001,0.07556490313895188,0.18720000000000003,0.20161921008647807,0.10310000000000001,0.006191231262270254,29.15357779849127,59.335963975296735,44.6916201421959,165.60683519225,20.3,1.0,0.1615645033494201,0.0876058849754792,0.1074453856442264,5.408821947283486,22.709163346613547,55.0
BLDR,Builders FirstSource,Industrials,Building Products,44.79281159270811,390,73,0.5701966232581349,0.46263377384794574,0.23980000000000004,0.1280776795283594,0.14840000000000003,0.1818810283696688,0.08180000000000001,0.050948223944928046,0.16570000000000001,0.10741459385614134,0.07400000000000001,0.11929524057473166,0.18720000000000003,0.31646142299916574,0.10310000000000001,0.09592181072700506,58.32872611667806,43.514272582521464,39.35742844575788,17.21281530175761,23.25,2.0,0.3410997130029303,-0.0010096961901832,0.007761456945001,16.249494633964186,22.50996015936255,12.195121951219512
WBD,Warner Bros. Discovery,Communication Services,Broadcasting,44.719904319821474,391,20,0.5961943535635056,0.48230297215165174,0.23980000000000004,0.09426842324532655,0.14840000000000003,0.1643938793609039,0.08180000000000001,0.04660179166580112,0.16570000000000001,0.343063327324431,0.07400000000000001,0.10167970631398766,0.18720000000000003,0.23595225160753067,0.10310000000000001,0.014040620482019211,62.619389436270424,43.740995591855174,38.061598009210115,12.338235267513351,23.1,2.0,0.089636804870023,0.0170930365951588,0.0656189055867844,7.400309917355372,22.310756972111555,17.391304347826086
STT,State Street Corporation,Financials,Asset Management & Custody Banks,44.65638248090424,392,72,0.6638305394846835,0.5356402743912534,0.23980000000000004,0.035421337517701566,0.14840000000000003,0.12224568740634098,0.08180000000000001,0.007425040699848862,0.16570000000000001,0.36456742718034796,0.07400000000000001,0.020701300060362818,0.18720000000000003,0.42480672952680554,0.10310000000000001,0.02483247760859232,74.48678922447954,53.52611621946517,31.53602923637693,7.241291996047431,24.1,1.0,0.0096753915689288,0.2677865612648221,-0.7413537549407114,8.896084525845884,22.111553784860558,5.333333333333333
BSX,Boston Scientific,Health Care,Health Care Equipment,44.583903944213944,393,49,0.6050263275698435,0.48676174599054955,0.23980000000000004,0.09461033286033636,0.14840000000000003,0.13520393498019162,0.08180000000000001,0.03575400855861443,0.16570000000000001,0.2963619735303573,0.07400000000000001,0.04881035584633729,0.18720000000000003,0.3731386263402386,0.10310000000000001,0.016120767883924317,61.9969048429439,48.597852947230365,36.500408624417936,12.948852589496791,23.1,2.0,0.1203556263269639,0.1666666666666666,-0.0828739434031606,7.915949702183984,21.91235059760956,17.24137931034483
DE,Deere & Company,Industrials,Agricultural & Farm Machinery,44.378354094322255,394,74,0.5775807437154218,0.4608292751014855,0.23980000000000004,0.12482377752948257,0.14840000000000003,0.11121119268769528,0.08180000000000001,0.03923267088669962,0.16570000000000001,0.33233182084154167,0.07400000000000001,0.07149093111879144,0.18720000000000003,0.21536311958594664,0.10310000000000001,0.10554648734984265,58.32872611667806,53.5210066215746,34.011993881980175,17.21281530175761,20.0,2.0,0.1147880714079939,0.1116418393782383,0.1056509067357513,17.172143974960875,21.713147410358566,10.975609756097562
META,Meta Platforms,Communication Services,Interactive Media & Services,44.27981068686083,395,21,0.6318724356126388,0.5021374150388185,0.23980000000000004,0.078045947401626,0.14840000000000003,0.270124425024374,0.08180000000000001,0.1311216654615758,0.16570000000000001,0.25621027214863473,0.07400000000000001,0.02415417917160514,0.18720000000000003,0.23988196050142777,0.10310000000000001,0.0004615502907566894,63.95209752188343,16.766453953042966,45.72575006756821,16.399997532935313,34.1,4.0,0.1351265457066913,0.2606536076709265,0.0287166329501159,2.633790307009075,21.51394422310757,13.043478260869565
CRL,Charles River Laboratories,Health Care,Life Sciences Tools & Services,44.22069328756034,396,50,0.5795606224464119,0.4594638054372727,0.23980000000000004,0.10310729102377772,0.14840000000000003,0.1551003828910373,0.08180000000000001,0.049315176391742835,0.16570000000000001,0.30679181298934266,0.07400000000000001,0.11567788183750702,0.18720000000000003,0.17902620438090533,0.10310000000000001,0.09098125048568703,61.9969048429439,45.89063136171221,35.351343780315,12.948852589496791,21.7,2.0,0.1333057183577852,-0.0014759809496871,0.1480163891649852,16.10053050397878,21.314741035856574,15.517241379310345
OXY,Occidental Petroleum,Energy,Oil & Gas Exploration & Production,44.08816515338889,397,11,0.6679312381409573,0.5266838911485111,0.23980000000000004,0.3204083716278156,0.14840000000000003,0.332636873844266,0.08180000000000001,0.029336599763300227,0.16570000000000001,0.2625974544080693,0.07400000000000001,0.0073521399068636,0.18720000000000003,0.04766833640427406,0.10310000000000001,2.2404541127056975e-07,22.792570550155254,29.924358856228594,56.31558520470315,399.9019203347,41.7,2.0,0.1003633739017895,0.369125852448853,0.3325480471171729,1.473594548551959,21.115537848605577,50.0
JPM,JPMorgan Chase,Financials,Diversified Banks,44.06107732159252,398,73,0.6891874465834888,0.54284816222797,0.23980000000000004,0.01154467849518407,0.14840000000000003,0.16763876105010517,0.08180000000000001,0.061998486534681804,0.16570000000000001,0.33729445220348514,0.07400000000000001,0.0043624167263904765,0.18720000000000003,0.39412240828893086,0.10310000000000001,0.023038796701222664,84.87819301885214,31.796831496232453,34.29794215964956,2.1933764179755673,29.3,3.0,0.0105386386508341,0.4002686747899796,-0.4783735714826307,8.896084525845884,20.916334661354583,4.0
TTWO,Take-Two Interactive,Communication Services,Interactive Home Entertainment,43.970694348549,399,22,0.6280679490962116,0.4928953428698141,0.23980000000000004,0.08494321553208778,0.14840000000000003,0.14813173113512942,0.08180000000000001,0.04199185578131374,0.16570000000000001,0.22485740545512722,0.07400000000000001,0.10648230709186828,0.18720000000000003,0.39152527817802524,0.10310000000000001,0.002068206826448308,62.619389436270424,43.740995591855174,37.571839416762295,12.338235267513351,23.1,2.0,0.1692261865360429,-0.0222309146619727,-0.1263446117739096,3.885598923283984,20.717131474103585,8.695652173913043
MRK,Merck & Co.,Health Care,Pharmaceuticals,43.86189380876845,400,51,0.6210472291126989,0.4852373808403581,0.23980000000000004,0.05601196122373756,0.14840000000000003,0.11012659413067263,0.08180000000000001,0.07634956157284063,0.16570000000000001,0.2729682991144981,0.07400000000000001,0.13347415473112664,0.18720000000000003,0.0837629976134369,0.10310000000000001,0.2673064316136875,69.98485616859243,44.212978360712796,33.300640082633876,10.269159149756128,21.4,3.0,0.1279410178579683,-0.0803877882820497,0.2695851147106641,33.02245614035088,20.51792828685259,13.793103448275861
AMZN,Amazon,Consumer Discretionary,Broadline Retail,43.80930821940743,401,40,0.6280223151396105,0.48964022867075074,0.23980000000000004,0.09769889153592029,0.14840000000000003,0.22019457766386752,0.08180000000000001,0.07466303734683989,0.16570000000000001,0.19768782878441218,0.07400000000000001,0.04529868591931026,0.18720000000000003,0.3639245361273639,0.10310000000000001,0.0005324426222859869,59.913761658596044,29.962100895260047,42.63898154370502,22.43566789151549,30.6,3.0,0.198028648418664,0.1666767666194723,-0.1001052231446845,0.2896658218499807,20.318725099601593,15.217391304347826
BF-B,Brown–Forman,Consumer Staples,Distillers & Vintners,43.668024203721096,402,24,0.5926696361856252,0.4594319949181339,0.23980000000000004,0.18008824316738722,0.14840000000000003,0.19823926923253493,0.08180000000000001,0.09839083837001716,0.16570000000000001,0.31362932635498497,0.07400000000000001,0.04353357417956993,0.18720000000000003,0.15028231439547646,0.10310000000000001,0.01583643430002946,48.63931950384051,32.76565807440969,45.64326727482505,36.508402728060595,25.4,3.0,0.1164217252396166,0.1931942919868276,0.1767288693743139,7.729241877256317,20.1195219123506,30.303030303030305
SOLV,Solventum,Health Care,Health Care Technology,43.618422953647425,403,52,0.584501747618381,0.45218750131456176,0.23980000000000004,0.1013714104029514,0.14840000000000003,0.1524891635847207,0.08180000000000001,0.04848492221513649,0.16570000000000001,0.2757753490210966,0.07400000000000001,0.09572784074112531,0.18720000000000003,0.2458805918548674,0.10310000000000001,0.08027072218010207,61.9969048429439,45.89063136171221,33.94013177393799,12.948852589496791,21.7,2.0,0.1550937302534578,0.0416478044363965,0.0651878678134902,15.331147540983606,19.9203187250996,12.068965517241379
GE,GE Aerospace,Industrials,Aerospace & Defense,43.56819976665624,404,75,0.6402228351145962,0.4942843620105964,0.23980000000000004,0.13597395529451164,0.14840000000000003,0.3620525248091061,0.08180000000000001,0.07184449292842693,0.16570000000000001,0.28132459123651016,0.07400000000000001,0.04095261017961572,0.18720000000000003,0.10711909181850293,0.10310000000000001,0.0007327337333266196,51.79029918955853,21.338905312061712,49.31556390696014,42.14114474078514,40.5,3.0,0.1045491572153643,0.1775546898411747,0.2142643092598142,2.9474316611595075,19.721115537848604,9.75609756097561
EQIX,Equinix,Real Estate,Data Center REITs,43.38353666382926,405,29,0.6497250988286509,0.4978653025194301,0.23980000000000004,0.09270889386524947,0.14840000000000003,0.042450638914670435,0.08180000000000001,0.007750933437022585,0.16570000000000001,0.3169951542460517,0.07400000000000001,0.0386317338809254,0.18720000000000003,0.4375830820112881,0.10310000000000001,0.06387956364479232,59.60145217188153,70.01403263576809,26.524347600258682,15.594088699341498,13.9,1.0,0.0639059304703476,0.1824761904761905,-0.1946666666666666,15.215272136474413,19.52191235059761,3.4482758620689653
ABT,Abbott Laboratories,Health Care,Health Care Equipment,43.34622909131004,406,53,0.5966560778264782,0.4565060828849792,0.23980000000000004,0.09728345345129744,0.14840000000000003,0.16023933801060855,0.08180000000000001,0.08271945542141497,0.16570000000000001,0.3281737888438754,0.07400000000000001,0.07205166860422912,0.18720000000000003,0.22140898144220647,0.10310000000000001,0.038123314226368124,61.9969048429439,38.7150446059699,37.100026028654696,12.948852589496791,24.8,3.0,0.1010966322252306,0.0964707989967753,0.0820494446434969,11.230008244023082,19.322709163346612,10.344827586206897
HLT,Hilton Worldwide,Consumer Discretionary,"Hotels, Resorts & Cruise Lines",43.2726357803151,407,41,0.580883793485843,0.4431084216932136,0.23980000000000004,0.3305672723145188,0.14840000000000003,0.08514531059328699,0.08180000000000001,0.038787765958270444,0.16570000000000001,0.2317834913278343,0.07400000000000001,0.05986006158051953,0.18720000000000003,0.1924317358883735,0.10310000000000001,0.0614243623371964,31.798394598716794,57.41026434827967,41.948429702181556,198.815324753,17.6,2.0,0.1973653119092627,0.144268183178689,0.13020053876085,13.524122807017545,19.12350597609562,13.043478260869565
BDX,Becton Dickinson,Health Care,Health Care Equipment,43.197969770748585,408,54,0.5953684117952762,0.4527779473971432,0.23980000000000004,0.09770471887863594,0.14840000000000003,0.14821639806941944,0.08180000000000001,0.08307765453443017,0.16570000000000001,0.3331808193679551,0.07400000000000001,0.07963497245332872,0.18720000000000003,0.2057153173230978,0.10310000000000001,0.05247011937313277,61.9969048429439,40.32255872349825,36.023377274511574,12.948852589496791,23.8,3.0,0.0982239656225976,0.0756572345976319,0.1019466185029099,12.89031224979984,18.92430278884462,8.620689655172415
PKG,Packaging Corporation of America,Materials,Paper & Plastic Packaging Products & Materials,43.113923916979964,409,7,0.6160868670359319,0.4669318775454474,0.23980000000000004,0.4208290559290175,0.14840000000000003,0.08453876604249941,0.08180000000000001,0.008620439191700576,0.16570000000000001,0.17968219998366677,0.07400000000000001,0.07387052489699934,0.18720000000000003,0.21874996933612204,0.10310000000000001,0.013709044619994568,18.384955702590407,62.08702446653645,44.1301328671371,381.93514718805,18.6,1.0,0.226036040125278,0.0771516928390698,0.0683159966263705,7.524754588134869,18.725099601593627,75.0
BRK-B,Berkshire Hathaway,Financials,Multi-Sector Holdings,43.0875864481168,410,74,0.6097065754523661,0.4616002579795668,0.23980000000000004,0.2547980760321869,0.14840000000000003,0.10690865153209805,0.08180000000000001,0.008801800840600586,0.16570000000000001,0.3235599008051552,0.07400000000000001,0.03520584840173468,0.18720000000000003,0.24128877636664228,0.10310000000000001,0.029436946021582366,37.15158036535352,58.7008809973717,38.67558686771293,131.2330191542,20.7,1.0,0.093332045466961,0.2177291428086694,0.0472494380116214,8.896084525845884,18.52589641434263,2.6666666666666665
HAL,Halliburton,Energy,Oil & Gas Equipment & Services,43.019622581047685,411,12,0.6035187426431126,0.45565069424162,0.23980000000000004,0.33044828387795067,0.14840000000000003,0.166883087129532,0.08180000000000001,0.03593285810940585,0.16570000000000001,0.19171637070306755,0.07400000000000001,0.07142681625336479,0.18720000000000003,0.19929234756695294,0.10310000000000001,0.004300236359726129,29.15357779849127,44.80554584410919,47.445532505589654,165.60683519225,25.6,2.0,0.2212327706365185,0.0934546727336366,0.1030801540077003,4.805451127819549,18.326693227091635,45.0
SJM,J.M. Smucker Company (The),Consumer Staples,Packaged Foods & Meats,42.93552454223499,412,25,0.5956998979047015,0.4482068288741951,0.23980000000000004,0.17826072392306366,0.14840000000000003,0.24314119432453804,0.08180000000000001,0.03688232029119558,0.16570000000000001,0.286133228903898,0.07400000000000001,0.05635894351628456,0.18720000000000003,0.16651565288933293,0.10310000000000001,0.03270793615168724,48.63931950384051,38.153999470266086,42.6526918705631,36.508402728060595,30.5,2.0,0.1369667719956551,0.1461271572117334,0.1519848600910197,10.498039830641368,18.127490039840637,27.272727272727273
STLD,Steel Dynamics,Materials,Steel,42.886149492473166,413,8,0.6418099662965565,0.4819279021771766,0.23980000000000004,0.3877722322135789,0.14840000000000003,0.2452047532240911,0.08180000000000001,0.007943289325989379,0.16570000000000001,0.07630499911022304,0.07400000000000001,0.06487727052852055,0.18720000000000003,0.21566686224461504,0.10310000000000001,0.00223059335298211,18.384955702590407,42.484746130767995,51.53558420730929,381.93514718805,33.0,1.0,0.3559524907939095,0.087676598938498,0.0499205703894751,4.031689693097425,17.92828685258964,70.83333333333333
UAL,United Airlines Holdings,Industrials,Passenger Airlines,42.86277321612848,414,76,0.5952930231912723,0.44657242373186995,0.23980000000000004,0.1175062988618257,0.14840000000000003,0.214084092957513,0.08180000000000001,0.03693275465302515,0.16570000000000001,0.20903805288764432,0.07400000000000001,0.09079102152057007,0.18720000000000003,0.2832213556793054,0.10310000000000001,0.048426423440116266,58.32872611667806,40.58398598567025,36.871477183070795,17.21281530175761,28.6,2.0,0.208965460156795,0.0455522861023087,0.0151086464463558,12.4412213740458,17.729083665338646,8.536585365853659
MKC,McCormick & Company,Consumer Staples,Packaged Foods & Meats,42.79047328363363,415,26,0.5910435232349712,0.4420772822652198,0.23980000000000004,0.1810805446048863,0.14840000000000003,0.18086561428436193,0.08180000000000001,0.03746574398241544,0.16570000000000001,0.31399600480733125,0.07400000000000001,0.08013467229473673,0.18720000000000003,0.1530014905877133,0.10310000000000001,0.053455929438554935,48.63931950384051,44.07384886333725,39.75138027663654,36.508402728060595,26.1,2.0,0.1175328182750605,0.0775069709800681,0.1740679541464422,12.913299663299664,17.529880478087648,24.242424242424242
HONA,Honeywell Aerospace,Industrials,Aerospace & Defense,42.781590991655754,416,77,0.5857123085961872,0.4379308138659768,0.23980000000000004,0.12138192795312042,0.14840000000000003,0.1723725005239356,0.08180000000000001,0.048284710271108366,0.16570000000000001,0.19159010113681946,0.07400000000000001,0.0903264508012127,0.18720000000000003,0.21499922353890222,0.10310000000000001,0.16104508577490134,58.32872611667806,43.514272582521464,34.970246018610354,17.21281530175761,23.25,2.0,0.2334417428114191,0.0544007076514816,0.0990712074303405,21.13142857142857,17.330677290836654,7.317073170731708
KVUE,Kenvue,Consumer Staples,Personal Care Products,42.76024784013624,417,27,0.594129506069039,0.44383708821268775,0.23980000000000004,0.17920432005008988,0.14840000000000003,0.19726625583782986,0.08180000000000001,0.0979079088070657,0.16570000000000001,0.2750089263293462,0.07400000000000001,0.06636231778216056,0.18720000000000003,0.16312941830067304,0.10310000000000001,0.02112085289283484,48.63931950384051,32.76565807440969,44.10417583332045,36.508402728060595,25.4,3.0,0.1479334206096876,0.1152970922882427,0.1577749683944374,8.711583924349881,17.131474103585656,21.21212121212121
BIIB,Biogen,Health Care,Biotechnology,42.52121114373829,418,55,0.6029923766916618,0.44607700818973556,0.23980000000000004,0.09524966869313561,0.14840000000000003,0.12571764121408166,0.08180000000000001,0.08099014214489007,0.16570000000000001,0.34080889615750676,0.07400000000000001,0.09221768926993609,0.18720000000000003,0.19213496193192664,0.10310000000000001,0.07288100058852304,61.9969048429439,42.91437305414284,33.48790349293573,12.948852589496791,22.2,3.0,0.0852692401189281,0.0356359649122807,0.1125730994152046,15.096051464063889,16.932270916334662,6.896551724137931
CHTR,Charter Communications,Communication Services,Cable & Satellite,42.376859245720986,419,23,0.6076676169325272,0.4468872181185328,0.23980000000000004,0.09074229815227677,0.14840000000000003,0.15324123332602704,0.08180000000000001,0.035443867157261236,0.16570000000000001,0.33355876230246084,0.07400000000000001,0.06977569126798938,0.18720000000000003,0.21684958060495926,0.10310000000000001,0.10038856718902554,62.619389436270424,46.14677983516144,31.160464624123417,12.338235267513351,24.7,2.0,0.0869179657880193,0.0955197397604613,0.0779239982256395,17.580592105263158,16.733067729083665,4.3478260869565215
PSKY,Paramount Skydance Corporation,Communication Services,Movies & Entertainment,42.11470495676943,420,24,0.6035374061352332,0.439106335568929,0.23980000000000004,0.09198850826445447,0.14840000000000003,0.16041795555295812,0.08180000000000001,0.04547471093933307,0.16570000000000001,0.25803840985705745,0.07400000000000001,0.10366584733513218,0.18720000000000003,0.25511886704436343,0.10310000000000001,0.08529570100670117,62.619389436270424,43.740995591855174,31.37283417765702,12.338235267513351,23.1,2.0,0.1556596338744905,0.0059308549110371,0.0373209894401851,16.22182254196643,16.53386454183267,0.0
CSX,CSX Corporation,Industrials,Rail Transportation,42.09652417148516,421,78,0.6205747803343145,0.4511653379483767,0.23980000000000004,0.3555270677108053,0.14840000000000003,0.11550848920189982,0.08180000000000001,0.03398482530925346,0.16570000000000001,0.3185794013738572,0.07400000000000001,0.026212729344924062,0.18720000000000003,0.12814506101902473,0.10310000000000001,0.022042426040235392,24.437578278291923,50.48170804723656,45.17228782248986,351.97789072420005,21.9,2.0,0.0879801457765058,0.2546378653113088,0.190851334180432,9.195159629248195,16.334661354581673,6.097560975609756
MAR,Marriott International,Consumer Discretionary,"Hotels, Resorts & Cruise Lines",42.03310894247438,422,42,0.5887310098861837,0.42690222340544537,0.23980000000000004,0.3106396849582191,0.14840000000000003,0.12254839887891267,0.08180000000000001,0.08496146275763726,0.16570000000000001,0.17253064712140162,0.07400000000000001,0.06992678497298235,0.18720000000000003,0.2015567357621751,0.10310000000000001,0.03783628554867188,32.992904874770865,44.212978360712796,44.90732575010309,181.2148918116,21.4,3.0,0.2517714082250311,0.1083297977655211,0.1125724791401499,11.064559515803632,16.13545816733068,10.869565217391305
KMB,Kimberly-Clark,Consumer Staples,Household Products,41.99009617617102,423,28,0.6076314905173832,0.43983015045121254,0.23980000000000004,0.31555611800415706,0.14840000000000003,0.20404365393703724,0.08180000000000001,0.03544808187602994,0.16570000000000001,0.18495755364110822,0.07400000000000001,0.07416899645926978,0.18720000000000003,0.17398862966713058,0.10310000000000001,0.01183696641526714,30.29659624667469,40.71759784523021,47.051269092068125,223.3889511816,28.5,2.0,0.2257734181308612,0.0823585581284316,0.1327285748388637,7.021464646464646,15.936254980079681,18.181818181818183
BALL,Ball Corporation,Materials,"Metal, Glass & Plastic Containers",41.89633613900874,424,9,0.6182455624126262,0.4457932973256051,0.23980000000000004,0.4178954133328399,0.14840000000000003,0.03552733599679402,0.08180000000000001,0.034241380896797784,0.16570000000000001,0.20330340646429693,0.07400000000000001,0.08076096725764592,0.18720000000000003,0.1796084647679502,0.10310000000000001,0.04866303128367523,18.384955702590407,66.12842363539083,40.265596898428626,381.93514718805,12.1,2.0,0.1987568373943311,0.055291468601451,0.1168376282211658,12.89080459770115,15.737051792828685,66.66666666666667
VTRS,Viatris,Health Care,Pharmaceuticals,41.76456878948572,425,56,0.6111565997561024,0.4383017575570644,0.23980000000000004,0.09272185360393036,0.14840000000000003,0.13947796371664772,0.08180000000000001,0.04434792651853,0.16570000000000001,0.3056160133374504,0.07400000000000001,0.11637959481862879,0.18720000000000003,0.20807263432224105,0.10310000000000001,0.09338401368257164,61.9969048429439,45.89063136171221,30.19306230779013,12.948852589496791,21.7,2.0,0.1072005387420601,-0.0316226575809199,0.0857112436115843,17.09849108367627,15.53784860557769,5.172413793103448
C,Citigroup,Financials,Diversified Banks,41.74214786650776,426,75,0.7126690148658753,0.5106322033679571,0.23980000000000004,0.010796445706942975,0.14840000000000003,0.15570546897453372,0.08180000000000001,0.1030759920639039,0.16570000000000001,0.3174547522061857,0.07400000000000001,0.02284315503511921,0.18720000000000003,0.3685785779791184,0.10310000000000001,0.021545608034195973,84.87819301885214,24.665952412577578,30.858422252987538,2.1933764179755673,29.2,4.0,0.0085554266589374,0.235453260650111,-1.034928326266909,8.896084525845884,15.338645418326694,1.3333333333333333
LYB,LyondellBasell,Materials,Specialty Chemicals,41.59499150810046,427,10,0.6159511509092082,0.4386692777388542,0.23980000000000004,0.3877326524592489,0.14840000000000003,0.10475193814182324,0.08180000000000001,0.034496953575901,0.16570000000000001,0.14588965720713679,0.07400000000000001,0.07944849847231672,0.18720000000000003,0.2319583305636928,0.10310000000000001,0.015721969579880514,21.677260440643693,52.39491462036113,44.69050026040876,436.0540776942,20.7,2.0,0.2661388550548112,0.0608041843739784,0.0525226108750136,7.950502706883217,15.139442231075698,62.5
ARES,Ares Management,Financials,Asset Management & Custody Banks,41.548880643672604,428,76,0.6965558188178972,0.4951336244100095,0.23980000000000004,0.011301724341847836,0.14840000000000003,0.09634623762646972,0.08180000000000001,0.03414023310865327,0.16570000000000001,0.29129062383907744,0.07400000000000001,0.050655288960166474,0.18720000000000003,0.38582822529746696,0.10310000000000001,0.13043766682631827,84.87819301885214,47.852591325589685,17.634153182145848,2.1933764179755673,20.45,2.0,0.0482127084178509,0.1054416530753669,-0.2691392332407025,22.511219048040537,14.9402390438247,0.0
AXON,Axon Enterprise,Industrials,Aerospace & Defense,41.311810026086384,429,79,0.6179162850077388,0.4349638349659682,0.23980000000000004,0.10905948701207964,0.14840000000000003,0.15487360267823605,0.08180000000000001,0.04338294688092074,0.16570000000000001,0.28353288686397266,0.07400000000000001,0.08894184457254772,0.18720000000000003,0.27752599250680093,0.10310000000000001,0.0426832394854423,58.32872611667806,43.514272582521464,32.74307761602012,17.21281530175761,23.25,2.0,0.1208889213259392,0.0325379897367172,-0.0010747587597814,12.162330559368565,14.741035856573705,4.878048780487805
NCLH,Norwegian Cruise Line Holdings,Consumer Discretionary,"Hotels, Resorts & Cruise Lines",41.27029374442166,430,43,0.6234887012899807,0.438135374568154,0.23980000000000004,0.07474161520573645,0.14840000000000003,0.16005021837363576,0.08180000000000001,0.033667906383510776,0.16570000000000001,0.2905476917197423,0.07400000000000001,0.06982738097072148,0.18720000000000003,0.224456265415212,0.10310000000000001,0.14670892193144108,65.19150568012772,44.365315500774074,27.80014964906889,10.105798325241807,25.9,2.0,0.1099690109534056,0.0842830113794733,0.0548724050801653,21.44576351407096,14.541832669322709,8.695652173913043
NUE,Nucor,Materials,Steel,41.17469544492435,431,11,0.6534048780152413,0.4573498948792806,0.23980000000000004,0.3741320170373119,0.14840000000000003,0.2337205291682265,0.08180000000000001,0.030655509709694898,0.16570000000000001,0.11904829834488141,0.07400000000000001,0.05598590512423902,0.18720000000000003,0.1862634075825367,0.10310000000000001,0.00019433303310958553,18.384955702590407,35.521476266965294,50.97133446061392,381.93514718805,32.8,2.0,0.2813497862207068,0.1111859190151005,0.0797345388092719,2.2607632093933465,14.342629482071713,58.333333333333336
EQT,EQT Corporation,Energy,Oil & Gas Exploration & Production,41.14752681833081,432,13,0.6722013824994033,0.46997896466190203,0.23980000000000004,0.2663705589056932,0.14840000000000003,0.2616083175793644,0.08180000000000001,0.0072412658535825295,0.16570000000000001,0.31870619702731057,0.07400000000000001,0.050705989580034284,0.18720000000000003,0.09170231743836893,0.10310000000000001,0.0036653536156461206,29.15357779849127,40.016751052025334,45.50456511792369,165.60683519225,35.7,1.0,0.0427217839714778,0.1197671783832776,0.2253673596555826,4.898999933711912,14.143426294820717,40.0
SHW,Sherwin-Williams,Materials,Specialty Chemicals,41.002123199918536,433,12,0.6268708740241754,0.4356603695125579,0.23980000000000004,0.40647462241560217,0.14840000000000003,0.20401044130490867,0.08180000000000001,0.033305587778560436,0.16570000000000001,0.1520646890645646,0.07400000000000001,0.057007355518000666,0.18720000000000003,0.1307162412828375,0.10310000000000001,0.01642106263552597,18.384955702590407,39.53502648975691,50.163822990748535,381.93514718805,29.4,2.0,0.2519089917406888,0.1242543413901285,0.1825077695786016,8.209227766936158,13.944223107569721,54.166666666666664
EXE,Expand Energy,Energy,Oil & Gas Exploration & Production,40.93227299011249,434,14,0.6598925796469771,0.45728699209533136,0.23980000000000004,0.22736147526652847,0.14840000000000003,0.2729816672381824,0.08180000000000001,0.03803924088641881,0.16570000000000001,0.26374534542189054,0.07400000000000001,0.03881827933071097,0.18720000000000003,0.1589342931440031,0.10310000000000001,0.00011969871226572796,35.74497531850345,30.620170646563455,46.51940843802217,146.3682432432,33.8,2.0,0.1056011416339636,0.1763513513513513,0.1148648648648648,2.102992345163535,13.745019920318725,35.0
TSN,Tyson Foods,Consumer Staples,Packaged Foods & Meats,40.93216779684893,435,29,0.6336147686058848,0.4390752980055045,0.23980000000000004,0.1575651380534587,0.14840000000000003,0.29775031701205623,0.08180000000000001,0.13040153232906798,0.16570000000000001,0.06037388269811446,0.07400000000000001,0.09144835002199803,0.18720000000000003,0.23363485153415,0.10310000000000001,0.02882592835115463,48.63931950384051,14.357798914426722,47.040819071159426,36.508402728060595,35.9,4.0,0.3894192968662249,0.0131237381021055,0.0346841649841361,10.484848484848484,13.54581673306773,15.151515151515152
XOM,ExxonMobil,Energy,Integrated Oil & Gas,40.7808464070773,436,15,0.6646447077162433,0.4577028224174451,0.23980000000000004,0.2724619889648891,0.14840000000000003,0.3359346480378205,0.08180000000000001,0.0666617487561842,0.16570000000000001,0.13910976927254076,0.07400000000000001,0.050056794787712015,0.18720000000000003,0.1357285308970122,0.10310000000000001,4.651928384107941e-05,29.15357779849127,21.338905312061712,52.547439459996895,165.60683519225,41.6,3.0,0.2465736024216223,0.1268237738913288,0.1486785006417588,1.1213832039520113,13.346613545816734,30.0
HRL,Hormel Foods,Consumer Staples,Packaged Foods & Meats,40.46793383048475,437,30,0.6133636976905705,0.4169443986957387,0.23980000000000004,0.15971500615060494,0.14840000000000003,0.22188109009459278,0.08180000000000001,0.07827438563768274,0.16570000000000001,0.18420157843604423,0.07400000000000001,0.09491716682829453,0.18720000000000003,0.22909761792677813,0.10310000000000001,0.031913154926002524,49.94282454404523,30.796525802453424,40.17862500590787,48.63710700552758,30.0,3.0,0.2227903912830666,0.0201169540879056,0.0582288449154485,10.651594184516354,13.147410358565738,12.121212121212121
F,Ford Motor Company,Consumer Discretionary,Automobile Manufacturers,40.448463366035476,438,44,0.6502909925155279,0.44168921365876923,0.23980000000000004,0.04824455553856229,0.14840000000000003,0.11005112286919701,0.08180000000000001,0.06963704399332922,0.16570000000000001,0.20982572882995512,0.07400000000000001,0.10125668313810718,0.18720000000000003,0.21717953977808352,0.10310000000000001,0.24380532585276565,70.83195616932413,42.58973565172033,24.111778349169036,9.615833216001324,22.4,3.0,0.1691445062007277,-0.0274763955607089,0.0406451880072883,-603.2372881355932,12.94820717131474,6.521739130434782
TDG,TransDigm Group,Industrials,Aerospace & Defense,40.44116617148708,439,80,0.6548909064321254,0.44467882039923845,0.23980000000000004,0.09709230525910544,0.14840000000000003,0.3238902899370695,0.08180000000000001,0.030516545270886007,0.16570000000000001,0.2710116649537165,0.07400000000000001,0.03490767848116878,0.18720000000000003,0.09068904523056436,0.10310000000000001,0.15189247086748958,58.32872611667806,30.619500328320964,37.75515501859112,17.21281530175761,38.7,2.0,0.1024519697989085,0.1966435607442539,0.2371397300255381,22.817236255572062,12.749003984063744,3.658536585365854
MRNA,Moderna,Health Care,Biotechnology,40.28108535439411,440,57,0.7235441016842564,0.48803870416215683,0.23980000000000004,0.06615415126529471,0.14840000000000003,0.09951317786743727,0.08180000000000001,0.03164086270040495,0.16570000000000001,0.3035526860456789,0.07400000000000001,0.14135191764496155,0.18720000000000003,0.35758214842076763,0.10310000000000001,0.00020505605545505131,61.9969048429439,45.89063136171221,32.41039722842924,12.948852589496791,21.7,2.0,0.0130462549037496,-5.468531468531468,-3.937062937062937,0.6346433770014556,12.549800796812749,3.4482758620689653
BKR,Baker Hughes,Energy,Oil & Gas Equipment & Services,40.0207553323514,441,16,0.66677016129591,0.4448979915635578,0.23980000000000004,0.2707277112766275,0.14840000000000003,0.26737922411514287,0.08180000000000001,0.03725855592077305,0.16570000000000001,0.23664052887417084,0.07400000000000001,0.05646811747232836,0.18720000000000003,0.13114095716285196,0.10310000000000001,0.00038490517810546685,29.15357779849127,30.620170646563455,47.22548990112922,165.60683519225,33.8,2.0,0.1281261877613075,0.10100860278849,0.1549985167606051,0.407436096049574,12.350597609561753,25.0
MDLZ,Mondelez International,Consumer Staples,Packaged Foods & Meats,39.84291382564877,442,31,0.6192032125680244,0.41010730086576935,0.23980000000000004,0.13215154533223805,0.14840000000000003,0.1170827402106486,0.08180000000000001,0.07680498393270765,0.16570000000000001,0.2597394833665266,0.07400000000000001,0.08042004906205243,0.18720000000000003,0.26153199883343314,0.10310000000000001,0.0722691992623935,54.03315096141711,43.23906081846541,31.57748979204999,35.409548611111106,22.0,3.0,0.141728297854391,0.0555555555555555,0.0153769841269841,15.402843601895734,12.151394422310757,9.090909090909092
PPG,PPG Industries,Materials,Specialty Chemicals,39.67889193259859,443,13,0.6423963967393738,0.42256480394277374,0.23980000000000004,0.38706457679098916,0.14840000000000003,0.14272787744235846,0.08180000000000001,0.03171517365997511,0.16570000000000001,0.18767744580012288,0.07400000000000001,0.06193743010027225,0.18720000000000003,0.17862437110335672,0.10310000000000001,0.010253125102925349,18.384955702590407,45.39796363883288,44.95467968331723,381.93514718805,25.2,2.0,0.1994763468536433,0.0972191323692992,0.0992213570634037,6.9328165374677,11.952191235059761,50.0
OKE,Oneok,Energy,Oil & Gas Storage & Transportation,39.6534484382816,444,17,0.6268293409205672,0.4118867492266688,0.23980000000000004,0.30632778510467473,0.14840000000000003,0.1487177230016479,0.08180000000000001,0.00832750037915184,0.16570000000000001,0.21938664322084886,0.07400000000000001,0.07039196384264437,0.18720000000000003,0.17280721590596448,0.10310000000000001,0.07404116854506793,29.15357779849127,52.0901846795113,37.564739173114425,165.60683519225,25.1,1.0,0.1757720754496783,0.0801726284338949,0.1195119926964893,15.74556780067082,11.752988047808765,20.0
BAX,Baxter International,Health Care,Health Care Equipment,39.39823435172248,445,58,0.6179890211433411,0.4017651304601711,0.23980000000000004,0.14966047797122486,0.14840000000000003,0.13526218691037936,0.08180000000000001,0.07710708497916006,0.16570000000000001,0.2524702107025967,0.07400000000000001,0.08530604472102069,0.18720000000000003,0.22746312352250428,0.10310000000000001,0.07273087119311417,51.178655621019175,40.64554506005277,33.27109072145941,44.18951317567567,23.6,3.0,0.1495629326461522,0.0425675675675675,0.056081081081081,15.419831223628693,11.55378486055777,1.7241379310344827
LNT,Alliant Energy,Utilities,Electric Utilities,39.139195169384976,446,1,0.7251192232425644,0.46631954471438686,0.23980000000000004,0.456068777587702,0.14840000000000003,0.08078349300405308,0.08180000000000001,0.0,0.16570000000000001,0.26925181033937495,0.07400000000000001,0.029797654700401643,0.18720000000000003,0.047200990294096946,0.10310000000000001,0.11689727407437155,0.0,62.08457858759391,39.47237809814511,5666.7621342905,21.4,0.0,0.0477169225809051,0.1891891891891892,0.3108108108108108,22.20643939393939,11.354581673306773,100.0
EL,Estée Lauder Companies (The),Consumer Staples,Personal Care Products,38.94896318142094,447,32,0.6251905709775737,0.39885521686941594,0.23980000000000004,0.16184000319372754,0.14840000000000003,0.1543012485669641,0.08180000000000001,0.033484856912706,0.16570000000000001,0.21307520462876275,0.07400000000000001,0.11135822216388304,0.18720000000000003,0.17539543775830932,0.10310000000000001,0.15054502677564727,48.63931950384051,44.95307713188139,31.4294056096643,36.508402728060595,25.5,2.0,0.183534055257565,-0.0319823545629997,0.1171767300799558,21.76,11.155378486055778,6.0606060606060606
KMI,Kinder Morgan,Energy,Oil & Gas Storage & Transportation,38.79739266541449,448,18,0.6570237268883877,0.41649871848152464,0.23980000000000004,0.3707143911545201,0.14840000000000003,0.07756378849461727,0.08180000000000001,0.030318742152826487,0.16570000000000001,0.31378466219669404,0.07400000000000001,0.03532333572997244,0.18720000000000003,0.09953401275472286,0.10310000000000001,0.07276106751664681,18.308628604712073,55.13830596032506,39.39220194615622,566.3253457672,19.0,2.0,0.0604493532445788,0.1936564663837391,0.2184498548134912,16.30213631739573,10.95617529880478,15.0
DVN,Devon Energy,Energy,Oil & Gas Exploration & Production,38.7755708163814,449,19,0.6929233934612451,0.438852602984706,0.23980000000000004,0.23292662245344972,0.14840000000000003,0.22068706133810057,0.08180000000000001,0.027258555587818433,0.16570000000000001,0.24009246408481455,0.07400000000000001,0.02055150139696043,0.18720000000000003,0.2581014796579507,0.10310000000000001,0.0003823154809056092,31.707942261085392,34.494968542670314,42.43679136815473,200.2157206417,33.8,2.0,0.1046224591990746,0.257651341512741,-0.0502898746123769,2.6315922920892496,10.756972111553784,10.0
APD,Air Products,Materials,Industrial Gases,38.67065311160938,450,14,0.6892571497756395,0.4346047283395388,0.23980000000000004,0.33622272254286384,0.14840000000000003,0.029536673448202534,0.08180000000000001,0.006887327511524422,0.16570000000000001,0.26768936414080574,0.07400000000000001,0.15576474200880425,0.18720000000000003,0.15596872108670476,0.10310000000000001,0.04793044926109444,18.384955702590407,72.76477761561435,30.473875938935265,381.93514718805,12.3,1.0,0.0781543604248669,-0.4558051249604555,0.097912053147738,-11.103200479073791,10.557768924302788,45.833333333333336
CRH,CRH plc,Materials,Construction Materials,38.52492585898224,451,15,0.6641368484934592,0.4161983243767594,0.23980000000000004,0.3621383063410561,0.14840000000000003,0.1555738403293262,0.08180000000000001,0.0375546031681524,0.16570000000000001,0.188374820972219,0.07400000000000001,0.04751896939490596,0.18720000000000003,0.20466484555592815,0.10310000000000001,0.004174614238412199,18.384955702590407,40.64372807929217,44.408141242742,381.93514718805,25.2,2.0,0.1840586145648312,0.1372367078036559,0.0454671986638211,5.083930399181167,10.358565737051793,41.666666666666664
NSC,Norfolk Southern,Industrials,Rail Transportation,38.15047016121141,452,81,0.6565870894176193,0.4050007530914831,0.23980000000000004,0.33322147579030675,0.14840000000000003,0.1228924047181989,0.08180000000000001,0.06830793031431732,0.16570000000000001,0.2964480839382265,0.07400000000000001,0.03155028997058765,0.18720000000000003,0.12201101035973495,0.10310000000000001,0.025568804908628073,22.601197532042278,40.161222819958894,42.784750640662374,405.88492063489997,23.9,3.0,0.0767918088737201,0.2118326118326118,0.1774891774891775,10.26882430647292,10.159362549800797,2.4390243902439024
MMM,3M,Industrials,Industrial Conglomerates,37.95770527104298,453,82,0.6834628829827146,0.4181451184114082,0.23980000000000004,0.17670502896423435,0.14840000000000003,0.2762496354167998,0.08180000000000001,0.1751150350089627,0.16570000000000001,0.17623502567737842,0.07400000000000001,0.0434077292861321,0.18720000000000003,0.14663638352764854,0.10310000000000001,0.005651162118844157,41.33017408462277,5.359438784552261,46.68441483397437,94.89014188169232,37.3,5.0,0.1861184285877906,0.1435384615384615,0.1173846153846153,5.791188895594448,9.9601593625498,1.2195121951219512
CCL,Carnival Corporation,Consumer Discretionary,"Hotels, Resorts & Cruise Lines",37.927431566589796,454,45,0.6462020804450228,0.39484084198254077,0.23980000000000004,0.3393658588268425,0.14840000000000003,0.13332432181760576,0.08180000000000001,0.07052110369798484,0.16570000000000001,0.2524972106351195,0.07400000000000001,0.06610792523077573,0.18720000000000003,0.080265525301588,0.10310000000000001,0.05791805449008347,23.126290722070824,39.19580160375047,42.90376017473325,389.67886087339997,24.5,3.0,0.1275752469939496,0.0805943268797838,0.2633948671769473,14.488803582853487,9.760956175298805,4.3478260869565215
IRM,Iron Mountain,Real Estate,Other Specialized REITs,37.76818234881285,455,30,0.6769983979754403,0.41086697945906525,0.23980000000000004,0.1336174189410991,0.14840000000000003,0.042547558176668956,0.08180000000000001,0.02855604149424184,0.16570000000000001,0.26332907233410924,0.07400000000000001,0.06889453393421258,0.18720000000000003,0.2598319474107101,0.10310000000000001,0.20322342770895827,49.46472995623494,62.40043581816312,19.123728184611046,50.475416719646816,14.5,2.0,0.09241726948608,0.0499886154291983,-0.0374059540812454,26.98991234698504,9.56175298804781,0.0
DOW,Dow Inc.,Materials,Commodity Chemicals,37.72889084081268,456,16,0.6567482696132234,0.3979113927581967,0.23980000000000004,0.33774085463651227,0.14840000000000003,0.15909401861275047,0.08180000000000001,0.038404353346172704,0.16570000000000001,0.182181104298741,0.07400000000000001,0.07024272824827847,0.18720000000000003,0.20013870963389266,0.10310000000000001,0.012198231223652286,22.058968911880395,40.64372807929217,42.1850139229939,423.3274831706,25.2,2.0,0.1963465129495819,0.0596261991399272,0.0578068144227588,7.5581661891117475,9.362549800796813,37.5
AMCR,Amcor,Materials,Paper & Plastic Packaging Products & Materials,37.63681429635321,457,17,0.6516491740560285,0.3932768775935782,0.23980000000000004,0.376150741124428,0.14840000000000003,0.16159355228313516,0.08180000000000001,0.0390077259626616,0.16570000000000001,0.2059457448608165,0.07400000000000001,0.07098359078241577,0.18720000000000003,0.10429994264324181,0.10310000000000001,0.04201870234330117,18.384955702590407,40.64372807929217,43.50953853775775,381.93514718805,25.2,2.0,0.1724760749427146,0.0608002500781494,0.2125664270084401,12.656526005888123,9.163346613545817,33.333333333333336
TRGP,Targa Resources,Energy,Oil & Gas Storage & Transportation,37.21102069741015,458,20,0.6589789906823843,0.39053479024191157,0.23980000000000004,0.27716723350887057,0.14840000000000003,0.23542194753138512,0.08180000000000001,0.03013909092634072,0.16570000000000001,0.2163996745097805,0.07400000000000001,0.03986888904108579,0.18720000000000003,0.1711692847822818,0.10310000000000001,0.029833879700255316,29.15357779849127,35.101863047489644,41.31257957175396,165.60683519225,33.2,2.0,0.1557104832176636,0.1722033287538568,0.0971149298439224,11.00649120736457,8.96414342629482,5.0
LIN,Linde plc,Materials,Industrial Gases,37.195508788810216,459,18,0.6870617018232387,0.40690735767107,0.23980000000000004,0.37656139524826343,0.14840000000000003,0.1453651312631227,0.08180000000000001,0.03509028129354401,0.16570000000000001,0.24372645757994338,0.07400000000000001,0.02961619616817078,0.18720000000000003,0.16212482212965862,0.10310000000000001,0.007515716317297182,13.90279587496042,40.64372807929217,43.20362374714458,797.1612207987,25.2,2.0,0.1051398431221632,0.2075573258693077,0.0896759608138658,6.474789915966387,8.764940239043824,29.166666666666668
VMC,Vulcan Materials Company,Materials,Construction Materials,37.16645411299736,460,19,0.6799554264493572,0.40219809019629277,0.23980000000000004,0.3454846306851215,0.14840000000000003,0.17222185824361785,0.08180000000000001,0.02830820931709211,0.16570000000000001,0.2248525567154974,0.07400000000000001,0.04236447781660496,0.18720000000000003,0.17886225930263455,0.10310000000000001,0.007906007919431603,18.384955702590407,39.66416200802295,42.384658114391925,381.93514718805,29.3,2.0,0.1311154360783359,0.150013915947676,0.0693941924111698,6.549552379456573,8.565737051792828,25.0
FCX,Freeport-McMoRan,Materials,Copper,36.944445121927195,461,20,0.7062878065163931,0.4138162158526185,0.23980000000000004,0.3202035945837062,0.14840000000000003,0.18566270191600173,0.08180000000000001,0.1049469594243368,0.16570000000000001,0.21975621404920231,0.07400000000000001,0.04141519036491471,0.18720000000000003,0.12791785912606513,0.10310000000000001,9.748053577317928e-05,18.384955702590407,20.64876063004693,47.05274648476186,381.93514718805,31.6,4.0,0.1176854688834195,0.1399914639351259,0.1343007540190638,2.0824175824175826,8.366533864541832,20.833333333333332
NEE,NextEra Energy,Utilities,Multi-Utilities,36.61617128959941,462,2,0.7203931758796481,0.41616356191400855,0.23980000000000004,0.39854668851352093,0.14840000000000003,0.09702565426204127,0.08180000000000001,0.025219362601272464,0.16570000000000001,0.28735847585249985,0.07400000000000001,0.0029443756908282817,0.18720000000000003,0.07395101484288469,0.10310000000000001,0.11495442823695258,7.128041676304475,48.287343895104776,40.649273280630624,1348.530950292,23.3,2.0,0.032361569884067,0.4173082028139103,0.2395805680913193,21.899816364007343,8.167330677290837,96.66666666666667
GM,General Motors,Consumer Discretionary,Automobile Manufacturers,36.561864049027115,463,46,0.6668366246561931,0.38432387156574316,0.23980000000000004,0.0764533828423499,0.14840000000000003,0.16942002800187278,0.08180000000000001,0.11773196388460783,0.16570000000000001,0.19892585363336596,0.07400000000000001,0.07805791013013694,0.18720000000000003,0.21984452031725285,0.10310000000000001,0.13956634119041378,62.347552780786074,25.86215789303638,27.06070782377087,18.57454791154791,28.5,4.0,0.1698580331185321,0.0271727814100695,0.0228001499187939,22.306719203649937,7.968127490039841,2.1739130434782608
CTVA,Corteva,Materials,Fertilizers & Agricultural Chemicals,35.5477776218213,464,21,0.7502733249817976,0.4138034086015804,0.23980000000000004,0.2837596293953974,0.14840000000000003,0.12190252868165989,0.08180000000000001,0.029426548063242,0.16570000000000001,0.19692249607584303,0.07400000000000001,0.03540329093707196,0.18720000000000003,0.33255756572422357,0.10310000000000001,2.7941122562297082e-05,18.384955702590407,40.64372807929217,38.36311395911427,381.93514718805,25.2,2.0,0.1148254793173677,0.146788990825688,-0.6059123343527013,1.1687657430730478,7.768924302788845,16.666666666666668
KHC,Kraft Heinz,Consumer Staples,Packaged Foods & Meats,35.06195364828131,465,33,0.6927005894656785,0.37400934158746757,0.23980000000000004,0.13183162421866093,0.14840000000000003,0.2195243023391208,0.08180000000000001,0.061371210574906826,0.16570000000000001,0.2578397600674515,0.07400000000000001,0.15421996680735892,0.18720000000000003,0.12831692351258242,0.10310000000000001,0.046896212479918604,48.63931950384051,26.075259442392337,32.67607587608555,36.508402728060595,33.7,3.0,0.0857045096831588,-0.8719259022676461,0.1426061961034813,14.028764805414552,7.569721115537849,3.0303030303030303
PFE,Pfizer,Health Care,Pharmaceuticals,34.76407926531592,466,59,0.7047225892948478,0.3755451241953474,0.23980000000000004,0.07936518327585998,0.14840000000000003,0.113018033708618,0.08180000000000001,0.0592951837317022,0.16570000000000001,0.2592373797188031,0.07400000000000001,0.08280070784907713,0.18720000000000003,0.19868593487749567,0.10310000000000001,0.20759757683844393,59.457678335508,39.03538953521919,19.270123879139877,23.243920613276572,24.6,3.0,0.0747473039959031,-0.0164959425302647,0.0200878009844352,38.030562347188265,7.370517928286852,0.0
RCL,Royal Caribbean Group,Consumer Discretionary,"Hotels, Resorts & Cruise Lines",34.44355029824029,467,47,0.7114932867508498,0.37382065259103536,0.23980000000000004,0.23205377183053003,0.14840000000000003,0.07850783405868192,0.08180000000000001,0.05817202620347086,0.16570000000000001,0.22460670508279842,0.07400000000000001,0.02324254560626483,0.18720000000000003,0.35295948205456146,0.10310000000000001,0.03045763516369247,30.00926838247324,45.34768814173529,31.96030306888136,228.42565190390002,20.7,3.0,0.1082340292088522,0.2334437086092715,-0.1814983443708609,11.870810810810813,7.171314741035856,0.0
IFF,International Flavors & Fragrances,Materials,Specialty Chemicals,34.3660918009567,468,22,0.6764605830764028,0.3541965903848343,0.23980000000000004,0.28087768339034347,0.14840000000000003,0.10444331348589475,0.08180000000000001,0.0643532986717945,0.16570000000000001,0.27838886147010683,0.07400000000000001,0.07634022516991991,0.18720000000000003,0.13295814220283392,0.10310000000000001,0.06263847560910667,26.788968897803432,42.102973452922384,34.09507981348625,293.27267349019996,22.7,3.0,0.077681482070446,0.0255885363357216,0.1453428863868986,15.640243902439025,6.972111553784861,12.5
WMB,Williams Companies,Energy,Oil & Gas Storage & Transportation,34.33115095249788,469,21,0.7182230153449555,0.375481268744785,0.23980000000000004,0.2333277476802915,0.14840000000000003,0.0854492528453853,0.08180000000000001,0.025371996949089315,0.16570000000000001,0.27195338195189034,0.07400000000000001,0.017254751582456755,0.18720000000000003,0.31914385974321036,0.10310000000000001,0.04749900924767634,29.15357779849127,50.64014161796493,29.708596876563263,165.60683519225,21.8,2.0,0.0503712258703184,0.2708811005568293,-0.15001637733377,14.573606479275846,6.772908366533865,0.0
KDP,Keurig Dr Pepper,Consumer Staples,Soft Drinks & Non-alcoholic Beverages,34.20255688185274,470,34,0.6771853502679989,0.35201170994607484,0.23980000000000004,0.13794171098904662,0.14840000000000003,0.1518448039816639,0.08180000000000001,0.07536416787514501,0.16570000000000001,0.272059003785809,0.07400000000000001,0.07808358788317929,0.18720000000000003,0.1618975479633747,0.10310000000000001,0.12280917752178161,48.63931950384051,32.76565807440969,27.62992078241102,36.508402728060595,25.4,3.0,0.0834179801184674,0.0194281023395813,0.0974141469421261,21.32059925093633,6.573705179282869,0.0
ES,Eversource Energy,Utilities,Electric Utilities,33.31816765763609,471,3,0.7389991923468541,0.3692474865275617,0.23980000000000004,0.4390977899691262,0.14840000000000003,0.058755953602975114,0.08180000000000001,0.023965437344103103,0.16570000000000001,0.24012335441168167,0.07400000000000001,0.03888384355291823,0.18720000000000003,0.15111636108973492,0.10310000000000001,0.048057260029460896,0.0,55.7870216392872,33.18511177528944,1772.3853656035499,18.6,2.0,0.0696116055979265,0.134721827546399,0.0699349524908977,15.030607052453522,6.374501992031872,93.33333333333333
MLM,Martin Marietta Materials,Materials,Construction Materials,32.74581536523509,472,23,0.7221278804048794,0.35160141142508705,0.23980000000000004,0.3114984602221512,0.14840000000000003,0.16114568606438176,0.08180000000000001,0.025098343603255163,0.16570000000000001,0.23233094602966908,0.07400000000000001,0.04195555785617807,0.18720000000000003,0.2080368404800876,0.10310000000000001,0.019934165744277043,17.696657032546828,38.64763979883597,35.24290340678682,593.8680228556,30.1,2.0,0.0913869983571931,0.1289162814586543,-0.0082177709296353,10.015437392795883,6.175298804780876,8.333333333333334
BA,Boeing,Industrials,Aerospace & Defense,32.65760980818451,473,83,0.7702040759742,0.3735095251919899,0.23980000000000004,0.036230956791879994,0.14840000000000003,0.245184304269101,0.08180000000000001,0.08825140991097488,0.16570000000000001,0.17265395325929753,0.07400000000000001,0.06517468231497134,0.18720000000000003,0.2187057867869524,0.10310000000000001,0.17379890666682282,70.06211438164863,11.418765171347603,18.200565436650294,10.207778075347706,39.6,4.0,0.134822528476154,-0.0001800423099428,-0.065445379664221,31.08477366255144,5.9760956175298805,0.0
NRG,NRG Energy,Utilities,Independent Power Producers & Energy Traders,32.327438881490714,474,4,0.7057885313792076,0.3371578559212809,0.23980000000000004,0.35326905196583697,0.14840000000000003,0.1906622355020703,0.08180000000000001,0.026273872749442973,0.16570000000000001,0.1643800727092809,0.07400000000000001,0.058726087087441294,0.18720000000000003,0.14831388838434265,0.10310000000000001,0.0583747916015849,14.335121329894692,36.395665056440976,36.92349702860501,770.8616536559,32.0,2.0,0.1873059589384076,0.0676380163079802,0.0986499131132201,15.74233128834356,5.776892430278885,90.0
IP,International Paper,Materials,Paper & Plastic Packaging Products & Materials,31.876053023873926,475,24,0.6946336810408154,0.32502785043834065,0.23980000000000004,0.28671278133281053,0.14840000000000003,0.11538103020947878,0.08180000000000001,0.06103010677462521,0.16570000000000001,0.1876938801586662,0.07400000000000001,0.0806872779331989,0.18720000000000003,0.21967580789785704,0.10310000000000001,0.048819115693363196,24.045278648055174,39.19580160375047,31.816577945343347,362.8575823617,24.5,3.0,0.1643985652090578,-0.0019986675549633,-0.0011658894070619,14.318718381112983,5.577689243027889,4.166666666666667
AWK,American Water Works,Utilities,Water Utilities,29.798637075348474,476,5,0.8236165644639801,0.34960362692743724,0.23980000000000004,0.353507826853138,0.14840000000000003,0.06379274284762158,0.08180000000000001,0.004823509630790104,0.16570000000000001,0.21632252319558928,0.07400000000000001,0.017462458331055565,0.18720000000000003,0.275966076676011,0.10310000000000001,0.06812486246579444,0.0,57.29076094125882,23.854016780096135,1772.3853656035499,21.6,1.0,0.0371711518942199,0.2324723247232472,-0.2265682656826568,19.454433497536947,5.378486055776892,86.66666666666667
VST,Vistra Corp.,Utilities,Electric Utilities,29.260295065349613,477,6,0.7649366764911862,0.316403254454013,0.23980000000000004,0.4098247754574939,0.14840000000000003,0.13056499083510462,0.08180000000000001,0.028309184708363883,0.16570000000000001,0.20483152471174149,0.07400000000000001,0.048183397088596966,0.18720000000000003,0.13414119771338884,0.10310000000000001,0.04414492948531031,0.0,38.550720115024006,33.40914078000682,1772.3853656035499,26.7,2.0,0.0942891345679881,0.0759273089370176,0.0831466268359472,14.923312883435583,5.179282868525896,83.33333333333333
CEG,Constellation Energy,Utilities,Electric Utilities,28.007004460050723,478,7,0.7869713692561813,0.30615076485405573,0.23980000000000004,0.3871964024797374,0.14840000000000003,0.12335587736177696,0.08180000000000001,0.026746100120415395,0.16570000000000001,0.20666650588111835,0.07400000000000001,0.047083740233190015,0.18720000000000003,0.1794935091039288,0.10310000000000001,0.029457864819833184,0.0,38.550720115024006,30.869639696832227,1772.3853656035499,26.7,2.0,0.0763742582923676,0.0683635394456289,-0.0157249466950959,12.781150159744408,4.9800796812749,80.0
ED,Consolidated Edison,Utilities,Multi-Utilities,27.671273345253624,479,8,0.7788633657761457,0.2979748447096667,0.23980000000000004,0.3952998273253831,0.14840000000000003,0.08660546109733162,0.08180000000000001,0.04854374193110042,0.16570000000000001,0.22899099563632566,0.07400000000000001,0.046524380368023005,0.18720000000000003,0.1108268144397649,0.10310000000000001,0.08320877920207133,0.0,40.32255872349825,29.806234965068573,1772.3853656035499,23.8,3.0,0.053218064583633,0.0756942737773408,0.1218972720570164,20.264615384615382,4.780876494023905,76.66666666666667
EXC,Exelon,Utilities,Electric Utilities,27.60504703001593,480,9,0.7515106957621511,0.2865598670763076,0.23980000000000004,0.2063391955902637,0.14840000000000003,0.08612208807431683,0.08180000000000001,0.05214173432255572,0.16570000000000001,0.2491272048191316,0.07400000000000001,0.05208899554925731,0.18720000000000003,0.2143838818484565,0.10310000000000001,0.1397968997960184,30.28897905803242,41.77866165265593,18.825385463527795,223.52103234450001,22.9,3.0,0.0495166175677357,0.0663650075414781,-0.0427350427350427,24.96809032891507,4.581673306772909,73.33333333333333
WEC,WEC Energy Group,Utilities,Electric Utilities,26.143175525263082,481,10,0.8410685121051847,0.2977138794839314,0.23980000000000004,0.3389896436308938,0.14840000000000003,0.09915544263601474,0.08180000000000001,0.0046254133192672395,0.16570000000000001,0.20609791180109835,0.07400000000000001,0.028405874266535857,0.18720000000000003,0.2209962969905562,0.10310000000000001,0.10172941735563387,0.0,48.82830385222,19.035650017118375,1772.3853656035499,27.5,1.0,0.0390916466984136,0.1452402890257504,-0.1307890015033218,23.905181567211724,4.382470119521912,70.0
SRE,Sempra,Utilities,Multi-Utilities,25.935440023156815,482,11,0.8506361069613012,0.29787015193939115,0.23980000000000004,0.3314069044925796,0.14840000000000003,0.07139212313825631,0.08180000000000001,0.01808779635529142,0.16570000000000001,0.21050724530012813,0.07400000000000001,0.01279273357578454,0.18720000000000003,0.2587129796539237,0.10310000000000001,0.0971002174840361,0.0,47.82365160669774,22.253908419803885,1772.3853656035499,23.6,2.0,0.0259973456163634,0.2659325992659326,-0.3063063063063063,23.63847643641059,4.183266932270916,66.66666666666667
PNW,Pinnacle West Capital,Utilities,Multi-Utilities,25.76340552181229,483,12,0.8536980380249964,0.2962712514146358,0.23980000000000004,0.3290338749814155,0.14840000000000003,0.12072766045166729,0.08180000000000001,0.004489569803749754,0.16570000000000001,0.19627857830964154,0.07400000000000001,0.030984546185531057,0.18720000000000003,0.25686047287957037,0.10310000000000001,0.06162529738842452,0.0,44.81887657037259,20.84226248743891,1772.3853656035499,30.8,1.0,0.0446865773554577,0.1226681247934911,-0.2299098264879454,19.20017712396649,3.9840637450199203,63.333333333333336
ATO,Atmos Energy,Utilities,Gas Utilities,24.53036913943551,484,13,0.8666863690040749,0.2817045256133105,0.23980000000000004,0.3192458397355563,0.14840000000000003,0.1478230584483848,0.08180000000000001,0.017424059843448546,0.16570000000000001,0.20155444285624022,0.07400000000000001,0.011362084539301574,0.18720000000000003,0.2492194378586161,0.10310000000000001,0.0533710767184525,0.0,33.728955035029934,25.87934547684694,1772.3853656035499,34.6,2.0,0.0278310590172293,0.2760781699521875,-0.4543801951859886,18.2227910504361,3.7848605577689245,60.0
AEE,Ameren,Utilities,Multi-Utilities,24.280541653281563,485,14,0.8484757607324049,0.2720760488793929,0.23980000000000004,0.3330966760855691,0.14840000000000003,0.09531754465579616,0.08180000000000001,0.01818002208760604,0.16570000000000001,0.1994028292005758,0.07400000000000001,0.02518510495048392,0.18720000000000003,0.26003210076404726,0.10310000000000001,0.06878572225592174,0.0,42.50160522128286,21.356746067815997,1772.3853656035499,27.2,2.0,0.0436544557236287,0.1640625,-0.5399816176470589,20.085849056603777,3.585657370517928,56.666666666666664
PEG,Public Service Enterprise Group,Utilities,Electric Utilities,23.908949306156426,486,15,0.8322632035527056,0.26150958045229034,0.23980000000000004,0.34620058001766557,0.14840000000000003,0.09906730272270646,0.08180000000000001,0.018895217645000868,0.16570000000000001,0.20740878963135972,0.07400000000000001,0.03128724174193542,0.18720000000000003,0.19817356630189378,0.10310000000000001,0.09896730193943815,0.0,42.50160522128286,20.18676133456711,1772.3853656035499,27.2,2.0,0.0434257732134052,0.1307752545027408,-0.0845732184808144,23.367562380038382,3.3864541832669324,53.333333333333336
SO,Southern Company,Utilities,Electric Utilities,23.908416606056043,487,16,0.8372075347517217,0.26305546071954106,0.23980000000000004,0.3421235125290893,0.14840000000000003,0.14410383591377202,0.08180000000000001,0.01867269613002803,0.16570000000000001,0.20522115423661208,0.07400000000000001,0.025261603431067963,0.18720000000000003,0.20001852412538199,0.10310000000000001,0.06459867363404849,0.0,35.31018722179858,24.156904256239113,2736.923881826,33.0,2.0,0.04306072444716,0.1682671635373369,-0.0918732979790741,19.272099814175736,3.187250996015936,50.0
ETR,Entergy,Utilities,Electric Utilities,23.856689103990327,488,17,0.8502933991325685,0.2664079750614561,0.23980000000000004,0.33167410315350604,0.14840000000000003,0.09145318303620224,0.08180000000000001,0.018102379741755995,0.16570000000000001,0.19963766563801888,0.07400000000000001,0.03124375777112672,0.18720000000000003,0.25892156843342923,0.10310000000000001,0.06896734222596095,0.0,43.209592258834356,19.958503336127166,1772.3853656035499,26.7,2.0,0.0420508167495865,0.1226006438647444,-0.4938054213386388,20.15023754068066,2.9880478087649402,46.666666666666664
XEL,Xcel Energy,Utilities,Multi-Utilities,23.829756712245775,489,18,0.8579300954049806,0.2684022600844349,0.23980000000000004,0.3257957189594741,0.14840000000000003,0.08849156191636451,0.08180000000000001,0.01778154449433527,0.16570000000000001,0.2002986105757058,0.07400000000000001,0.021454410674891036,0.18720000000000003,0.2543326046255778,0.10310000000000001,0.09184554875365152,0.0,43.49594667756047,19.864992147988307,1772.3853656035499,26.5,2.0,0.0357827109504961,0.1878807310035267,-0.5924975953831356,23.21574705517669,2.7888446215139444,43.333333333333336
AES,AES Corporation,Utilities,Independent Power Producers & Energy Traders,23.820350760610214,490,19,0.8274934801018382,0.2587460712270104,0.23980000000000004,0.29117701838847954,0.14840000000000003,0.09656222844844824,0.08180000000000001,0.019113671826950472,0.16570000000000001,0.19598775401522922,0.07400000000000001,0.03267719512400439,0.18720000000000003,0.25627819989636264,0.10310000000000001,0.10820393230052554,8.816021225332001,43.209592258834356,17.871173182488736,1182.9724422852,26.7,2.0,0.063092296913603,0.1244886031560491,-0.1744593804792519,24.23421262989608,2.589641434262948,40.0
CMS,CMS Energy,Utilities,Multi-Utilities,23.465478613960865,491,20,0.8714435954474521,0.2671845421114174,0.23980000000000004,0.31576981584688035,0.14840000000000003,0.057511516706333414,0.08180000000000001,0.017234342576330153,0.16570000000000001,0.1883489485444794,0.07400000000000001,0.03886691285496187,0.18720000000000003,0.2465058779255046,0.10310000000000001,0.13576258554551027,0.0,50.79877400480529,13.292887216508607,1772.3853656035499,21.7,2.0,0.0447133602249113,0.0656096227446692,-0.2782941498086386,28.529590288315628,2.3904382470119523,36.666666666666664
DUK,Duke Energy,Utilities,Electric Utilities,23.406852249966505,492,21,0.853306086485527,0.2607701873743025,0.23980000000000004,0.32933621655588324,0.14840000000000003,0.09286065866710555,0.08180000000000001,0.01797478066006422,0.16570000000000001,0.20113544056035637,0.07400000000000001,0.027803726393509972,0.18720000000000003,0.2465498295742663,0.10310000000000001,0.08433934758881448,0.0,42.78342057187967,19.15325230771396,2413.328501383,27.0,2.0,0.0377540516482587,0.1438356164383561,-0.1833508956796628,22.19730392156863,2.191235059760956,33.333333333333336
AEP,American Electric Power,Utilities,Electric Utilities,23.26910242950214,493,22,0.8574300242189258,0.26002076987760736,0.23980000000000004,0.32617585158015866,0.14840000000000003,0.08594043727916524,0.08180000000000001,0.017802291682573464,0.16570000000000001,0.19450565434566633,0.07400000000000001,0.029451773421033573,0.18720000000000003,0.2546293553619921,0.10310000000000001,0.09149463632941057,0.0,44.07384886333725,18.017240041156104,2348.651917539,26.1,2.0,0.0447890104466562,0.1309458218549127,-0.2317722681359045,23.161589403973508,1.9920318725099602,30.0
MOS,Mosaic Company (The),Materials,Fertilizers & Agricultural Chemicals,23.09123781347447,494,25,0.8086900748206257,0.24280269639226063,0.23980000000000004,0.21877877428541131,0.14840000000000003,0.1591619701791308,0.08180000000000001,0.02001285553441592,0.16570000000000001,0.16964103480233886,0.07400000000000001,0.08302088374571352,0.18720000000000003,0.19173431293233867,0.10310000000000001,0.15765016852065103,22.756825119033113,34.794999845849986,15.460401610765071,401.0127120144,33.5,2.0,0.1146111920521738,-0.0965971459934138,-0.0541411423108246,81.07434402332362,1.792828685258964,0.0
D,Dominion Energy,Utilities,Multi-Utilities,22.789713798630487,495,23,0.8502648677032606,0.2509677653240459,0.23980000000000004,0.32612905514504914,0.14840000000000003,0.0894156015343024,0.08180000000000001,0.018103594646553603,0.16570000000000001,0.20326076648425168,0.07400000000000001,0.03900382175852675,0.18720000000000003,0.18147708952211153,0.10310000000000001,0.14261007090920508,0.8427687660834228,43.63978066217187,16.66114430697093,2196.2397809151,26.4,2.0,0.0367541491988744,0.0758928571428571,-0.0691964285714285,32.75462392108508,1.593625498007968,26.666666666666668
DTE,DTE Energy,Utilities,Multi-Utilities,22.057649138686873,496,24,0.8440630405007119,0.23886944892675877,0.23980000000000004,0.3365886063215436,0.14840000000000003,0.11561034002328785,0.08180000000000001,0.01837060750432178,0.16570000000000001,0.16885557233797666,0.07400000000000001,0.04468766246123294,0.18720000000000003,0.18068256131899263,0.10310000000000001,0.13520465003264462,0.0,39.02435080100801,17.912688816102552,1772.3853656035499,29.8,2.0,0.0932895405385788,0.0480451274071192,-0.0628282435323867,27.421761658031087,1.3944223107569722,23.333333333333332
EVRG,Evergy,Utilities,Electric Utilities,21.8124800700673,497,25,0.865981419634601,0.2415884590501882,0.23980000000000004,0.3197658133742794,0.14840000000000003,0.10187334439697096,0.08180000000000001,0.022088243601493963,0.16570000000000001,0.1922208548488053,0.07400000000000001,0.02706909854109667,0.18720000000000003,0.2496253555615726,0.10310000000000001,0.08735728967578116,0.0,38.550720115024006,18.598620623428985,1772.3853656035499,26.7,2.0,0.0424318024959551,0.1433237784147723,-0.4075061662555829,22.87725631768953,1.1952191235059761,20.0
FE,FirstEnergy,Utilities,Electric Utilities,21.80782205638248,498,26,0.8192123498425963,0.22847857191854254,0.23980000000000004,0.30387082792368325,0.14840000000000003,0.09057344097614518,0.08180000000000001,0.043879616460104444,0.16570000000000001,0.19991319627233514,0.07400000000000001,0.04156279865046457,0.18720000000000003,0.21186890869584102,0.10310000000000001,0.10833121102142629,7.781849907780025,37.441027087173765,18.10766343830511,1281.8200089722002,25.6,3.0,0.063173081877673,0.0783034257748776,-0.0967917346383904,24.019933554817275,0.9960159362549801,16.666666666666668
CNP,CenterPoint Energy,Utilities,Multi-Utilities,21.679933043775478,499,27,0.8713120781602423,0.241189624177736,0.23980000000000004,0.3158651486784714,0.14840000000000003,0.10063064195251659,0.08180000000000001,0.017239545729373786,0.16570000000000001,0.18847806005437012,0.07400000000000001,0.031147692249868835,0.18720000000000003,0.24658029955216781,0.10310000000000001,0.10005861178323144,0.0,40.450916284239604,16.538757367974885,1772.3853656035499,28.7,2.0,0.04460103626943,0.1133828996282527,-0.275092936802974,24.51944167497508,0.796812749003984,13.333333333333334
PPL,PPL Corporation,Utilities,Electric Utilities,21.45519175695491,500,28,0.8707516989823593,0.2378533361053185,0.23980000000000004,0.3162718345541167,0.14840000000000003,0.11984334777261645,0.08180000000000001,0.017261742162820184,0.16570000000000001,0.1880823696905966,0.07400000000000001,0.03186951687404501,0.18720000000000003,0.24689777910146227,0.10310000000000001,0.07977340984434265,0.0,37.19747348262849,18.049859304525114,1772.3853656035499,31.3,2.0,0.0455929677544761,0.1089531027948839,-0.3306489815253434,22.040793825799337,0.5976095617529881,10.0
EIX,Edison International,Utilities,Electric Utilities,21.4320099800627,501,29,0.8453348017817386,0.2305929412688697,0.23980000000000004,0.3355766088047617,0.14840000000000003,0.09815712016429419,0.08180000000000001,0.04120959122636623,0.16570000000000001,0.19975935403701303,0.07400000000000001,0.030641511259014757,0.18720000000000003,0.21961369226035568,0.10310000000000001,0.07504212224819445,0.0,34.479842059726636,20.708728483185144,1772.3853656035499,27.5,3.0,0.0453047176383733,0.1287583199449162,-0.1322010557723204,20.84083044982699,0.398406374501992,6.666666666666667
NI,NiSource,Utilities,Multi-Utilities,18.16538240501387,502,30,0.8963595168801092,0.1989709718824211,0.23980000000000004,0.29845902165696464,0.14840000000000003,0.07803620600029203,0.08180000000000001,0.036651464844680126,0.16570000000000001,0.18350868669165377,0.07400000000000001,0.042032469067390194,0.18720000000000003,0.23299219705664628,0.10310000000000001,0.12831995468237303,0.0,36.809199003428404,11.727464456342044,1772.3853656035499,26.0,3.0,0.0357557613015267,0.0338945172824791,-0.310637663885578,28.4847986852917,0.199203187250996,3.3333333333333335
PCG,PG&E Corporation,Utilities,Multi-Utilities,16.020865739970496,503,31,0.9005430412274353,0.17179837924855015,0.23980000000000004,0.29569244575617576,0.14840000000000003,0.10569443857233128,0.08180000000000001,0.0645541739792632,0.16570000000000001,0.17880873785352222,0.07400000000000001,0.026974765269143743,0.18720000000000003,0.23083246807988367,0.10310000000000001,0.09744297048968002,0.0,22.635950183434304,16.814112296738703,1772.3853656035499,30.4,4.0,0.0406821252309134,0.1289393425957302,-0.349203659776347,24.97867298578199,0.0,0.0
