ticker,segment,revenue,share,class,fiscal_year,filing_url,method
MMM,ConsumerSegment,4920000000.0,0.2001953125,neutral,2025,https://www.sec.gov/Archives/edgar/data/66740/000006674026000014/,xbrl
MMM,SafetyAndIndustrialSegment,11384000000.0,0.4632161458333333,neutral,2025,https://www.sec.gov/Archives/edgar/data/66740/000006674026000014/,xbrl
MMM,TransportationAndElectronicsSegment,8272000000.0,0.3365885416666667,neutral,2025,https://www.sec.gov/Archives/edgar/data/66740/000006674026000014/,xbrl
AOS,ReportableSegments,3830200000.0,0.4977647242293497,beneficiary,2025,https://www.sec.gov/Archives/edgar/data/91142/000009114226000008/,xbrl
AOS,RestOfWorld,880400000.0,0.11441492956282165,beneficiary,2025,https://www.sec.gov/Archives/edgar/data/91142/000009114226000008/,xbrl
AOS,NorthAmericaSegment,2984200000.0,0.3878203462078287,beneficiary,2025,https://www.sec.gov/Archives/edgar/data/91142/000009114226000008/,xbrl
AES,NewEnergyTechnologies,1000000.0,7.49737591842855e-05,beneficiary,2025,https://www.sec.gov/Archives/edgar/data/874761/000087476126000063/,xbrl
AES,Renewables,2913000000.0,0.21839856050382367,beneficiary,2025,https://www.sec.gov/Archives/edgar/data/874761/000087476126000063/,xbrl
AES,Utilities,4122000000.0,0.3090418353576248,electricity_generation,2025,https://www.sec.gov/Archives/edgar/data/874761/000087476126000063/,xbrl
AES,EnergyInfrastructure,5402000000.0,0.40500824711351024,beneficiary,2025,https://www.sec.gov/Archives/edgar/data/874761/000087476126000063/,xbrl
AES,AESAndes,900000000.0,0.06747638326585695,electricity_generation,2025,https://www.sec.gov/Archives/edgar/data/874761/000087476126000063/,xbrl
APD,Merchant,5336900000.0,0.4433635449810173,neutral,2025,https://www.sec.gov/Archives/edgar/data/2969/000000296925000055/,xbrl
APD,Onsite,6180400000.0,0.5134373987522118,neutral,2025,https://www.sec.gov/Archives/edgar/data/2969/000000296925000055/,xbrl
APD,SaleofEquipment,520000000.0,0.043199056266770786,neutral,2025,https://www.sec.gov/Archives/edgar/data/2969/000000296925000055/,xbrl
ABNB,ReportableSegment,12241000000.0,1.0,neutral,2025,https://www.sec.gov/Archives/edgar/data/1559720/000155972026000004/,xbrl
ALB,Specialties,1366435000.0,0.2657021081981118,neutral,2025,https://www.sec.gov/Archives/edgar/data/915913/000091591326000018/,xbrl
ALB,EnergyStorage,2710035000.0,0.5269639703247281,beneficiary,2025,https://www.sec.gov/Archives/edgar/data/915913/000091591326000018/,xbrl
ALB,Ketjen,1066263000.0,0.2073339214771601,neutral,2025,https://www.sec.gov/Archives/edgar/data/915913/000091591326000018/,xbrl
ALLE,Alle_AllegionAmericas,3218800000.0,0.791384948245765,neutral,2025,https://www.sec.gov/Archives/edgar/data/1579241/000157924126000007/,xbrl
ALLE,AllegionInternational,848500000.0,0.208615051754235,neutral,2025,https://www.sec.gov/Archives/edgar/data/1579241/000157924126000007/,xbrl
LNT,Ipl,2208000000.0,0.51673297449099,electricity_generation,2025,https://www.sec.gov/Archives/edgar/data/352541/000035254126000007/,xbrl
LNT,Wpl,2065000000.0,0.4832670255090101,electricity_generation,2025,https://www.sec.gov/Archives/edgar/data/352541/000035254126000007/,xbrl
MO,EVapor,-13000000.0,-0.0005582513848928586,neutral,2025,https://www.sec.gov/Archives/edgar/data/764180/000076418026000017/,xbrl
MO,OralTobaccoSegment,2802000000.0,0.1203246446515223,neutral,2025,https://www.sec.gov/Archives/edgar/data/764180/000076418026000017/,xbrl
MO,SmokeableProductsSegment,20485000000.0,0.8796753553484777,neutral,2025,https://www.sec.gov/Archives/edgar/data/764180/000076418026000017/,xbrl
AMZN,NorthAmericaSegment,426305000000.0,0.5946306721493492,neutral,2025,https://www.sec.gov/Archives/edgar/data/1018724/000101872426000004/,xbrl
AMZN,InternationalSegment,161894000000.0,0.2258175204066261,neutral,2025,https://www.sec.gov/Archives/edgar/data/1018724/000101872426000004/,xbrl
AMZN,AmazonWebServicesSegment,128725000000.0,0.17955180744402474,neutral,2025,https://www.sec.gov/Archives/edgar/data/1018724/000101872426000004/,xbrl
AMCR,OtherSegment,0.0,0.0,neutral,2025,https://www.sec.gov/Archives/edgar/data/1748790/000174879025000023/,xbrl
AMCR,RigidPackagingSegment,4137000000.0,0.27563461922846294,neutral,2025,https://www.sec.gov/Archives/edgar/data/1748790/000174879025000023/,xbrl
AMCR,FlexiblesSegment,10872000000.0,0.7243653807715371,neutral,2025,https://www.sec.gov/Archives/edgar/data/1748790/000174879025000023/,xbrl
AEE,Electricity,7668000000.0,0.8714626662120696,electricity_generation,2025,https://www.sec.gov/Archives/edgar/data/1002910/000100291026000009/,xbrl
AEE,NaturalGasReserves,1131000000.0,0.12853733378793045,exposed,2025,https://www.sec.gov/Archives/edgar/data/1002910/000100291026000009/,xbrl
AEP,ProductAndServiceOther,526000000.0,0.024044615103309564,neutral,2025,https://www.sec.gov/Archives/edgar/data/4904/000000490426000013/,xbrl
AEP,Electricity,12556000000.0,0.5739623331504845,electricity_generation,2025,https://www.sec.gov/Archives/edgar/data/4904/000000490426000013/,xbrl
AEP,TransmissionandDistributionUtilitiesRevenues,6097000000.0,0.278707259096727,neutral,2025,https://www.sec.gov/Archives/edgar/data/4904/000000490426000013/,xbrl
AEP,GenerationAndMarketingRevenues,2697000000.0,0.12328579264947888,electricity_generation,2025,https://www.sec.gov/Archives/edgar/data/4904/000000490426000013/,xbrl
AWK,RegulatedBusiness,4723000000.0,1.0,neutral,2025,https://www.sec.gov/Archives/edgar/data/1410636/000141063626000034/,xbrl
AME,AerospaceAndPower,2187172000.0,0.29551921629116473,neutral,2025,https://www.sec.gov/Archives/edgar/data/1037868/000103786826000016/,xbrl
AME,ProcessAndAnalyticalInstrumentation,3464289000.0,0.4680765711549447,neutral,2025,https://www.sec.gov/Archives/edgar/data/1037868/000103786826000016/,xbrl
AME,AutomationAndEngineeredSolutions,1749655000.0,0.23640421255389052,neutral,2025,https://www.sec.gov/Archives/edgar/data/1037868/000103786826000016/,xbrl
APA,OilAndGas,8920000000.0,0.8406370747337668,exposed,2025,https://www.sec.gov/Archives/edgar/data/1841666/000184166626000015/,xbrl
APA,OilAndGasPurchased,1691000000.0,0.15936292526623316,exposed,2025,https://www.sec.gov/Archives/edgar/data/1841666/000184166626000015/,xbrl
APTV,EngineeredComponentsGroup,6662000000.0,0.31318164723580294,neutral,2025,https://www.sec.gov/Archives/edgar/data/1521332/000152133226000009/,xbrl
APTV,AdvancedSafetyandUserExperience,5792000000.0,0.2722828130876269,neutral,2025,https://www.sec.gov/Archives/edgar/data/1521332/000152133226000009/,xbrl
APTV,ElectricalDistributionSystems,8818000000.0,0.41453553967657014,neutral,2025,https://www.sec.gov/Archives/edgar/data/1521332/000152133226000009/,xbrl
ADM,AgServicesandOilseeds,61571000000.0,0.7713730894512654,neutral,2025,https://www.sec.gov/Archives/edgar/data/7084/000000708426000011/,xbrl
ADM,CarbohydrateSolutions,10737000000.0,0.13451515910799297,neutral,2025,https://www.sec.gov/Archives/edgar/data/7084/000000708426000011/,xbrl
ADM,Nutrition,7512000000.0,0.09411175144074167,neutral,2025,https://www.sec.gov/Archives/edgar/data/7084/000000708426000011/,xbrl
ATO,DistributionSegment,4422355000.0,0.9403753757106207,exposed,2025,https://www.sec.gov/Archives/edgar/data/731802/000073180225000056/,xbrl
ATO,PipelineandStorageSegment,280400000.0,0.05962462428937931,exposed,2025,https://www.sec.gov/Archives/edgar/data/731802/000073180225000056/,xbrl
ADP,EmployerServicesSegment,13883100000.0,0.6748049675553504,neutral,2025,https://www.sec.gov/Archives/edgar/data/8670/000000867025000037/,xbrl
ADP,ProfessionalEmployeeOrganizationServicesSegment,6690400000.0,0.32519503244464965,neutral,2025,https://www.sec.gov/Archives/edgar/data/8670/000000867025000037/,xbrl
AZO,AutoPartsLocations,18938717000.0,1.0,exposed,2025,https://www.sec.gov/Archives/edgar/data/866787/000110465925102611/,xbrl
AVY,MaterialsGroupSegment,6093300000.0,0.6880808537067359,neutral,2025,https://www.sec.gov/Archives/edgar/data/8818/000000881826000015/,xbrl
AVY,SolutionsGroupSegment,2762200000.0,0.31191914629326406,neutral,2025,https://www.sec.gov/Archives/edgar/data/8818/000000881826000015/,xbrl
AXON,PlatformSolutions,265946000.0,0.0478399991941101,neutral,2025,https://www.sec.gov/Archives/edgar/data/1069183/000162828026011360/,xbrl
AXON,PersonalSensors,397035000.0,0.0714210933047818,neutral,2025,https://www.sec.gov/Archives/edgar/data/1069183/000162828026011360/,xbrl
AXON,TASERDevicesProfessional,913883000.0,0.16439488461383484,neutral,2025,https://www.sec.gov/Archives/edgar/data/1069183/000162828026011360/,xbrl
AXON,SoftwareAndServices,1202672000.0,0.21634402288727328,neutral,2025,https://www.sec.gov/Archives/edgar/data/1069183/000162828026011360/,xbrl
AXON,Service,1202672000.0,0.21634402288727328,neutral,2025,https://www.sec.gov/Archives/edgar/data/1069183/000162828026011360/,xbrl
AXON,Product,1576864000.0,0.2836559771127267,neutral,2025,https://www.sec.gov/Archives/edgar/data/1069183/000162828026011360/,xbrl
BKR,Product,18216000000.0,0.6568348177261746,exposed,2025,https://www.sec.gov/Archives/edgar/data/1701605/000170160526000007/,xbrl
BKR,Service,9517000000.0,0.3431651822738254,exposed,2025,https://www.sec.gov/Archives/edgar/data/1701605/000170160526000007/,xbrl
BALL,MetalBeveragePackagingEurope,3983000000.0,0.32040865577990507,neutral,2025,https://www.sec.gov/Archives/edgar/data/9389/000110465926017410/,xbrl
BALL,MetalBeveragePackagingNorthAndCentralAmerica,6286000000.0,0.5056713056069504,neutral,2025,https://www.sec.gov/Archives/edgar/data/9389/000110465926017410/,xbrl
BALL,MetalBeveragePackagingSouthAmerica,2162000000.0,0.17392003861314456,neutral,2025,https://www.sec.gov/Archives/edgar/data/9389/000110465926017410/,xbrl
BBY,DomesticSegment,38278000000.0,0.9181358086877264,neutral,2026,https://www.sec.gov/Archives/edgar/data/764478/000076447826000009/,xbrl
BBY,InternationalSegment,3413000000.0,0.08186419131227363,neutral,2026,https://www.sec.gov/Archives/edgar/data/764478/000076447826000009/,xbrl
BA,Service,14107000000.0,0.15768530006818463,exposed,2025,https://www.sec.gov/Archives/edgar/data/12927/000162828026004357/,xbrl
BA,Product,75356000000.0,0.8423146999318154,exposed,2025,https://www.sec.gov/Archives/edgar/data/12927/000162828026004357/,xbrl
BKNG,Advertisingandotherrevenues,1194000000.0,0.04435858379462793,neutral,2025,https://www.sec.gov/Archives/edgar/data/1075531/000107553126000009/,xbrl
BKNG,MerchantRevenue,17755000000.0,0.6596203142995133,neutral,2025,https://www.sec.gov/Archives/edgar/data/1075531/000107553126000009/,xbrl
BKNG,AgencyRevenue,7968000000.0,0.29602110190585873,neutral,2025,https://www.sec.gov/Archives/edgar/data/1075531/000107553126000009/,xbrl
BR,DistributionRevenue,2062000000.0,0.2993090634616501,neutral,2025,https://www.sec.gov/Archives/edgar/data/1383312/000162828025037656/,xbrl
BR,EventDrivenRevenue,319300000.0,0.04634790686872206,neutral,2025,https://www.sec.gov/Archives/edgar/data/1383312/000162828025037656/,xbrl
BR,RecurringFeeRevenue,4507900000.0,0.6543430296696279,neutral,2025,https://www.sec.gov/Archives/edgar/data/1383312/000162828025037656/,xbrl
BF-B,Nonbrandedandbulk,33000000.0,0.00840122199592668,neutral,2026,https://www.sec.gov/Archives/edgar/data/14693/000001469326000024/,xbrl
BF-B,ReadyToDrink,542000000.0,0.1379837067209776,neutral,2026,https://www.sec.gov/Archives/edgar/data/14693/000001469326000024/,xbrl
BF-B,Restofportfolio,201000000.0,0.051171079429735235,neutral,2026,https://www.sec.gov/Archives/edgar/data/14693/000001469326000024/,xbrl
BF-B,Tequila,251000000.0,0.06390020366598778,neutral,2026,https://www.sec.gov/Archives/edgar/data/14693/000001469326000024/,xbrl
BF-B,Whiskey,2901000000.0,0.7385437881873728,neutral,2026,https://www.sec.gov/Archives/edgar/data/14693/000001469326000024/,xbrl
BLDR,SpecialtyBuildingProductsAndServices,4068074000.0,0.2678013918836062,beneficiary,2025,https://www.sec.gov/Archives/edgar/data/1316835/000119312526054643/,xbrl
BLDR,LumberAndLumberSheetGoods,3875868000.0,0.2551484671019084,neutral,2025,https://www.sec.gov/Archives/edgar/data/1316835/000119312526054643/,xbrl
BLDR,WindowsDoorsAndMillwork,3836204000.0,0.2525373851973828,beneficiary,2025,https://www.sec.gov/Archives/edgar/data/1316835/000119312526054643/,xbrl
BLDR,ManufacturedProducts,3410492000.0,0.22451275581710262,neutral,2025,https://www.sec.gov/Archives/edgar/data/1316835/000119312526054643/,xbrl
BG,MillingProducts,1545000000.0,0.021968178134197842,neutral,2025,https://www.sec.gov/Archives/edgar/data/1996862/000162828026009842/,xbrl
BG,SoftseedProcessingAndRefining,11252000000.0,0.1599908999132648,neutral,2025,https://www.sec.gov/Archives/edgar/data/1996862/000162828026009842/,xbrl
BG,GrainMerchandising,16583000000.0,0.23579177864039016,neutral,2025,https://www.sec.gov/Archives/edgar/data/1996862/000162828026009842/,xbrl
BG,SoybeanProcessingAndRefining,36313000000.0,0.5163303900240299,neutral,2025,https://www.sec.gov/Archives/edgar/data/1996862/000162828026009842/,xbrl
BG,OtherProducts,3000000.0,4.2656656571257946e-05,neutral,2025,https://www.sec.gov/Archives/edgar/data/1996862/000162828026009842/,xbrl
BG,OtherOilseedsProcessingAndRefining,4633000000.0,0.06587609663154602,neutral,2025,https://www.sec.gov/Archives/edgar/data/1996862/000162828026009842/,xbrl
CHRW,Sourcing,1408959000.0,0.08679723839989532,neutral,2025,https://www.sec.gov/Archives/edgar/data/1043277/000104327726000009/,xbrl
CHRW,TransportationCustomersFreight,14823804000.0,0.9132027616001047,exposed,2025,https://www.sec.gov/Archives/edgar/data/1043277/000104327726000009/,xbrl
CCL,CruisePassengerTicket,17419000000.0,0.654333045340145,neutral,2025,https://www.sec.gov/Archives/edgar/data/815097/000081509726000007/,xbrl
CCL,CruiseOnboardAndOther,9202000000.0,0.345666954659855,neutral,2025,https://www.sec.gov/Archives/edgar/data/815097/000081509726000007/,xbrl
CARR,Service,2574000000.0,0.11836115326251896,beneficiary,2025,https://www.sec.gov/Archives/edgar/data/1783180/000178318026000008/,xbrl
CARR,Product,19173000000.0,0.881638846737481,beneficiary,2025,https://www.sec.gov/Archives/edgar/data/1783180/000178318026000008/,xbrl
CVNA,UsedVehicleSales,14537000000.0,0.7153331365023128,exposed,2025,https://www.sec.gov/Archives/edgar/data/1690820/000169082026000009/,xbrl
CVNA,WholesaleSalesAndRevenues,4052000000.0,0.1993898238362366,exposed,2025,https://www.sec.gov/Archives/edgar/data/1690820/000169082026000009/,xbrl
CVNA,ProductAndServiceOther,1733000000.0,0.08527703966145064,neutral,2025,https://www.sec.gov/Archives/edgar/data/1690820/000169082026000009/,xbrl
CASY,ReportableSegment,17561101000.0,1.0,neutral,2026,https://www.sec.gov/Archives/edgar/data/726958/000072695826000046/,xbrl
CAT,MachineryPowerEnergy,63980000000.0,0.9466037372945302,neutral,2025,https://www.sec.gov/Archives/edgar/data/18230/000001823026000008/,xbrl
CAT,FinancialProducts,3609000000.0,0.05339626270546983,neutral,2025,https://www.sec.gov/Archives/edgar/data/18230/000001823026000008/,xbrl
CNP,EnergyProductsOrServices,216000000.0,0.023084321898044245,neutral,2025,https://www.sec.gov/Archives/edgar/data/1130310/000113031026000008/,xbrl
CNP,WholesaleElectricSales,19000000.0,0.002030565352142781,electricity_generation,2025,https://www.sec.gov/Archives/edgar/data/1130310/000113031026000008/,xbrl
CNP,RetailGasSales,4266000000.0,0.45591535748637385,exposed,2025,https://www.sec.gov/Archives/edgar/data/1130310/000113031026000008/,xbrl
CNP,ElectricDelivery,4109000000.0,0.4391364753660361,neutral,2025,https://www.sec.gov/Archives/edgar/data/1130310/000113031026000008/,xbrl
CNP,RetailElectricSales,736000000.0,0.07865768943037298,electricity_generation,2025,https://www.sec.gov/Archives/edgar/data/1130310/000113031026000008/,xbrl
CNP,GasTransportationandProcessing,11000000.0,0.001175590467030031,exposed,2025,https://www.sec.gov/Archives/edgar/data/1130310/000113031026000008/,xbrl
CF,Urea,1781000000.0,0.25141163184641446,neutral,2025,https://www.sec.gov/Archives/edgar/data/1324404/000132440426000007/,xbrl
CF,Ammonia,2176000000.0,0.3071710897797854,neutral,2025,https://www.sec.gov/Archives/edgar/data/1324404/000132440426000007/,xbrl
CF,OtherProducts,545000000.0,0.07693393562958781,neutral,2025,https://www.sec.gov/Archives/edgar/data/1324404/000132440426000007/,xbrl
CF,AmmoniumNitrateSegment,421000000.0,0.05942970073404856,neutral,2025,https://www.sec.gov/Archives/edgar/data/1324404/000132440426000007/,xbrl
CF,UAN,2161000000.0,0.3050536420101638,neutral,2025,https://www.sec.gov/Archives/edgar/data/1324404/000132440426000007/,xbrl
CMG,DeliveryService,59550000.0,0.004993459029863569,neutral,2025,https://www.sec.gov/Archives/edgar/data/1058090/000105809026000009/,xbrl
CMG,FoodAndBeverage,11866051000.0,0.9950065409701364,neutral,2025,https://www.sec.gov/Archives/edgar/data/1058090/000105809026000009/,xbrl
CHD,SpecialtyProductsDivision,299000000.0,0.0482009285530049,neutral,2025,https://www.sec.gov/Archives/edgar/data/313927/000119312526048139/,xbrl
CHD,ConsolidatingReclassification,0.0,0.0,neutral,2025,https://www.sec.gov/Archives/edgar/data/313927/000119312526048139/,xbrl
CHD,ConsumerDomestic,4774800000.0,0.7697317513541398,neutral,2025,https://www.sec.gov/Archives/edgar/data/313927/000119312526048139/,xbrl
CHD,ConsumerInternational,1129400000.0,0.1820673200928553,neutral,2025,https://www.sec.gov/Archives/edgar/data/313927/000119312526048139/,xbrl
CTAS,UniformRentalAndFacilityServicesSegment,7976073000.0,0.7713668648546868,neutral,2025,https://www.sec.gov/Archives/edgar/data/723254/000072325425000017/,xbrl
CTAS,OtherProductsAndServices,2364108000.0,0.22863313514531322,neutral,2025,https://www.sec.gov/Archives/edgar/data/723254/000072325425000017/,xbrl
CLX,Lifestyle,1303000000.0,0.18440418907444098,neutral,2025,https://www.sec.gov/Archives/edgar/data/21076/000002107625000039/,xbrl
CLX,International,1065000000.0,0.1507217662043589,neutral,2025,https://www.sec.gov/Archives/edgar/data/21076/000002107625000039/,xbrl
CLX,Household,2001000000.0,0.28318709312199264,neutral,2025,https://www.sec.gov/Archives/edgar/data/21076/000002107625000039/,xbrl
CLX,HealthAndWellness,2697000000.0,0.38168695159920746,neutral,2025,https://www.sec.gov/Archives/edgar/data/21076/000002107625000039/,xbrl
CMS,NorthStarCleanEnergy,408000000.0,0.047780770582035365,beneficiary,2025,https://www.sec.gov/Archives/edgar/data/811156/000081115626000004/,xbrl
CMS,ElectricUtility,5638000000.0,0.6602646679939103,electricity_generation,2025,https://www.sec.gov/Archives/edgar/data/811156/000081115626000004/,xbrl
CMS,GasUtility,2493000000.0,0.29195456142405435,exposed,2025,https://www.sec.gov/Archives/edgar/data/811156/000081115626000004/,xbrl
KO,ConcentrateOperations,28462000000.0,0.5936880749254292,neutral,2025,https://www.sec.gov/Archives/edgar/data/21344/000162828026010047/,xbrl
KO,FinishedProductOperations,19479000000.0,0.4063119250745708,neutral,2025,https://www.sec.gov/Archives/edgar/data/21344/000162828026010047/,xbrl
CL,OralPersonalAndHomeCare,15769000000.0,0.7736728485918948,neutral,2025,https://www.sec.gov/Archives/edgar/data/21665/000002166526000006/,xbrl
CL,PetNutrition,4613000000.0,0.2263271514081052,neutral,2025,https://www.sec.gov/Archives/edgar/data/21665/000002166526000006/,xbrl
FIX,ElectricalSegment,2427896000.0,0.2667536546431572,beneficiary,2025,https://www.sec.gov/Archives/edgar/data/1035983/000110465926017530/,xbrl
FIX,MechanicalSegment,6673745000.0,0.7332463453568427,beneficiary,2025,https://www.sec.gov/Archives/edgar/data/1035983/000110465926017530/,xbrl
COP,AsiaPacificOperatingSegment,1770000000.0,0.030044812601846823,exposed,2025,https://www.sec.gov/Archives/edgar/data/1163165/000116316526000009/,xbrl
COP,LowerFortyEightSegment,41395000000.0,0.7026582020640956,exposed,2025,https://www.sec.gov/Archives/edgar/data/1163165/000116316526000009/,xbrl
COP,AlaskaSegment,5638000000.0,0.09570206409560021,exposed,2025,https://www.sec.gov/Archives/edgar/data/1163165/000116316526000009/,xbrl
COP,CanadaOperatingSegment,3625000000.0,0.06153245518739815,exposed,2025,https://www.sec.gov/Archives/edgar/data/1163165/000116316526000009/,xbrl
COP,EuropeMiddleEastAndNorthAfricaSegment,6484000000.0,0.11006246605105921,exposed,2025,https://www.sec.gov/Archives/edgar/data/1163165/000116316526000009/,xbrl
ED,OilAndGasPurchased,3610000000.0,0.21338219647712495,exposed,2025,https://www.sec.gov/Archives/edgar/data/1047862/000104786226000031/,xbrl
ED,NonUtilityProductsAndServices,3000000.0,0.00017732592505024234,neutral,2025,https://www.sec.gov/Archives/edgar/data/1047862/000104786226000031/,xbrl
ED,Steam,703000000.0,0.04155337510344012,neutral,2025,https://www.sec.gov/Archives/edgar/data/1047862/000104786226000031/,xbrl
ED,Electricity,12602000000.0,0.7448871024943847,electricity_generation,2025,https://www.sec.gov/Archives/edgar/data/1047862/000104786226000031/,xbrl
ED,ProductAndServiceOther,-131000000.0,-0.007743232060527249,neutral,2025,https://www.sec.gov/Archives/edgar/data/1047862/000104786226000031/,xbrl
STZ,Beer,8315200000.0,0.909858846700952,neutral,2026,https://www.sec.gov/Archives/edgar/data/16918/000001691826000011/,xbrl
STZ,ConstellationWinesAndSpirits,823800000.0,0.09014115329904804,neutral,2026,https://www.sec.gov/Archives/edgar/data/16918/000001691826000011/,xbrl
CPRT,Service,3968662000.0,0.854034402721092,neutral,2025,https://www.sec.gov/Archives/edgar/data/900075/000162828025042946/,xbrl
CPRT,Product,678296000.0,0.14596559727890804,neutral,2025,https://www.sec.gov/Archives/edgar/data/900075/000162828025042946/,xbrl
CTVA,CropProtection,7503000000.0,0.43118211597034656,neutral,2025,https://www.sec.gov/Archives/edgar/data/1755672/000175567226000004/,xbrl
CTVA,Seed,9898000000.0,0.5688178840296535,neutral,2025,https://www.sec.gov/Archives/edgar/data/1755672/000175567226000004/,xbrl
COST,FoodandSundries,109564000000.0,0.20098065292480743,neutral,2025,https://www.sec.gov/Archives/edgar/data/909832/000090983225000101/,xbrl
COST,FreshFood,37988000000.0,0.0696839568043115,neutral,2025,https://www.sec.gov/Archives/edgar/data/909832/000090983225000101/,xbrl
COST,Membership,5323000000.0,0.0097643387930228,neutral,2025,https://www.sec.gov/Archives/edgar/data/909832/000090983225000101/,xbrl
COST,NonFoods,71190000000.0,0.1305886302226739,neutral,2025,https://www.sec.gov/Archives/edgar/data/909832/000090983225000101/,xbrl
COST,Other,51170000000.0,0.09386459065169578,neutral,2025,https://www.sec.gov/Archives/edgar/data/909832/000090983225000101/,xbrl
COST,Product,269912000000.0,0.4951178306034886,neutral,2025,https://www.sec.gov/Archives/edgar/data/909832/000090983225000101/,xbrl
CRH,InternationalSolutions,13296000000.0,0.35506182070659864,neutral,2025,https://www.sec.gov/Archives/edgar/data/849395/000162828026009043/,xbrl
CRH,AmericasBuildingSolutions,7122000000.0,0.19018880017090822,neutral,2025,https://www.sec.gov/Archives/edgar/data/849395/000162828026009043/,xbrl
CRH,AmericasMaterialsSolutions,17029000000.0,0.45474937912249314,neutral,2025,https://www.sec.gov/Archives/edgar/data/849395/000162828026009043/,xbrl
CSX,Chemicals,2776000000.0,0.19699120068123757,neutral,2025,https://www.sec.gov/Archives/edgar/data/277948/000027794826000006/,xbrl
CSX,Minerals,832000000.0,0.05904059040590406,neutral,2025,https://www.sec.gov/Archives/edgar/data/277948/000027794826000006/,xbrl
CSX,AgriculturalandFoodProducts,1618000000.0,0.11481691739994324,neutral,2025,https://www.sec.gov/Archives/edgar/data/277948/000027794826000006/,xbrl
CSX,ForestProducts,975000000.0,0.06918819188191883,neutral,2025,https://www.sec.gov/Archives/edgar/data/277948/000027794826000006/,xbrl
CSX,Intermodal,2073000000.0,0.14710474027817202,neutral,2025,https://www.sec.gov/Archives/edgar/data/277948/000027794826000006/,xbrl
CSX,Trucking,816000000.0,0.05790519443655975,neutral,2025,https://www.sec.gov/Archives/edgar/data/277948/000027794826000006/,xbrl
CSX,CoalServices,1900000000.0,0.13482827135963668,exposed,2025,https://www.sec.gov/Archives/edgar/data/277948/000027794826000006/,xbrl
CSX,OtherServices,530000000.0,0.03760999148453023,neutral,2025,https://www.sec.gov/Archives/edgar/data/277948/000027794826000006/,xbrl
CSX,Automotive,1182000000.0,0.08387737723531082,exposed,2025,https://www.sec.gov/Archives/edgar/data/277948/000027794826000006/,xbrl
CSX,Fertilizers,521000000.0,0.036971331251774056,neutral,2025,https://www.sec.gov/Archives/edgar/data/277948/000027794826000006/,xbrl
CSX,MetalsandEquipment,869000000.0,0.061666193585012775,neutral,2025,https://www.sec.gov/Archives/edgar/data/277948/000027794826000006/,xbrl
CMI,Mediumdutytruckandbus,2547000000.0,0.06325121684712427,exposed,2025,https://www.sec.gov/Archives/edgar/data/26172/000002617226000009/,xbrl
CMI,EatonAutomatedTransmissionTechnologies,423000000.0,0.01050461905234926,exposed,2025,https://www.sec.gov/Archives/edgar/data/26172/000002617226000009/,xbrl
CMI,Parts,4073000000.0,0.1011473130028807,neutral,2025,https://www.sec.gov/Archives/edgar/data/26172/000002617226000009/,xbrl
CMI,PSBUPowerGeneration,2229000000.0,0.055354127346776597,neutral,2025,https://www.sec.gov/Archives/edgar/data/26172/000002617226000009/,xbrl
CMI,Generatortechnologies,647000000.0,0.016067348763285985,neutral,2025,https://www.sec.gov/Archives/edgar/data/26172/000002617226000009/,xbrl
CMI,DBUPowerGeneration,4928000000.0,0.12238005364060793,neutral,2025,https://www.sec.gov/Archives/edgar/data/26172/000002617226000009/,xbrl
CMI,Onhighway,7021000000.0,0.17435680937717293,exposed,2025,https://www.sec.gov/Archives/edgar/data/26172/000002617226000009/,xbrl
CMI,DrivetrainAndBrakingSystems,3983000000.0,0.09891228767259362,neutral,2025,https://www.sec.gov/Archives/edgar/data/26172/000002617226000009/,xbrl
CMI,Emissionsolutions,3034000000.0,0.07534518724545544,neutral,2025,https://www.sec.gov/Archives/edgar/data/26172/000002617226000009/,xbrl
CMI,Industrial,1238000000.0,0.030744015098837788,neutral,2025,https://www.sec.gov/Archives/edgar/data/26172/000002617226000009/,xbrl
CMI,AtmusFiltration,0.0,0.0,neutral,2025,https://www.sec.gov/Archives/edgar/data/26172/000002617226000009/,xbrl
CMI,EngineProductLine,1587000000.0,0.03941094665739545,exposed,2025,https://www.sec.gov/Archives/edgar/data/26172/000002617226000009/,xbrl
CMI,Offhighway,1083000000.0,0.02689480480778782,exposed,2025,https://www.sec.gov/Archives/edgar/data/26172/000002617226000009/,xbrl
CMI,EngineComponentsAndSoftware,1203000000.0,0.029874838581503922,neutral,2025,https://www.sec.gov/Archives/edgar/data/26172/000002617226000009/,xbrl
CMI,Heavydutytruck,2544000000.0,0.06317671600278137,exposed,2025,https://www.sec.gov/Archives/edgar/data/26172/000002617226000009/,xbrl
CMI,Lightdutyautomotive,1930000000.0,0.04792887652726731,exposed,2025,https://www.sec.gov/Archives/edgar/data/26172/000002617226000009/,xbrl
CMI,Service,1798000000.0,0.0446508393761796,neutral,2025,https://www.sec.gov/Archives/edgar/data/26172/000002617226000009/,xbrl
DRI,LongHornSteakhouseSegment,3025500000.0,0.317032022801576,neutral,2025,https://www.sec.gov/Archives/edgar/data/940944/000094094425000038/,xbrl
DRI,FineDiningSegment,1304800000.0,0.13672562662419313,neutral,2025,https://www.sec.gov/Archives/edgar/data/940944/000094094425000038/,xbrl
DRI,OliveGardenSegment,5212900000.0,0.5462423505742309,neutral,2025,https://www.sec.gov/Archives/edgar/data/940944/000094094425000038/,xbrl
DECK,HokaBrandSegment,2587330000.0,0.47280519913396496,neutral,2026,https://www.sec.gov/Archives/edgar/data/910521/000162828026037664/,xbrl
DECK,OtherBrandsSegment,146208000.0,0.02671785298163696,neutral,2026,https://www.sec.gov/Archives/edgar/data/910521/000162828026037664/,xbrl
DECK,UGGBrandSegment,2738758000.0,0.5004769478843981,neutral,2026,https://www.sec.gov/Archives/edgar/data/910521/000162828026037664/,xbrl
DE,FinancialService,5451000000.0,0.12013487900559792,neutral,2025,https://www.sec.gov/Archives/edgar/data/315189/000110465925122321/,xbrl
DE,Other,1006000000.0,0.022171287521488076,neutral,2025,https://www.sec.gov/Archives/edgar/data/315189/000110465925122321/,xbrl
DE,Product,38917000000.0,0.8576938334729141,neutral,2025,https://www.sec.gov/Archives/edgar/data/315189/000110465925122321/,xbrl
DAL,Airline,58287000000.0,0.8933147376164786,exposed,2025,https://www.sec.gov/Archives/edgar/data/27904/000002790426000013/,xbrl
DAL,Refinery,6961000000.0,0.10668526238352133,exposed,2025,https://www.sec.gov/Archives/edgar/data/27904/000002790426000013/,xbrl
DVN,OilGasAndNGLSales,11223000000.0,0.6685928750148934,exposed,2025,https://www.sec.gov/Archives/edgar/data/1090012/000119312526056485/,xbrl
DVN,MarketingAndMidstreamRevenues,5563000000.0,0.33140712498510666,exposed,2025,https://www.sec.gov/Archives/edgar/data/1090012/000119312526056485/,xbrl
FANG,OilExplorationandProduction,11621000000.0,0.40944965118737225,exposed,2025,https://www.sec.gov/Archives/edgar/data/1539838/000153983826000010/,xbrl
FANG,OilPurchased,1476000000.0,0.05200479176943133,exposed,2025,https://www.sec.gov/Archives/edgar/data/1539838/000153983826000010/,xbrl
FANG,NaturalGasLiquidsProduction,1432000000.0,0.050454513424001125,exposed,2025,https://www.sec.gov/Archives/edgar/data/1539838/000153983826000010/,xbrl
FANG,NaturalGasProduction,400000000.0,0.01409343950391093,exposed,2025,https://www.sec.gov/Archives/edgar/data/1539838/000153983826000010/,xbrl
FANG,OilNaturalGasAndNaturalGasLiquid,13453000000.0,0.47399760411528435,exposed,2025,https://www.sec.gov/Archives/edgar/data/1539838/000153983826000010/,xbrl
DG,Consumables,35053180000.0,0.8204493318555507,neutral,2026,https://www.sec.gov/Archives/edgar/data/29534/000110465926032325/,xbrl
DG,HomeProducts,2213521000.0,0.05180933157842542,neutral,2026,https://www.sec.gov/Archives/edgar/data/29534/000110465926032325/,xbrl
DG,Seasonal,4327364000.0,0.10128561524220521,neutral,2026,https://www.sec.gov/Archives/edgar/data/29534/000110465926032325/,xbrl
DG,Apparel,1130304000.0,0.026455721323818734,neutral,2026,https://www.sec.gov/Archives/edgar/data/29534/000110465926032325/,xbrl
DLTR,Consumable,9425900000.0,0.48597885098243426,neutral,2026,https://www.sec.gov/Archives/edgar/data/935703/000093570326000025/,xbrl
DLTR,Variety,8860500000.0,0.45682805982769376,neutral,2026,https://www.sec.gov/Archives/edgar/data/935703/000093570326000025/,xbrl
DLTR,Seasonal,1109300000.0,0.05719308918987198,neutral,2026,https://www.sec.gov/Archives/edgar/data/935703/000093570326000025/,xbrl
D,ContractedEnergy,1179000000.0,0.07103693438573236,electricity_generation,2025,https://www.sec.gov/Archives/edgar/data/715957/000119312526063120/,xbrl
D,DominionEnergyVirginia,11840000000.0,0.7133819364945472,electricity_generation,2025,https://www.sec.gov/Archives/edgar/data/715957/000119312526063120/,xbrl
D,DominionEnergySouthCarolina,3578000000.0,0.21558112911972044,electricity_generation,2025,https://www.sec.gov/Archives/edgar/data/715957/000119312526063120/,xbrl
DPZ,USStores,1611761000.0,0.32626780518356907,neutral,2025,https://www.sec.gov/Archives/edgar/data/1286681/000119312526062321/,xbrl
DPZ,InternationalFranchise,338704000.0,0.06856364602871988,neutral,2025,https://www.sec.gov/Archives/edgar/data/1286681/000119312526062321/,xbrl
DPZ,SupplyChain,2989529000.0,0.6051685487877111,neutral,2025,https://www.sec.gov/Archives/edgar/data/1286681/000119312526062321/,xbrl
DASH,ReportableSegment,13717000000.0,1.0,neutral,2025,https://www.sec.gov/Archives/edgar/data/1792789/000179278926000013/,xbrl
DOV,CleanEnergyFuelingSegment,2130507000.0,0.2630806076086292,beneficiary,2025,https://www.sec.gov/Archives/edgar/data/29905/000002990526000009/,xbrl
DOV,PumpsProcessSolutionsSegment,2148670000.0,0.26532342261744896,neutral,2025,https://www.sec.gov/Archives/edgar/data/29905/000002990526000009/,xbrl
DOV,EngineeredProductsSegment,1085844000.0,0.1340828728974767,neutral,2025,https://www.sec.gov/Archives/edgar/data/29905/000002990526000009/,xbrl
DOV,ClimateSustainabilityTechnologiesSegment,1559841000.0,0.1926132690729727,beneficiary,2025,https://www.sec.gov/Archives/edgar/data/29905/000002990526000009/,xbrl
DOV,ImagingIdentificationSegment,1173443000.0,0.14489982780347246,neutral,2025,https://www.sec.gov/Archives/edgar/data/29905/000002990526000009/,xbrl
DOW,PackagingSpecialtyPlastics,19970000000.0,0.508569536761148,neutral,2025,https://www.sec.gov/Archives/edgar/data/1751788/000175178826000018/,xbrl
DOW,IndustrialIntermediatesInfrastructure,11163000000.0,0.2842845137138055,neutral,2025,https://www.sec.gov/Archives/edgar/data/1751788/000175178826000018/,xbrl
DOW,PerformanceMaterialsCoatings,8134000000.0,0.20714594952504647,neutral,2025,https://www.sec.gov/Archives/edgar/data/1751788/000175178826000018/,xbrl
DHI,FinancialServices,841200000.0,0.02358978673284819,neutral,2025,https://www.sec.gov/Archives/edgar/data/882184/000088218425000081/,xbrl
DHI,ForestarGroup,1662400000.0,0.04661871310590446,neutral,2025,https://www.sec.gov/Archives/edgar/data/882184/000088218425000081/,xbrl
DHI,HomeBuildingOps,31515500000.0,0.883789733451114,neutral,2025,https://www.sec.gov/Archives/edgar/data/882184/000088218425000081/,xbrl
DHI,Rental,1640400000.0,0.04600176671013335,neutral,2025,https://www.sec.gov/Archives/edgar/data/882184/000088218425000081/,xbrl
DTE,EnergyTradingSegment,6477000000.0,0.40080445544554455,neutral,2025,https://www.sec.gov/Archives/edgar/data/936340/000093634026000054/,xbrl
DTE,DTEVantageSegment,696000000.0,0.043069306930693066,beneficiary,2025,https://www.sec.gov/Archives/edgar/data/936340/000093634026000054/,xbrl
DTE,ElectricSegment,6935000000.0,0.4291460396039604,electricity_generation,2025,https://www.sec.gov/Archives/edgar/data/936340/000093634026000054/,xbrl
DTE,GasSegment,2052000000.0,0.12698019801980198,exposed,2025,https://www.sec.gov/Archives/edgar/data/936340/000093634026000054/,xbrl
DUK,RetailGas,2782000000.0,0.08597033374536464,exposed,2025,https://www.sec.gov/Archives/edgar/data/1326160/000132616026000014/,xbrl
DUK,WholesaleElectric,2423000000.0,0.07487639060568603,electricity_generation,2025,https://www.sec.gov/Archives/edgar/data/1326160/000132616026000014/,xbrl
DUK,OtherRevenues,1651000000.0,0.05101977750309023,neutral,2025,https://www.sec.gov/Archives/edgar/data/1326160/000132616026000014/,xbrl
DUK,RetailElectric,25504000000.0,0.7881334981458591,electricity_generation,2025,https://www.sec.gov/Archives/edgar/data/1326160/000132616026000014/,xbrl
DD,DiversifiedIndustrialsSegment,3616000000.0,0.5279602861731639,neutral,2025,https://www.sec.gov/Archives/edgar/data/1666700/000166670026000013/,xbrl
DD,HealthcareAndWaterTechnologiesSegment,3233000000.0,0.472039713826836,beneficiary,2025,https://www.sec.gov/Archives/edgar/data/1666700/000166670026000013/,xbrl
ETN,ElectricalAmericasSegment,13276000000.0,0.48366060694378665,beneficiary,2025,https://www.sec.gov/Archives/edgar/data/1551182/000155118226000007/,xbrl
ETN,ElectricalGlobalSegment,6815000000.0,0.2482786258151481,beneficiary,2025,https://www.sec.gov/Archives/edgar/data/1551182/000155118226000007/,xbrl
ETN,AerospaceSegment,4249000000.0,0.15479616743779373,exposed,2025,https://www.sec.gov/Archives/edgar/data/1551182/000155118226000007/,xbrl
ETN,EMobilitySegment,604000000.0,0.022004444606360887,beneficiary,2025,https://www.sec.gov/Archives/edgar/data/1551182/000155118226000007/,xbrl
ETN,VehicleSegment,2505000000.0,0.09126015519691064,exposed,2025,https://www.sec.gov/Archives/edgar/data/1551182/000155118226000007/,xbrl
EBAY,AdvertisingRevenues,1993000000.0,0.17954954954954955,neutral,2025,https://www.sec.gov/Archives/edgar/data/1065088/000106508826000027/,xbrl
EBAY,MarketplaceRevenues,9107000000.0,0.8204504504504504,neutral,2025,https://www.sec.gov/Archives/edgar/data/1065088/000106508826000027/,xbrl
ECL,ServiceAndLease,3462700000.0,0.21532597069870407,neutral,2025,https://www.sec.gov/Archives/edgar/data/31462/000110465926018357/,xbrl
ECL,ProductAndEquipment,12618500000.0,0.7846740293012959,neutral,2025,https://www.sec.gov/Archives/edgar/data/31462/000110465926018357/,xbrl
EMR,IntelligentDevices,12400000000.0,0.6854236913382344,beneficiary,2025,https://www.sec.gov/Archives/edgar/data/32604/000003260425000087/,xbrl
EMR,SoftwareAndControl,5691000000.0,0.3145763086617655,beneficiary,2025,https://www.sec.gov/Archives/edgar/data/32604/000003260425000087/,xbrl
ETR,ElectricityUsRegulated,12775314000.0,0.9867632535461198,electricity_generation,2025,https://www.sec.gov/Archives/edgar/data/65984/000006598426000174/,xbrl
ETR,NaturalGasUsRegulated,112607000.0,0.008697747052797912,exposed,2025,https://www.sec.gov/Archives/edgar/data/65984/000006598426000174/,xbrl
ETR,ProductAndServiceOther,58765000.0,0.0045389994010822535,neutral,2025,https://www.sec.gov/Archives/edgar/data/65984/000006598426000174/,xbrl
EOG,OilAndCondensate,12501000000.0,0.5535824993357541,exposed,2025,https://www.sec.gov/Archives/edgar/data/821189/000082118926000054/,xbrl
EOG,NaturalGasProduction,2791000000.0,0.12359401293065274,exposed,2025,https://www.sec.gov/Archives/edgar/data/821189/000082118926000054/,xbrl
EOG,NaturalGasLiquidsReserves,2376000000.0,0.10521654415020813,exposed,2025,https://www.sec.gov/Archives/edgar/data/821189/000082118926000054/,xbrl
EOG,NaturalGasGatheringTransportationMarketingAndProcessing,4914000000.0,0.217606943583385,exposed,2025,https://www.sec.gov/Archives/edgar/data/821189/000082118926000054/,xbrl
EQT,GatheringSegment,1301434000.0,0.13148795639571567,exposed,2025,https://www.sec.gov/Archives/edgar/data/33213/000003321326000018/,xbrl
EQT,UpstreamSegment,8024057000.0,0.8106956303068286,exposed,2025,https://www.sec.gov/Archives/edgar/data/33213/000003321326000018/,xbrl
EQT,TransmissionSegment,572252000.0,0.05781641329745579,exposed,2025,https://www.sec.gov/Archives/edgar/data/33213/000003321326000018/,xbrl
EFX,UnitedStatesConsumerInformationSolutions,2078500000.0,0.25493683306758247,neutral,2025,https://www.sec.gov/Archives/edgar/data/33185/000003318526000010/,xbrl
EFX,International,1413700000.0,0.17339629584202135,neutral,2025,https://www.sec.gov/Archives/edgar/data/33185/000003318526000010/,xbrl
EFX,USInformationSolutions,2078500000.0,0.25493683306758247,neutral,2025,https://www.sec.gov/Archives/edgar/data/33185/000003318526000010/,xbrl
EFX,WorkforceSolutions,2582300000.0,0.3167300380228137,neutral,2025,https://www.sec.gov/Archives/edgar/data/33185/000003318526000010/,xbrl
EVRG,EvergyCompanies,5961600000.0,1.0,electricity_generation,2025,https://www.sec.gov/Archives/edgar/data/1711269/000171126926000017/,xbrl
ES,NaturalGasDistribution,2634800000.0,0.17074166477659333,exposed,2025,https://www.sec.gov/Archives/edgar/data/72741/000162828026008461/,xbrl
ES,EversourceElectricTransmission,2283300000.0,0.1479635809869423,beneficiary,2025,https://www.sec.gov/Archives/edgar/data/72741/000162828026008461/,xbrl
ES,WaterDistributionSegment,236900000.0,0.015351715646567086,neutral,2025,https://www.sec.gov/Archives/edgar/data/72741/000162828026008461/,xbrl
ES,EversourceElectricDistribution,10039600000.0,0.6505913229433302,beneficiary,2025,https://www.sec.gov/Archives/edgar/data/72741/000162828026008461/,xbrl
ES,EversourceWater,236900000.0,0.015351715646567086,neutral,2025,https://www.sec.gov/Archives/edgar/data/72741/000162828026008461/,xbrl
EXC,ElectricityUsRegulated,21959000000.0,0.9052271415615467,electricity_generation,2025,https://www.sec.gov/Archives/edgar/data/1109357/000110935726000018/,xbrl
EXC,NaturalGasUsRegulated,2299000000.0,0.09477285843845329,exposed,2025,https://www.sec.gov/Archives/edgar/data/1109357/000110935726000018/,xbrl
EXC,ServiceOther,0.0,0.0,neutral,2025,https://www.sec.gov/Archives/edgar/data/1109357/000110935726000018/,xbrl
EXE,NaturalGasLiquidsSales,724000000.0,0.031102328378726694,exposed,2025,https://www.sec.gov/Archives/edgar/data/895126/000089512626000011/,xbrl
EXE,OilSales,319000000.0,0.013703926454162728,exposed,2025,https://www.sec.gov/Archives/edgar/data/895126/000089512626000011/,xbrl
EXE,NaturalGasGatheringTransportationMarketingAndProcessing,3163000000.0,0.13587937107998968,exposed,2025,https://www.sec.gov/Archives/edgar/data/895126/000089512626000011/,xbrl
EXE,OilMarketingSales,132000000.0,0.0056705902568949225,exposed,2025,https://www.sec.gov/Archives/edgar/data/895126/000089512626000011/,xbrl
EXE,NaturalGasLiquidsMarketingSales,142000000.0,0.00610018042787181,exposed,2025,https://www.sec.gov/Archives/edgar/data/895126/000089512626000011/,xbrl
EXE,NaturalGasMarketingSales,2889000000.0,0.12410860039522295,exposed,2025,https://www.sec.gov/Archives/edgar/data/895126/000089512626000011/,xbrl
EXE,NaturalGasSales,7433000000.0,0.3193143740871209,exposed,2025,https://www.sec.gov/Archives/edgar/data/895126/000089512626000011/,xbrl
EXE,OilAndGas,8476000000.0,0.3641206289200103,exposed,2025,https://www.sec.gov/Archives/edgar/data/895126/000089512626000011/,xbrl
EXPE,Lodging,11752000000.0,0.7976651055453743,neutral,2025,https://www.sec.gov/Archives/edgar/data/1324424/000132442426000008/,xbrl
EXPE,TrivagoAdvertising,417000000.0,0.028303807778456525,neutral,2025,https://www.sec.gov/Archives/edgar/data/1324424/000132442426000008/,xbrl
EXPE,Air,407000000.0,0.027625059390483948,exposed,2025,https://www.sec.gov/Archives/edgar/data/1324424/000132442426000008/,xbrl
EXPE,OtherServices,1399000000.0,0.09495689947736374,neutral,2025,https://www.sec.gov/Archives/edgar/data/1324424/000132442426000008/,xbrl
EXPE,EGAdvertising,758000000.0,0.051449127808321456,neutral,2025,https://www.sec.gov/Archives/edgar/data/1324424/000132442426000008/,xbrl
EXPD,AirfreightServices,3982882000.0,0.3598228170200241,exposed,2025,https://www.sec.gov/Archives/edgar/data/746515/000119312526071569/,xbrl
EXPD,OceanFreightAndOceanServices,2814960000.0,0.25431002901885796,neutral,2025,https://www.sec.gov/Archives/edgar/data/746515/000119312526071569/,xbrl
EXPD,CustomsBrokerageAndOtherServices,4271167000.0,0.3858671539611179,neutral,2025,https://www.sec.gov/Archives/edgar/data/746515/000119312526071569/,xbrl
FDX,FederalExpressSegment,75304000000.0,0.8943892821511711,exposed,2025,https://www.sec.gov/Archives/edgar/data/1048911/000104891125000011/,xbrl
FDX,FedexFreightSegment,8892000000.0,0.10561071784882892,neutral,2025,https://www.sec.gov/Archives/edgar/data/1048911/000104891125000011/,xbrl
FERG,UnitedStatesSegment,29269000000.0,0.9514660945322151,neutral,2025,https://www.sec.gov/Archives/edgar/data/2011641/000201164125000027/,xbrl
FERG,CanadaSegment,1493000000.0,0.04853390546778493,neutral,2025,https://www.sec.gov/Archives/edgar/data/2011641/000201164125000027/,xbrl
FE,ElectricityUsRegulated,12189000000.0,0.8077534791252485,electricity_generation,2025,https://www.sec.gov/Archives/edgar/data/1031296/000103129626000046/,xbrl
FE,ElectricTransmission,2311000000.0,0.1531477799867462,beneficiary,2025,https://www.sec.gov/Archives/edgar/data/1031296/000103129626000046/,xbrl
FE,ElectricWorldwideUnregulatedRevenue,590000000.0,0.0390987408880053,electricity_generation,2025,https://www.sec.gov/Archives/edgar/data/1031296/000103129626000046/,xbrl
F,FordBlue,101019000000.0,0.5394988410967391,exposed,2025,https://www.sec.gov/Archives/edgar/data/37996/000003799626000015/,xbrl
F,FordPro,66286000000.0,0.3540048919603089,exposed,2025,https://www.sec.gov/Archives/edgar/data/37996/000003799626000015/,xbrl
F,FordCredit,13271000000.0,0.07087467823077663,neutral,2025,https://www.sec.gov/Archives/edgar/data/37996/000003799626000015/,xbrl
F,FordModelE,6670000000.0,0.035621588712175425,beneficiary,2025,https://www.sec.gov/Archives/edgar/data/37996/000003799626000015/,xbrl
FTV,Service,817800000.0,0.196629078406386,neutral,2025,https://www.sec.gov/Archives/edgar/data/1659166/000165916626000007/,xbrl
FTV,Product,3341300000.0,0.803370921593614,neutral,2025,https://www.sec.gov/Archives/edgar/data/1659166/000165916626000007/,xbrl
FCX,AtlanticCopperSmeltingAndRefiningSegment,3169000000.0,0.12172076051469176,neutral,2025,https://www.sec.gov/Archives/edgar/data/831259/000083125926000012/,xbrl
FCX,CerroVerde,4706000000.0,0.18075667370846937,neutral,2025,https://www.sec.gov/Archives/edgar/data/831259/000083125926000012/,xbrl
FCX,Morenci,2648000000.0,0.10170923756481659,neutral,2025,https://www.sec.gov/Archives/edgar/data/831259/000083125926000012/,xbrl
FCX,GrasbergSegment,8622000000.0,0.33116957941232955,neutral,2025,https://www.sec.gov/Archives/edgar/data/831259/000083125926000012/,xbrl
FCX,RodAndRefiningSegment,6890000000.0,0.2646437487996927,neutral,2025,https://www.sec.gov/Archives/edgar/data/831259/000083125926000012/,xbrl
GRMN,AviationSegment,987161000.0,0.13624434633323024,exposed,2025,https://www.sec.gov/Archives/edgar/data/1121788/000119312526056028/,xbrl
GRMN,MarineSegment,1182615000.0,0.1632201916798507,neutral,2025,https://www.sec.gov/Archives/edgar/data/1121788/000119312526056028/,xbrl
GRMN,OutdoorSegment,2054061000.0,0.2834939774500626,neutral,2025,https://www.sec.gov/Archives/edgar/data/1121788/000119312526056028/,xbrl
GRMN,AutoOemSegment,664682000.0,0.09173697563970228,neutral,2025,https://www.sec.gov/Archives/edgar/data/1121788/000119312526056028/,xbrl
GRMN,FitnessSegment,2357000000.0,0.32530450889715423,neutral,2025,https://www.sec.gov/Archives/edgar/data/1121788/000119312526056028/,xbrl
GE,Product,13433000000.0,0.30620711664273176,exposed,2025,https://www.sec.gov/Archives/edgar/data/40545/000004054526000008/,xbrl
GE,Service,30436000000.0,0.6937928833572682,exposed,2025,https://www.sec.gov/Archives/edgar/data/40545/000004054526000008/,xbrl
GEV,Product,20934000000.0,0.5499106861405906,beneficiary,2025,https://www.sec.gov/Archives/edgar/data/1996810/000199681026000015/,xbrl
GEV,Service,17134000000.0,0.4500893138594095,beneficiary,2025,https://www.sec.gov/Archives/edgar/data/1996810/000199681026000015/,xbrl
GNRC,International,777431000.0,0.1829939621932696,beneficiary,2025,https://www.sec.gov/Archives/edgar/data/1474735/000143774926004568/,xbrl
GNRC,Domestic,3470966000.0,0.8170060378067304,beneficiary,2025,https://www.sec.gov/Archives/edgar/data/1474735/000143774926004568/,xbrl
GD,Service,19529000000.0,0.37162702188392005,neutral,2025,https://www.sec.gov/Archives/edgar/data/40533/000004053326000006/,xbrl
GD,Product,33021000000.0,0.62837297811608,neutral,2025,https://www.sec.gov/Archives/edgar/data/40533/000004053326000006/,xbrl
GIS,Yogurt,1391600000.0,0.07141317623392485,neutral,2025,https://www.sec.gov/Archives/edgar/data/40704/000119312525147079/,xbrl
GIS,Cereal,3078600000.0,0.15798548746317984,neutral,2025,https://www.sec.gov/Archives/edgar/data/40704/000119312525147079/,xbrl
GIS,PetSegment,2585800000.0,0.1326963143904016,neutral,2025,https://www.sec.gov/Archives/edgar/data/40704/000119312525147079/,xbrl
GIS,BakingMixesAndIngredients,1940200000.0,0.09956585551096651,neutral,2025,https://www.sec.gov/Archives/edgar/data/40704/000119312525147079/,xbrl
GIS,Snacks,4187400000.0,0.21488612687693082,neutral,2025,https://www.sec.gov/Archives/edgar/data/40704/000119312525147079/,xbrl
GIS,Dough,2384200000.0,0.12235074358790143,neutral,2025,https://www.sec.gov/Archives/edgar/data/40704/000119312525147079/,xbrl
GIS,VegetablesAndOther,381100000.0,0.01955702893270247,neutral,2025,https://www.sec.gov/Archives/edgar/data/40704/000119312525147079/,xbrl
GIS,ConvenientMeals,2816100000.0,0.14451469214742438,neutral,2025,https://www.sec.gov/Archives/edgar/data/40704/000119312525147079/,xbrl
GIS,SuperPremiumIceCream,721600000.0,0.037030574856568105,neutral,2025,https://www.sec.gov/Archives/edgar/data/40704/000119312525147079/,xbrl
GM,VehiclesandParts,160511000000.0,0.9555818826947349,exposed,2025,https://www.sec.gov/Archives/edgar/data/1467858/000146785826000013/,xbrl
GM,ServicesandOther,5724000000.0,0.034077108089443475,neutral,2025,https://www.sec.gov/Archives/edgar/data/1467858/000146785826000013/,xbrl
GM,UsedVehicles,1737000000.0,0.010341009215821685,neutral,2025,https://www.sec.gov/Archives/edgar/data/1467858/000146785826000013/,xbrl
GPC,InternationalAutomotive,5858566000.0,0.24109185210077588,exposed,2025,https://www.sec.gov/Archives/edgar/data/40987/000004098726000003/,xbrl
GPC,NorthAmericaAutomotive,9520042000.0,0.39176900249261926,exposed,2025,https://www.sec.gov/Archives/edgar/data/40987/000004098726000003/,xbrl
GPC,IndustrialParts,8921533000.0,0.36713914540660486,neutral,2025,https://www.sec.gov/Archives/edgar/data/40987/000004098726000003/,xbrl
HAL,Service,15729000000.0,0.7090245221781464,exposed,2025,https://www.sec.gov/Archives/edgar/data/45012/000004501226000015/,xbrl
HAL,Product,6455000000.0,0.29097547782185357,exposed,2025,https://www.sec.gov/Archives/edgar/data/45012/000004501226000015/,xbrl
HAS,GrowBrands,3479100000.0,0.7400293535830514,neutral,2025,https://www.sec.gov/Archives/edgar/data/46080/000004608026000011/,xbrl
HAS,ReinventBrands,524000000.0,0.11145853274626168,neutral,2025,https://www.sec.gov/Archives/edgar/data/46080/000004608026000011/,xbrl
HAS,OptimizeBrands,698200000.0,0.14851211367068684,neutral,2025,https://www.sec.gov/Archives/edgar/data/46080/000004608026000011/,xbrl
HAS,NonHasbroBrandedFilmTV,0.0,0.0,neutral,2025,https://www.sec.gov/Archives/edgar/data/46080/000004608026000011/,xbrl
HSY,InternationalSegment,941568000.0,0.0805269942226589,neutral,2025,https://www.sec.gov/Archives/edgar/data/47111/000162828026008586/,xbrl
HSY,NorthAmericaConfectionerySegment,9479709000.0,0.8107459810395929,neutral,2025,https://www.sec.gov/Archives/edgar/data/47111/000162828026008586/,xbrl
HSY,NorthAmericaSaltySnacksSegment,1271299000.0,0.10872702473774812,neutral,2025,https://www.sec.gov/Archives/edgar/data/47111/000162828026008586/,xbrl
HLT,ManagementServiceBase,376000000.0,0.031231829886203172,neutral,2025,https://www.sec.gov/Archives/edgar/data/1585689/000158568926000007/,xbrl
HLT,ReimbursementRevenue,7085000000.0,0.5885040285738018,neutral,2025,https://www.sec.gov/Archives/edgar/data/1585689/000158568926000007/,xbrl
HLT,ManagementServiceIncentive,313000000.0,0.025998837112717003,neutral,2025,https://www.sec.gov/Archives/edgar/data/1585689/000158568926000007/,xbrl
HLT,HotelOther,252000000.0,0.02093197109394468,neutral,2025,https://www.sec.gov/Archives/edgar/data/1585689/000158568926000007/,xbrl
HLT,Ownership,1233000000.0,0.10241714428108648,neutral,2025,https://www.sec.gov/Archives/edgar/data/1585689/000158568926000007/,xbrl
HLT,Franchiseandlicensingfees,2780000000.0,0.23091618905224687,neutral,2025,https://www.sec.gov/Archives/edgar/data/1585689/000158568926000007/,xbrl
HD,Product,159029000000.0,0.9656673730743307,neutral,2026,https://www.sec.gov/Archives/edgar/data/354950/000162828026019436/,xbrl
HD,Service,5654000000.0,0.03433262692566932,neutral,2026,https://www.sec.gov/Archives/edgar/data/354950/000162828026019436/,xbrl
HON,Service,12927000000.0,0.3452539928422627,neutral,2025,https://www.sec.gov/Archives/edgar/data/773840/000077384026000013/,xbrl
HON,Product,24515000000.0,0.6547460071577373,neutral,2025,https://www.sec.gov/Archives/edgar/data/773840/000077384026000013/,xbrl
HRL,PerishableMeat,8823022000.0,0.7288043442346707,neutral,2025,https://www.sec.gov/Archives/edgar/data/48465/000004846525000059/,xbrl
HRL,ShelfStable,3283138000.0,0.2711956557653294,neutral,2025,https://www.sec.gov/Archives/edgar/data/48465/000004846525000059/,xbrl
HWM,GasTurbines,944000000.0,0.11439650993698497,exposed,2025,https://www.sec.gov/Archives/edgar/data/4281/000000428126000012/,xbrl
HWM,ProductAndServiceOther,329000000.0,0.0398691226369365,neutral,2025,https://www.sec.gov/Archives/edgar/data/4281/000000428126000012/,xbrl
HWM,CommercialTransportation,1248000000.0,0.1512360639844886,exposed,2025,https://www.sec.gov/Archives/edgar/data/4281/000000428126000012/,xbrl
HWM,AerospaceCommercial,4322000000.0,0.5237518177411536,exposed,2025,https://www.sec.gov/Archives/edgar/data/4281/000000428126000012/,xbrl
HWM,AerospaceDefense,1409000000.0,0.17074648570043627,neutral,2025,https://www.sec.gov/Archives/edgar/data/4281/000000428126000012/,xbrl
HUBB,UtilitySolutionsSegment,3672300000.0,0.628323580741197,beneficiary,2025,https://www.sec.gov/Archives/edgar/data/48898/000162828026007500/,xbrl
HUBB,ElectricalSegment,2172300000.0,0.371676419258803,beneficiary,2025,https://www.sec.gov/Archives/edgar/data/48898/000162828026007500/,xbrl
HII,Product,8133000000.0,0.6514738865748158,neutral,2025,https://www.sec.gov/Archives/edgar/data/1501585/000150158526000006/,xbrl
HII,Service,4351000000.0,0.34852611342518425,neutral,2025,https://www.sec.gov/Archives/edgar/data/1501585/000150158526000006/,xbrl
IEX,FireAndSafetyDiversifiedProducts,744300000.0,0.21487961198683528,neutral,2025,https://www.sec.gov/Archives/edgar/data/832101/000083210126000003/,xbrl
IEX,FluidAndMeteringTechnologies,1224000000.0,0.35336913216698423,neutral,2025,https://www.sec.gov/Archives/edgar/data/832101/000083210126000003/,xbrl
IEX,HealthAndScienceTechnologies,1495500000.0,0.4317512558461805,neutral,2025,https://www.sec.gov/Archives/edgar/data/832101/000083210126000003/,xbrl
ITW,FoodEquipmentSegment,2699000000.0,0.1513995624614349,neutral,2025,https://www.sec.gov/Archives/edgar/data/49826/000004982626000008/,xbrl
ITW,ConstructionProductsSegment,1820000000.0,0.10209233185617322,neutral,2025,https://www.sec.gov/Archives/edgar/data/49826/000004982626000008/,xbrl
ITW,PolymersAndFluids,1765000000.0,0.0990071240253548,neutral,2025,https://www.sec.gov/Archives/edgar/data/49826/000004982626000008/,xbrl
ITW,AutomotiveOEMSegment,3288000000.0,0.18443933359510856,neutral,2025,https://www.sec.gov/Archives/edgar/data/49826/000004982626000008/,xbrl
ITW,SpecialtyProductsSegment,1775000000.0,0.09956807090368543,neutral,2025,https://www.sec.gov/Archives/edgar/data/49826/000004982626000008/,xbrl
ITW,WeldingSegment,1890000000.0,0.10601896000448757,neutral,2025,https://www.sec.gov/Archives/edgar/data/49826/000004982626000008/,xbrl
ITW,TestandMeasurementandElectronicsSegment,2825000000.0,0.15846749312840075,neutral,2025,https://www.sec.gov/Archives/edgar/data/49826/000004982626000008/,xbrl
ITW,PolymersAndFluidsSegment,1765000000.0,0.0990071240253548,neutral,2025,https://www.sec.gov/Archives/edgar/data/49826/000004982626000008/,xbrl
IR,OriginalEquipment,4861800000.0,0.635454652393836,neutral,2025,https://www.sec.gov/Archives/edgar/data/1699150/000162828026008617/,xbrl
IR,Aftermarket,2789100000.0,0.36454534760616397,neutral,2025,https://www.sec.gov/Archives/edgar/data/1699150/000162828026008617/,xbrl
IFF,Taste,2481000000.0,0.2278236914600551,neutral,2025,https://www.sec.gov/Archives/edgar/data/51253/000005125326000006/,xbrl
IFF,FoodIngredients,3278000000.0,0.301010101010101,neutral,2025,https://www.sec.gov/Archives/edgar/data/51253/000005125326000006/,xbrl
IFF,PharmaSolutions,369000000.0,0.033884297520661154,neutral,2025,https://www.sec.gov/Archives/edgar/data/51253/000005125326000006/,xbrl
IFF,Scent,2479000000.0,0.22764003673094582,neutral,2025,https://www.sec.gov/Archives/edgar/data/51253/000005125326000006/,xbrl
IFF,HealthAndBiosciences,2283000000.0,0.2096418732782369,neutral,2025,https://www.sec.gov/Archives/edgar/data/51253/000005125326000006/,xbrl
IP,PackagingSolutionsEMEASegment,8451000000.0,0.35769914500973504,neutral,2025,https://www.sec.gov/Archives/edgar/data/51434/000005143426000055/,xbrl
IP,PackagingSolutionsNorthAmericaSegment,15175000000.0,0.642300854990265,neutral,2025,https://www.sec.gov/Archives/edgar/data/51434/000005143426000055/,xbrl
JBHT,JBI,5975000000.0,0.49717091030121485,neutral,2025,https://www.sec.gov/Archives/edgar/data/728535/000143774926005294/,xbrl
JBHT,JBT,734000000.0,0.06107505408553836,neutral,2025,https://www.sec.gov/Archives/edgar/data/728535/000143774926005294/,xbrl
JBHT,DCS,3376000000.0,0.2809119653852554,neutral,2025,https://www.sec.gov/Archives/edgar/data/728535/000143774926005294/,xbrl
JBHT,FMS,824000000.0,0.06856382093526377,neutral,2025,https://www.sec.gov/Archives/edgar/data/728535/000143774926005294/,xbrl
JBHT,ICS,1109000000.0,0.09227824929272757,neutral,2025,https://www.sec.gov/Archives/edgar/data/728535/000143774926005294/,xbrl
J,InfrastructureAdvancedFacilities,10764206000.0,0.8947963566757605,neutral,2025,https://www.sec.gov/Archives/edgar/data/52988/000162828025053316/,xbrl
J,PAConsulting,1265577000.0,0.10520364332423951,neutral,2025,https://www.sec.gov/Archives/edgar/data/52988/000162828025053316/,xbrl
JCI,ProductsandSystems,16124000000.0,0.6833361586709612,beneficiary,2025,https://www.sec.gov/Archives/edgar/data/833444/000083344425000097/,xbrl
JCI,Service,7472000000.0,0.3166638413290388,beneficiary,2025,https://www.sec.gov/Archives/edgar/data/833444/000083344425000097/,xbrl
KVUE,EssentialHealth,4632000000.0,0.30626818302036496,neutral,2025,https://www.sec.gov/Archives/edgar/data/1944048/000194404826000030/,xbrl
KVUE,SelfCare,6378000000.0,0.4217138323194922,neutral,2025,https://www.sec.gov/Archives/edgar/data/1944048/000194404826000030/,xbrl
KVUE,SkinHealthAndBeauty,4114000000.0,0.2720179846601428,neutral,2025,https://www.sec.gov/Archives/edgar/data/1944048/000194404826000030/,xbrl
KDP,OtherNetSales,578000000.0,0.03481298560501114,neutral,2025,https://www.sec.gov/Archives/edgar/data/1418135/000141813526000016/,xbrl
KDP,KCupPods,3777000000.0,0.22748900801060049,neutral,2025,https://www.sec.gov/Archives/edgar/data/1418135/000141813526000016/,xbrl
KDP,LRB,11602000000.0,0.6987893754140818,neutral,2025,https://www.sec.gov/Archives/edgar/data/1418135/000141813526000016/,xbrl
KDP,Appliances,646000000.0,0.03890863097030657,neutral,2025,https://www.sec.gov/Archives/edgar/data/1418135/000141813526000016/,xbrl
KMB,AdultCareProducts,1947000000.0,0.11927954420143357,neutral,2025,https://www.sec.gov/Archives/edgar/data/55785/000162828026007567/,xbrl
KMB,FamilyCare,4056000000.0,0.2484837346076089,neutral,2025,https://www.sec.gov/Archives/edgar/data/55785/000162828026007567/,xbrl
KMB,FeminineCareProducts,1706000000.0,0.10451510139067573,neutral,2025,https://www.sec.gov/Archives/edgar/data/55785/000162828026007567/,xbrl
KMB,Babyandchildcareproducts,6773000000.0,0.4149359799056546,neutral,2025,https://www.sec.gov/Archives/edgar/data/55785/000162828026007567/,xbrl
KMB,Professional,1841000000.0,0.11278563989462721,neutral,2025,https://www.sec.gov/Archives/edgar/data/55785/000162828026007567/,xbrl
KMI,Product,7255000000.0,0.42835212847611737,exposed,2025,https://www.sec.gov/Archives/edgar/data/1506307/000150630726000011/,xbrl
KMI,ProductAndServiceOther,192000000.0,0.011336128003778709,exposed,2025,https://www.sec.gov/Archives/edgar/data/1506307/000150630726000011/,xbrl
KMI,OilAndGasService,9490000000.0,0.5603117435201039,exposed,2025,https://www.sec.gov/Archives/edgar/data/1506307/000150630726000011/,xbrl
KHC,NorthAmericaSegment,18586000000.0,0.7451687915965038,neutral,2025,https://www.sec.gov/Archives/edgar/data/1637459/000163745926000009/,xbrl
KHC,InternationalSegment,3539000000.0,0.14188918290433805,neutral,2025,https://www.sec.gov/Archives/edgar/data/1637459/000163745926000009/,xbrl
KHC,EmergingMarketsSegment,2817000000.0,0.11294202549915805,neutral,2025,https://www.sec.gov/Archives/edgar/data/1637459/000163745926000009/,xbrl
KR,OtherProduct,1129000000.0,0.00764687555031766,neutral,2026,https://www.sec.gov/Archives/edgar/data/56873/000110465926037723/,xbrl
KR,NonPerishable,77569000000.0,0.5253857303477331,neutral,2026,https://www.sec.gov/Archives/edgar/data/56873/000110465926037723/,xbrl
KR,Perishable,37189000000.0,0.2518863196109508,neutral,2026,https://www.sec.gov/Archives/edgar/data/56873/000110465926037723/,xbrl
KR,SupermarketFuel,13584000000.0,0.0920063396594465,exposed,2026,https://www.sec.gov/Archives/edgar/data/56873/000110465926037723/,xbrl
KR,Pharmacy,18171000000.0,0.123074734831552,neutral,2026,https://www.sec.gov/Archives/edgar/data/56873/000110465926037723/,xbrl
LHX,Service,6378000000.0,0.29169906242853877,neutral,2025,https://www.sec.gov/Archives/edgar/data/202058/000020205826000015/,xbrl
LHX,Product,15487000000.0,0.7083009375714613,neutral,2025,https://www.sec.gov/Archives/edgar/data/202058/000020205826000015/,xbrl
LVS,Mall,801000000.0,0.06153491587923485,neutral,2025,https://www.sec.gov/Archives/edgar/data/1300514/000130051426000013/,xbrl
LVS,Occupancy,1422000000.0,0.10924176077437198,neutral,2025,https://www.sec.gov/Archives/edgar/data/1300514/000130051426000013/,xbrl
LVS,Casino,9789000000.0,0.7520165936851809,neutral,2025,https://www.sec.gov/Archives/edgar/data/1300514/000130051426000013/,xbrl
LVS,FoodAndBeverage,644000000.0,0.049473765076438504,neutral,2025,https://www.sec.gov/Archives/edgar/data/1300514/000130051426000013/,xbrl
LVS,ProductAndServiceOther,361000000.0,0.027732964584773756,neutral,2025,https://www.sec.gov/Archives/edgar/data/1300514/000130051426000013/,xbrl
LDOS,NationalSecurityAndDigitalSegment,7611000000.0,0.4431699080004658,neutral,2025,https://www.sec.gov/Archives/edgar/data/1336920/000133692026000030/,xbrl
LDOS,HealthAndCivilSegment,5069000000.0,0.2951554675672528,neutral,2025,https://www.sec.gov/Archives/edgar/data/1336920/000133692026000030/,xbrl
LDOS,CommercialAndInternationalSegment,2315000000.0,0.13479678583905905,neutral,2025,https://www.sec.gov/Archives/edgar/data/1336920/000133692026000030/,xbrl
LDOS,DefenseSystemsSegment,2179000000.0,0.12687783859322233,neutral,2025,https://www.sec.gov/Archives/edgar/data/1336920/000133692026000030/,xbrl
LEN,RealEstateOther,32097245000.0,0.9388746297050212,neutral,2025,https://www.sec.gov/Archives/edgar/data/920760/000162828026003870/,xbrl
LEN,Land,130232000.0,0.003809408588673088,neutral,2025,https://www.sec.gov/Archives/edgar/data/920760/000162828026003870/,xbrl
LEN,OtherRevenue,1959457000.0,0.05731596170630569,neutral,2025,https://www.sec.gov/Archives/edgar/data/920760/000162828026003870/,xbrl
LII,ResidentialHeatingAndCooling,3343400000.0,0.6435432025099609,beneficiary,2025,https://www.sec.gov/Archives/edgar/data/1069202/000106920226000028/,xbrl
LII,CommercialHeatingAndCooling,1851900000.0,0.35645679749003906,beneficiary,2025,https://www.sec.gov/Archives/edgar/data/1069202/000106920226000028/,xbrl
LII,Refrigeration,0.0,0.0,neutral,2025,https://www.sec.gov/Archives/edgar/data/1069202/000106920226000028/,xbrl
LIN,EMEASegment,8549000000.0,0.26169340026937676,neutral,2025,https://www.sec.gov/Archives/edgar/data/1707925/000162828026011430/,xbrl
LIN,APACSegment,6661000000.0,0.20389984082282356,neutral,2025,https://www.sec.gov/Archives/edgar/data/1707925/000162828026011430/,xbrl
LIN,AmericasSegment,15208000000.0,0.4655320191012612,neutral,2025,https://www.sec.gov/Archives/edgar/data/1707925/000162828026011430/,xbrl
LIN,EngineeringSegment,2250000000.0,0.0688747398065385,neutral,2025,https://www.sec.gov/Archives/edgar/data/1707925/000162828026011430/,xbrl
LMT,Service,12394000000.0,0.16514763884447287,neutral,2025,https://www.sec.gov/Archives/edgar/data/936468/000162828026004195/,xbrl
LMT,Product,62654000000.0,0.8348523611555271,neutral,2025,https://www.sec.gov/Archives/edgar/data/936468/000162828026004195/,xbrl
LOW,ReportableSegment,84078000000.0,1.0,neutral,2026,https://www.sec.gov/Archives/edgar/data/60667/000006066726000029/,xbrl
LULU,AccessoriesAndOtherCategories,1443249000.0,0.12999198385963648,neutral,2026,https://www.sec.gov/Archives/edgar/data/1397187/000139718726000020/,xbrl
LULU,MensApparel,2663986000.0,0.23994253598256265,neutral,2026,https://www.sec.gov/Archives/edgar/data/1397187/000139718726000020/,xbrl
LULU,WomensApparel,6995365000.0,0.6300654801578008,neutral,2026,https://www.sec.gov/Archives/edgar/data/1397187/000139718726000020/,xbrl
MPC,RenewableDiesel,2830000000.0,0.02131505611207351,beneficiary,2025,https://www.sec.gov/Archives/edgar/data/1510295/000151029526000009/,xbrl
MPC,RefiningAndMarketing,124312000000.0,0.9362958499661068,exposed,2025,https://www.sec.gov/Archives/edgar/data/1510295/000151029526000009/,xbrl
MPC,Midstream,5628000000.0,0.042389093921819686,exposed,2025,https://www.sec.gov/Archives/edgar/data/1510295/000151029526000009/,xbrl
MAR,Reimbursements,19204000000.0,0.7333689757885893,neutral,2025,https://www.sec.gov/Archives/edgar/data/1048286/000104828626000007/,xbrl
MAR,OwnedLeasedandOther,1679000000.0,0.06411823111586344,neutral,2025,https://www.sec.gov/Archives/edgar/data/1048286/000104828626000007/,xbrl
MAR,FeeService,5303000000.0,0.20251279309554723,neutral,2025,https://www.sec.gov/Archives/edgar/data/1048286/000104828626000007/,xbrl
MLM,ReportableSegments,6150000000.0,0.341495918707313,neutral,2025,https://www.sec.gov/Archives/edgar/data/916076/000119312526059193/,xbrl
MLM,BuildingMaterialsBusiness,5709000000.0,0.31700816258537395,neutral,2025,https://www.sec.gov/Archives/edgar/data/916076/000119312526059193/,xbrl
MLM,BuildingMaterialsBusinessEastGroup,3194000000.0,0.17735576656116386,neutral,2025,https://www.sec.gov/Archives/edgar/data/916076/000119312526059193/,xbrl
MLM,Specialties,441000000.0,0.02448775612193903,neutral,2025,https://www.sec.gov/Archives/edgar/data/916076/000119312526059193/,xbrl
MLM,BuildingMaterialsBusinessWestGroup,2515000000.0,0.13965239602421012,neutral,2025,https://www.sec.gov/Archives/edgar/data/916076/000119312526059193/,xbrl
MAS,DecorativeArchitecturalProducts,2570000000.0,0.33985718064004233,neutral,2025,https://www.sec.gov/Archives/edgar/data/62996/000006299626000005/,xbrl
MAS,PlumbingProducts,4992000000.0,0.6601428193599577,neutral,2025,https://www.sec.gov/Archives/edgar/data/62996/000006299626000005/,xbrl
MKC,Consumer,3950300000.0,0.5775039106471939,neutral,2025,https://www.sec.gov/Archives/edgar/data/63754/000006375426000037/,xbrl
MKC,FlavorSolutions,2890000000.0,0.42249608935280614,neutral,2025,https://www.sec.gov/Archives/edgar/data/63754/000006375426000037/,xbrl
MCD,USMarket,10825000000.0,0.44259546978493747,neutral,2025,https://www.sec.gov/Archives/edgar/data/63908/000006390826000035/,xbrl
MCD,InternationalOperatedMarkets,13633000000.0,0.5574045302150625,neutral,2025,https://www.sec.gov/Archives/edgar/data/63908/000006390826000035/,xbrl
MGM,FoodAndBeverage,3045965000.0,0.17368115274976745,neutral,2025,https://www.sec.gov/Archives/edgar/data/789570/000078957026000018/,xbrl
MGM,EntertainmentRetailAndOther,1663431000.0,0.09484896037863154,neutral,2025,https://www.sec.gov/Archives/edgar/data/789570/000078957026000018/,xbrl
MGM,Occupancy,3377400000.0,0.19257960130765278,neutral,2025,https://www.sec.gov/Archives/edgar/data/789570/000078957026000018/,xbrl
MGM,Casino,9450887000.0,0.5388902855639482,neutral,2025,https://www.sec.gov/Archives/edgar/data/789570/000078957026000018/,xbrl
TAP,AmericasSegment,8712800000.0,0.7801226664278998,neutral,2025,https://www.sec.gov/Archives/edgar/data/24545/000002454526000006/,xbrl
TAP,EuropeMiddleEastAfricaAndAsiaPacificSegment,2455700000.0,0.2198773335721001,neutral,2025,https://www.sec.gov/Archives/edgar/data/24545/000002454526000006/,xbrl
MDLZ,Beverages,1006000000.0,0.026104782416898047,neutral,2025,https://www.sec.gov/Archives/edgar/data/1103982/000162828026005345/,xbrl
MDLZ,CheeseAndGrocery,2384000000.0,0.06186262552871267,neutral,2025,https://www.sec.gov/Archives/edgar/data/1103982/000162828026005345/,xbrl
MDLZ,Chocolate,12696000000.0,0.3294496198458624,neutral,2025,https://www.sec.gov/Archives/edgar/data/1103982/000162828026005345/,xbrl
MDLZ,Biscuits,18391000000.0,0.4772296753769105,neutral,2025,https://www.sec.gov/Archives/edgar/data/1103982/000162828026005345/,xbrl
MDLZ,GumAndCandy,4060000000.0,0.10535329683161637,neutral,2025,https://www.sec.gov/Archives/edgar/data/1103982/000162828026005345/,xbrl
MNST,AlcoholBrandsSegment,134720000.0,0.016291570744682717,neutral,2025,https://www.sec.gov/Archives/edgar/data/865752/000110465926020831/,xbrl
MNST,MonsterEnergyDrinksSegment,7665871000.0,0.927027016895128,neutral,2025,https://www.sec.gov/Archives/edgar/data/865752/000110465926020831/,xbrl
MNST,StrategicBrandsSegment,468716000.0,0.05668141236018931,neutral,2025,https://www.sec.gov/Archives/edgar/data/865752/000110465926020831/,xbrl
MOS,PotashSegment,2658700000.0,0.23355118677418787,neutral,2025,https://www.sec.gov/Archives/edgar/data/1285785/000128578526000017/,xbrl
MOS,MosaicFertilizantes,4847300000.0,0.4258068483283262,neutral,2025,https://www.sec.gov/Archives/edgar/data/1285785/000128578526000017/,xbrl
MOS,PhosphatesSegment,3877800000.0,0.3406419648974859,neutral,2025,https://www.sec.gov/Archives/edgar/data/1285785/000128578526000017/,xbrl
NEM,SalesFromConcentrateAndOtherProduction,8339000000.0,0.3678591909656359,neutral,2025,https://www.sec.gov/Archives/edgar/data/1164727/000116472726000010/,xbrl
NEM,GoldDore,14330000000.0,0.6321408090343641,neutral,2025,https://www.sec.gov/Archives/edgar/data/1164727/000116472726000010/,xbrl
NKE,Footwear,30967000000.0,0.6687037077026065,neutral,2025,https://www.sec.gov/Archives/edgar/data/320187/000032018725000047/,xbrl
NKE,SportingEquipment,2223000000.0,0.048003627804530435,neutral,2025,https://www.sec.gov/Archives/edgar/data/320187/000032018725000047/,xbrl
NKE,Apparel,13045000000.0,0.2816947029735041,neutral,2025,https://www.sec.gov/Archives/edgar/data/320187/000032018725000047/,xbrl
NKE,ProductAndServiceOther,74000000.0,0.0015979615193590878,neutral,2025,https://www.sec.gov/Archives/edgar/data/320187/000032018725000047/,xbrl
NI,NIPSCOOperations,3198000000.0,0.4902802477463666,electricity_generation,2025,https://www.sec.gov/Archives/edgar/data/1111711/000111171126000027/,xbrl
NI,ColumbiaOperations,3324800000.0,0.5097197522536334,neutral,2025,https://www.sec.gov/Archives/edgar/data/1111711/000111171126000027/,xbrl
NDSN,AdvancedTechnologySystems,624510000.0,0.22370344526445837,neutral,2025,https://www.sec.gov/Archives/edgar/data/72331/000007233125000144/,xbrl
NDSN,IndustrialPrecisionsSolutions,1331792000.0,0.47705634621646337,neutral,2025,https://www.sec.gov/Archives/edgar/data/72331/000007233125000144/,xbrl
NDSN,MedicalFluidSystems,835385000.0,0.29924020851907823,neutral,2025,https://www.sec.gov/Archives/edgar/data/72331/000007233125000144/,xbrl
NSC,RailwayOperatingRevenuesMarketGroupCoal,1487000000.0,0.061042692939244664,exposed,2025,https://www.sec.gov/Archives/edgar/data/702165/000162828026006268/,xbrl
NSC,ReportableSegment,12180000000.0,0.5,neutral,2025,https://www.sec.gov/Archives/edgar/data/702165/000162828026006268/,xbrl
NSC,RailwayOperatingRevenuesMarketGroupIntermodal,3009000000.0,0.12352216748768473,neutral,2025,https://www.sec.gov/Archives/edgar/data/702165/000162828026006268/,xbrl
NSC,RailwayOperatingRevenuesMarketGroupMerchandise,7684000000.0,0.3154351395730706,neutral,2025,https://www.sec.gov/Archives/edgar/data/702165/000162828026006268/,xbrl
NOC,Service,8213000000.0,0.19576202507508222,neutral,2025,https://www.sec.gov/Archives/edgar/data/1133421/000113342126000003/,xbrl
NOC,Product,33741000000.0,0.8042379749249178,neutral,2025,https://www.sec.gov/Archives/edgar/data/1133421/000113342126000003/,xbrl
NCLH,OnboardAndOther,3139925000.0,0.3195009520134739,neutral,2025,https://www.sec.gov/Archives/edgar/data/1513761/000110465926022067/,xbrl
NCLH,Passenger,6687667000.0,0.680499047986526,neutral,2025,https://www.sec.gov/Archives/edgar/data/1513761/000110465926022067/,xbrl
NRG,OperatingRevenues,30713000000.0,1.0,electricity_generation,2025,https://www.sec.gov/Archives/edgar/data/1013871/000101387126000004/,xbrl
NUE,RawMaterials,2164000000.0,0.06659691019880594,neutral,2025,https://www.sec.gov/Archives/edgar/data/73309/000119312526071575/,xbrl
NUE,Plate,2492000000.0,0.07669108143041792,neutral,2025,https://www.sec.gov/Archives/edgar/data/73309/000119312526071575/,xbrl
NUE,Structural,2632000000.0,0.08099956915122791,neutral,2025,https://www.sec.gov/Archives/edgar/data/73309/000119312526071575/,xbrl
NUE,BuildingSystems,1249000000.0,0.03843786545208346,neutral,2025,https://www.sec.gov/Archives/edgar/data/73309/000119312526071575/,xbrl
NUE,Bar,5723000000.0,0.17612482304425434,neutral,2025,https://www.sec.gov/Archives/edgar/data/73309/000119312526071575/,xbrl
NUE,OtherSteelProducts,3522000000.0,0.10838924109066289,neutral,2025,https://www.sec.gov/Archives/edgar/data/73309/000119312526071575/,xbrl
NUE,JoistAndDeck,2217000000.0,0.06822798055025543,neutral,2025,https://www.sec.gov/Archives/edgar/data/73309/000119312526071575/,xbrl
NUE,RebarFabrication,1910000000.0,0.058780082476764944,neutral,2025,https://www.sec.gov/Archives/edgar/data/73309/000119312526071575/,xbrl
NUE,Sheet,9156000000.0,0.2817750969409737,neutral,2025,https://www.sec.gov/Archives/edgar/data/73309/000119312526071575/,xbrl
NUE,TubularProducts,1429000000.0,0.04397734966455345,neutral,2025,https://www.sec.gov/Archives/edgar/data/73309/000119312526071575/,xbrl
NVR,HomeBuildingSegment,10094269000.0,0.9777517520168377,neutral,2025,https://www.sec.gov/Archives/edgar/data/906163/000090616326000018/,xbrl
NVR,MortgageBankingSegment,229690000.0,0.022248247983162273,neutral,2025,https://www.sec.gov/Archives/edgar/data/906163/000090616326000018/,xbrl
ORLY,AutomotiveAftermarketPartsSegment,17781992000.0,1.0,neutral,2025,https://www.sec.gov/Archives/edgar/data/898173/000089817326000009/,xbrl
ODFL,OtherServiceRevenue,50238000.0,0.009140182763628994,neutral,2025,https://www.sec.gov/Archives/edgar/data/878927/000119312526067161/,xbrl
ODFL,LTLServiceRevenue,5446151000.0,0.990859817236371,neutral,2025,https://www.sec.gov/Archives/edgar/data/878927/000119312526067161/,xbrl
OKE,RefinedProductsAndCrudeOil,13039000000.0,0.33798180357189145,exposed,2025,https://www.sec.gov/Archives/edgar/data/1039684/000103968426000006/,xbrl
OKE,NaturalGasGatheringAndProcessing,7684000000.0,0.19917571735918504,exposed,2025,https://www.sec.gov/Archives/edgar/data/1039684/000103968426000006/,xbrl
OKE,WhollyOwnedInterstateNaturalGasPipelines,1846000000.0,0.04784986650768553,exposed,2025,https://www.sec.gov/Archives/edgar/data/1039684/000103968426000006/,xbrl
OKE,NaturalGasLiquids,16010000000.0,0.414992612561238,exposed,2025,https://www.sec.gov/Archives/edgar/data/1039684/000103968426000006/,xbrl
OTIS,NewEquipment,4989000000.0,0.3457140877278082,neutral,2025,https://www.sec.gov/Archives/edgar/data/1781335/000178133526000011/,xbrl
OTIS,Services,9442000000.0,0.6542859122721918,neutral,2025,https://www.sec.gov/Archives/edgar/data/1781335/000178133526000011/,xbrl
PCAR,TruckPartsAndOther,26235100000.0,0.9223162054224322,exposed,2025,https://www.sec.gov/Archives/edgar/data/75362/000119312526057025/,xbrl
PCAR,FinancialServices,2209700000.0,0.07768379457756779,neutral,2025,https://www.sec.gov/Archives/edgar/data/75362/000119312526057025/,xbrl
PKG,Intersegment,154100000.0,0.016853686812345517,neutral,2025,https://www.sec.gov/Archives/edgar/data/75677/000119312526074129/,xbrl
PKG,Trade,8989300000.0,0.9831463131876544,neutral,2025,https://www.sec.gov/Archives/edgar/data/75677/000119312526074129/,xbrl
PH,DiversifiedIndustrialSegment,13665000000.0,0.6884130982367758,neutral,2025,https://www.sec.gov/Archives/edgar/data/76334/000007633425000035/,xbrl
PH,AerospaceSystemsSegment,6185000000.0,0.3115869017632242,exposed,2025,https://www.sec.gov/Archives/edgar/data/76334/000007633425000035/,xbrl
PAYX,ManagementSolutions,4067100000.0,0.7517744916820702,neutral,2025,https://www.sec.gov/Archives/edgar/data/723531/000095017025095300/,xbrl
PAYX,PeoAndInsuranceSolutions,1342900000.0,0.24822550831792975,neutral,2025,https://www.sec.gov/Archives/edgar/data/723531/000095017025095300/,xbrl
PNR,WaterSolutions,1062100000.0,0.25442567972212243,neutral,2025,https://www.sec.gov/Archives/edgar/data/77360/000007736026000007/,xbrl
PNR,Pool,1558800000.0,0.3734099892202659,neutral,2025,https://www.sec.gov/Archives/edgar/data/77360/000007736026000007/,xbrl
PNR,Flow,1553600000.0,0.3721643310576117,neutral,2025,https://www.sec.gov/Archives/edgar/data/77360/000007736026000007/,xbrl
PEP,InternationalBeverageFranchise,4997000000.0,0.0532020228906042,neutral,2025,https://www.sec.gov/Archives/edgar/data/77476/000007747626000007/,xbrl
PEP,AsiaPacificFoodsSegment,4629000000.0,0.0492840031940378,neutral,2025,https://www.sec.gov/Archives/edgar/data/77476/000007747626000007/,xbrl
PEP,PepsiCoBeveragesNorthAmerica,28197000000.0,0.30020761245674743,neutral,2025,https://www.sec.gov/Archives/edgar/data/77476/000007747626000007/,xbrl
PEP,PepsiCoFoodsNorthAmerica,27528000000.0,0.29308490817141336,neutral,2025,https://www.sec.gov/Archives/edgar/data/77476/000007747626000007/,xbrl
PEP,LatinAmericaFoodsSegment,10549000000.0,0.11231301570401916,neutral,2025,https://www.sec.gov/Archives/edgar/data/77476/000007747626000007/,xbrl
PEP,EuropeMiddleEastAfricaSegment,18025000000.0,0.19190843758317808,neutral,2025,https://www.sec.gov/Archives/edgar/data/77476/000007747626000007/,xbrl
PCG,NaturalGasUsRegulated,6617000000.0,0.2653699619009425,exposed,2025,https://www.sec.gov/Archives/edgar/data/1004980/000100498026000009/,xbrl
PCG,Electricity,18318000000.0,0.7346300380990576,electricity_generation,2025,https://www.sec.gov/Archives/edgar/data/1004980/000100498026000009/,xbrl
PM,CombustibleTobaccoProducts,23794000000.0,0.5853670537295808,neutral,2025,https://www.sec.gov/Archives/edgar/data/1413329/000162828026005939/,xbrl
PM,SmokeFreeProducts,16854000000.0,0.4146329462704192,neutral,2025,https://www.sec.gov/Archives/edgar/data/1413329/000162828026005939/,xbrl
PSX,ChemicalsSegment,0.0,0.0,neutral,2025,https://www.sec.gov/Archives/edgar/data/1534701/000153470126000006/,xbrl
PSX,MidstreamSegment,18577000000.0,0.13508187661789942,exposed,2025,https://www.sec.gov/Archives/edgar/data/1534701/000153470126000006/,xbrl
PSX,RefiningSegment,26872000000.0,0.1953986213315494,exposed,2025,https://www.sec.gov/Archives/edgar/data/1534701/000153470126000006/,xbrl
PSX,RenewableFuels,6178000000.0,0.04492306797359007,beneficiary,2025,https://www.sec.gov/Archives/edgar/data/1534701/000153470126000006/,xbrl
PSX,MarketingSpecialitySegment,85897000000.0,0.6245964340769611,exposed,2025,https://www.sec.gov/Archives/edgar/data/1534701/000153470126000006/,xbrl
PPG,PerformanceCoatings,5513000000.0,0.3472755905511811,neutral,2025,https://www.sec.gov/Archives/edgar/data/79879/000007987926000046/,xbrl
PPG,IndustrialCoatings,6524000000.0,0.41096062992125987,neutral,2025,https://www.sec.gov/Archives/edgar/data/79879/000007987926000046/,xbrl
PPG,GlobalArchitecturalCoatings,3838000000.0,0.24176377952755906,neutral,2025,https://www.sec.gov/Archives/edgar/data/79879/000007987926000046/,xbrl
PPL,PennsylvaniaRegulated,3113000000.0,0.3443203185488331,electricity_generation,2025,https://www.sec.gov/Archives/edgar/data/922224/000092222426000008/,xbrl
PPL,RhodeIslandRegulated,2168000000.0,0.23979648268996792,electricity_generation,2025,https://www.sec.gov/Archives/edgar/data/922224/000092222426000008/,xbrl
PPL,KentuckyRegulated,3760000000.0,0.415883198761199,electricity_generation,2025,https://www.sec.gov/Archives/edgar/data/922224/000092222426000008/,xbrl
PG,GroomingSegment,6662000000.0,0.07979494304638934,neutral,2025,https://www.sec.gov/Archives/edgar/data/80424/000008042425000076/,xbrl
PG,BeautySegment,14964000000.0,0.17923319239660315,neutral,2025,https://www.sec.gov/Archives/edgar/data/80424/000008042425000076/,xbrl
PG,BabyFeminineFamilyCareSegment,20248000000.0,0.24252296709746193,neutral,2025,https://www.sec.gov/Archives/edgar/data/80424/000008042425000076/,xbrl
PG,HealthCareSegment,11998000000.0,0.14370755428858892,neutral,2025,https://www.sec.gov/Archives/edgar/data/80424/000008042425000076/,xbrl
PG,FabricHomeCareSegment,29617000000.0,0.3547413431709567,neutral,2025,https://www.sec.gov/Archives/edgar/data/80424/000008042425000076/,xbrl
PEG,PublicServiceElectricandGasCompany,9558000000.0,0.7197289156626506,electricity_generation,2025,https://www.sec.gov/Archives/edgar/data/788784/000119312526077446/,xbrl
PEG,PSEGPowerOther,3722000000.0,0.2802710843373494,electricity_generation,2025,https://www.sec.gov/Archives/edgar/data/788784/000119312526077446/,xbrl
PHM,FinancialServices,388667000.0,0.02245078877004807,neutral,2025,https://www.sec.gov/Archives/edgar/data/822416/000082241626000007/,xbrl
PHM,HomeBuildingSegment,16923286000.0,0.977549211229952,neutral,2025,https://www.sec.gov/Archives/edgar/data/822416/000082241626000007/,xbrl
PWR,UndergroundAndInfrastructure,5478229000.0,0.1923555928281119,exposed,2025,https://www.sec.gov/Archives/edgar/data/1050915/000105091526000006/,xbrl
PWR,ElectricPower,23001468000.0,0.8076444071718881,beneficiary,2025,https://www.sec.gov/Archives/edgar/data/1050915/000105091526000006/,xbrl
RL,AsiaSegment,2103500000.0,0.2592273091379629,neutral,2026,https://www.sec.gov/Archives/edgar/data/1037038/000162828026037074/,xbrl
RL,EuropeSegment,2538900000.0,0.3128843428430587,neutral,2026,https://www.sec.gov/Archives/edgar/data/1037038/000162828026037074/,xbrl
RL,NorthAmericaSegment,3329600000.0,0.41032719206358986,neutral,2026,https://www.sec.gov/Archives/edgar/data/1037038/000162828026037074/,xbrl
RL,OtherNonReportableSegmentRelated,142500000.0,0.017561155955388503,neutral,2026,https://www.sec.gov/Archives/edgar/data/1037038/000162828026037074/,xbrl
RTX,Service,24432000000.0,0.27574687087344674,exposed,2025,https://www.sec.gov/Archives/edgar/data/101829/000010182926000006/,xbrl
RTX,Product,64171000000.0,0.7242531291265533,exposed,2025,https://www.sec.gov/Archives/edgar/data/101829/000010182926000006/,xbrl
RSG,OtherServiceLine,824000000.0,0.028700801114594218,neutral,2025,https://www.sec.gov/Archives/edgar/data/1060391/000106039126000094/,xbrl
RSG,OtherServiceLineSaleOfRecycledCommodities,433000000.0,0.015081853012887496,neutral,2025,https://www.sec.gov/Archives/edgar/data/1060391/000106039126000094/,xbrl
RSG,TransferServiceLine,848000000.0,0.029536746778126087,neutral,2025,https://www.sec.gov/Archives/edgar/data/1060391/000106039126000094/,xbrl
RSG,CollectionServiceLineLargecontainer,3098000000.0,0.10790665273423894,neutral,2025,https://www.sec.gov/Archives/edgar/data/1060391/000106039126000094/,xbrl
RSG,EnvironmentalSolutionsServiceLine,1828000000.0,0.06367119470567746,neutral,2025,https://www.sec.gov/Archives/edgar/data/1060391/000106039126000094/,xbrl
RSG,LandfillServiceLine,1920000000.0,0.06687565308254964,neutral,2025,https://www.sec.gov/Archives/edgar/data/1060391/000106039126000094/,xbrl
RSG,CollectionServiceLineSmallcontainer,5055000000.0,0.17607105538140022,neutral,2025,https://www.sec.gov/Archives/edgar/data/1060391/000106039126000094/,xbrl
RSG,OtherServiceLineOtherNoncore,391000000.0,0.013618948101706722,neutral,2025,https://www.sec.gov/Archives/edgar/data/1060391/000106039126000094/,xbrl
RSG,CollectionServiceLineOther,70000000.0,0.0024381748519679554,neutral,2025,https://www.sec.gov/Archives/edgar/data/1060391/000106039126000094/,xbrl
RSG,CollectionServiceLine,11233000000.0,0.3912574016022292,neutral,2025,https://www.sec.gov/Archives/edgar/data/1060391/000106039126000094/,xbrl
RSG,CollectionServiceLineResidential,3010000000.0,0.10484151863462209,neutral,2025,https://www.sec.gov/Archives/edgar/data/1060391/000106039126000094/,xbrl
ROK,ProductsandSolutions,7364000000.0,0.8827619275953009,beneficiary,2025,https://www.sec.gov/Archives/edgar/data/1024478/000102447825000116/,xbrl
ROK,Service,978000000.0,0.1172380724046991,beneficiary,2025,https://www.sec.gov/Archives/edgar/data/1024478/000102447825000116/,xbrl
ROL,Franchise,16034000.0,0.004263171188896717,neutral,2025,https://www.sec.gov/Archives/edgar/data/84839/000008483926000008/,xbrl
ROL,CommercialRevenue,1244733000.0,0.3309535900878744,neutral,2025,https://www.sec.gov/Archives/edgar/data/84839/000008483926000008/,xbrl
ROL,OtherRevenues,25497000.0,0.006779223886946464,neutral,2025,https://www.sec.gov/Archives/edgar/data/84839/000008483926000008/,xbrl
ROL,ResidentialRevenue,1693244000.0,0.45020512888687997,neutral,2025,https://www.sec.gov/Archives/edgar/data/84839/000008483926000008/,xbrl
ROL,TermiteAndAncillaryRevenues,781542000.0,0.20779888594940243,neutral,2025,https://www.sec.gov/Archives/edgar/data/84839/000008483926000008/,xbrl
ROST,ReportableSegment,22750559000.0,1.0,neutral,2026,https://www.sec.gov/Archives/edgar/data/745732/000074573226000006/,xbrl
RCL,ProductAndServiceOther,5419000000.0,0.14579353762544056,neutral,2025,https://www.sec.gov/Archives/edgar/data/884887/000088488726000007/,xbrl
RCL,OtherProductsAndServices,864000000.0,0.02324517743280691,neutral,2025,https://www.sec.gov/Archives/edgar/data/884887/000088488726000007/,xbrl
RCL,Passenger,12515000000.0,0.3367053189485862,neutral,2025,https://www.sec.gov/Archives/edgar/data/884887/000088488726000007/,xbrl
RCL,PortCosts,1300000000.0,0.034975382711399286,neutral,2025,https://www.sec.gov/Archives/edgar/data/884887/000088488726000007/,xbrl
RCL,CruiseItinerary,17071000000.0,0.4592805832817671,neutral,2025,https://www.sec.gov/Archives/edgar/data/884887/000088488726000007/,xbrl
SLB,Product,14508000000.0,0.40629550800940967,exposed,2025,https://www.sec.gov/Archives/edgar/data/87347/000119312526021017/,xbrl
SLB,Service,21200000000.0,0.5937044919905904,exposed,2025,https://www.sec.gov/Archives/edgar/data/87347/000119312526021017/,xbrl
SRE,SempraInfrastructure,1965000000.0,0.14256693027642747,exposed,2025,https://www.sec.gov/Archives/edgar/data/1032208/000103220826000010/,xbrl
SRE,SempraCalifornia,11818000000.0,0.8574330697235725,electricity_generation,2025,https://www.sec.gov/Archives/edgar/data/1032208/000103220826000010/,xbrl
SHW,PaintStoresGroup,13605900000.0,0.46945549525054947,neutral,2025,https://www.sec.gov/Archives/edgar/data/89800/000008980026000008/,xbrl
SHW,ConsumerBrandsGroup,8554600000.0,0.29516636015775144,neutral,2025,https://www.sec.gov/Archives/edgar/data/89800/000008980026000008/,xbrl
SHW,PerformanceCoatingsGroup,6821800000.0,0.23537814459169906,neutral,2025,https://www.sec.gov/Archives/edgar/data/89800/000008980026000008/,xbrl
SJM,AwayFromHome,879000000.0,0.10210126494058612,neutral,2026,https://www.sec.gov/Archives/edgar/data/91419/000009141926000050/,xbrl
SJM,SweetBakedSnacks,971300000.0,0.11282247854014937,neutral,2026,https://www.sec.gov/Archives/edgar/data/91419/000009141926000050/,xbrl
SJM,U.S.RetailCoffee,3304900000.0,0.38388449431415594,neutral,2026,https://www.sec.gov/Archives/edgar/data/91419/000009141926000050/,xbrl
SJM,U.S.RetailFrozenHandheldAndSpreads,1853900000.0,0.21534190565796657,neutral,2026,https://www.sec.gov/Archives/edgar/data/91419/000009141926000050/,xbrl
SJM,U.S.RetailPetFoods,1600000000.0,0.18584985654714198,neutral,2026,https://www.sec.gov/Archives/edgar/data/91419/000009141926000050/,xbrl
SNA,ToolsGroup,1964900000.0,0.343971010433443,neutral,2025,https://www.sec.gov/Archives/edgar/data/91440/000009144026000045/,xbrl
SNA,RepairSystemsAndInformationGroup,1877100000.0,0.32860093830964215,neutral,2025,https://www.sec.gov/Archives/edgar/data/91440/000009144026000045/,xbrl
SNA,CommercialAndIndustrialGroup,1457500000.0,0.25514669841047544,neutral,2025,https://www.sec.gov/Archives/edgar/data/91440/000009144026000045/,xbrl
SNA,FinancialServices,412900000.0,0.07228135284643933,neutral,2025,https://www.sec.gov/Archives/edgar/data/91440/000009144026000045/,xbrl
SO,ProductAndServiceOther,1284000000.0,0.043447365749670085,electricity_generation,2025,https://www.sec.gov/Archives/edgar/data/92122/000009212226000006/,xbrl
SO,NaturalGas,5044000000.0,0.1706764118701993,exposed,2025,https://www.sec.gov/Archives/edgar/data/92122/000009212226000006/,xbrl
SO,Retail,19331000000.0,0.6541129496159442,electricity_generation,2025,https://www.sec.gov/Archives/edgar/data/92122/000009212226000006/,xbrl
SO,OtherElectricRevenue,953000000.0,0.03224714918959158,electricity_generation,2025,https://www.sec.gov/Archives/edgar/data/92122/000009212226000006/,xbrl
SO,WholesaleElectric,2941000000.0,0.0995161235745948,electricity_generation,2025,https://www.sec.gov/Archives/edgar/data/92122/000009212226000006/,xbrl
LUV,CargoAndFreight,171000000.0,0.0030428129114915122,exposed,2025,https://www.sec.gov/Archives/edgar/data/92380/000009238026000004/,xbrl
LUV,PassengerLoyaltyAirTransportation,3259000000.0,0.05799138759386455,exposed,2025,https://www.sec.gov/Archives/edgar/data/92380/000009238026000004/,xbrl
LUV,PassengerRevenueNonLoyalty,20441000000.0,0.36373180540232747,exposed,2025,https://www.sec.gov/Archives/edgar/data/92380/000009238026000004/,xbrl
LUV,OtherRevenue,2600000000.0,0.04626499163671305,exposed,2025,https://www.sec.gov/Archives/edgar/data/92380/000009238026000004/,xbrl
LUV,Passenger,25535000000.0,0.4543756005551799,exposed,2025,https://www.sec.gov/Archives/edgar/data/92380/000009238026000004/,xbrl
LUV,ProductAndServiceOther,2357000000.0,0.04194099434143564,exposed,2025,https://www.sec.gov/Archives/edgar/data/92380/000009238026000004/,xbrl
LUV,PassengerAncillarySoldSeparately,1835000000.0,0.032652407558987864,exposed,2025,https://www.sec.gov/Archives/edgar/data/92380/000009238026000004/,xbrl
SWK,EngineeredFasteningSegment,1972200000.0,0.1303468513720721,neutral,2025,https://www.sec.gov/Archives/edgar/data/93556/000009355626000009/,xbrl
SWK,ToolsAndOutdoorSegment,13158200000.0,0.8696531486279279,neutral,2025,https://www.sec.gov/Archives/edgar/data/93556/000009355626000009/,xbrl
SBUX,ChannelDevelopment,1871700000.0,0.05049818290718662,neutral,2025,https://www.sec.gov/Archives/edgar/data/829224/000082922425000114/,xbrl
SBUX,InternationalSegment,7819900000.0,0.2109797192476939,neutral,2025,https://www.sec.gov/Archives/edgar/data/829224/000082922425000114/,xbrl
SBUX,NorthAmericaSegment,27373100000.0,0.7385220978451195,neutral,2025,https://www.sec.gov/Archives/edgar/data/829224/000082922425000114/,xbrl
SYY,BeverageProducts1,2986000000.0,0.036696571217893575,neutral,2025,https://www.sec.gov/Archives/edgar/data/96021/000009602125000099/,xbrl
SYY,CannedAndDryProducts1,14645000000.0,0.17998033673343986,neutral,2025,https://www.sec.gov/Archives/edgar/data/96021/000009602125000099/,xbrl
SYY,Seafood1,2779000000.0,0.03415263610667322,neutral,2025,https://www.sec.gov/Archives/edgar/data/96021/000009602125000099/,xbrl
SYY,FreshAndFrozenMeats1,15186000000.0,0.18662897873909304,neutral,2025,https://www.sec.gov/Archives/edgar/data/96021/000009602125000099/,xbrl
SYY,FreshProduce1,6632000000.0,0.08150423989185203,neutral,2025,https://www.sec.gov/Archives/edgar/data/96021/000009602125000099/,xbrl
SYY,Poultry1,8136000000.0,0.0999877104583999,neutral,2025,https://www.sec.gov/Archives/edgar/data/96021/000009602125000099/,xbrl
SYY,DairyProducts1,8686000000.0,0.10674695833845398,neutral,2025,https://www.sec.gov/Archives/edgar/data/96021/000009602125000099/,xbrl
SYY,OtherProducts,2649000000.0,0.03255499569866044,neutral,2025,https://www.sec.gov/Archives/edgar/data/96021/000009602125000099/,xbrl
SYY,PaperAndDisposables1,5495000000.0,0.06753103109254024,neutral,2025,https://www.sec.gov/Archives/edgar/data/96021/000009602125000099/,xbrl
SYY,EquipmentAndSmallwares,1889000000.0,0.02321494408258572,neutral,2025,https://www.sec.gov/Archives/edgar/data/96021/000009602125000099/,xbrl
SYY,FrozenFruitsVegetablesBakeryAndOther1,12287000000.0,0.15100159764040802,neutral,2025,https://www.sec.gov/Archives/edgar/data/96021/000009602125000099/,xbrl
TPR,Accessories,1809300000.0,0.25807693953528177,neutral,2025,https://www.sec.gov/Archives/edgar/data/1116132/000111613225000019/,xbrl
TPR,Other,742300000.0,0.10588101045544668,neutral,2025,https://www.sec.gov/Archives/edgar/data/1116132/000111613225000019/,xbrl
TPR,Footwear,612800000.0,0.08740924586703182,neutral,2025,https://www.sec.gov/Archives/edgar/data/1116132/000111613225000019/,xbrl
TPR,Handbags,3846300000.0,0.5486328041422397,neutral,2025,https://www.sec.gov/Archives/edgar/data/1116132/000111613225000019/,xbrl
TRGP,Service,2624800000.0,0.15414339658098578,exposed,2025,https://www.sec.gov/Archives/edgar/data/1389170/000119312526059296/,xbrl
TRGP,Product,14403500000.0,0.8458566034190143,exposed,2025,https://www.sec.gov/Archives/edgar/data/1389170/000119312526059296/,xbrl
TGT,ReportableSegment,104780000000.0,1.0,neutral,2026,https://www.sec.gov/Archives/edgar/data/27419/000002741926000016/,xbrl
TSLA,AutomotiveSales,65821000000.0,0.24401826958011108,beneficiary,2025,https://www.sec.gov/Archives/edgar/data/1318605/000162828026003952/,xbrl
TSLA,EnergyGenerationAndStorage,12771000000.0,0.04734594310034181,beneficiary,2025,https://www.sec.gov/Archives/edgar/data/1318605/000162828026003952/,xbrl
TSLA,AutomotiveRevenues,69526000000.0,0.25775382037384426,beneficiary,2025,https://www.sec.gov/Archives/edgar/data/1318605/000162828026003952/,xbrl
TSLA,EnergyGenerationAndStorageLeasing,501000000.0,0.0018573578806100734,beneficiary,2025,https://www.sec.gov/Archives/edgar/data/1318605/000162828026003952/,xbrl
TSLA,ServicesAndOther,12530000000.0,0.04645248352104635,neutral,2025,https://www.sec.gov/Archives/edgar/data/1318605/000162828026003952/,xbrl
TSLA,EnergyGenerationAndStorageSales,12270000000.0,0.04548858521973174,beneficiary,2025,https://www.sec.gov/Archives/edgar/data/1318605/000162828026003952/,xbrl
TSLA,AutomotiveLeasing,1712000000.0,0.00634689958404081,beneficiary,2025,https://www.sec.gov/Archives/edgar/data/1318605/000162828026003952/,xbrl
TSLA,AutomotiveRegulatoryCredits,1993000000.0,0.007388651209692368,beneficiary,2025,https://www.sec.gov/Archives/edgar/data/1318605/000162828026003952/,xbrl
TSLA,SalesAndServices,92614000000.0,0.34334798953058154,beneficiary,2025,https://www.sec.gov/Archives/edgar/data/1318605/000162828026003952/,xbrl
TPL,WaterSalesAndRoyalties,169701000.0,0.21260727395732845,exposed,2025,https://www.sec.gov/Archives/edgar/data/1811074/000181107426000018/,xbrl
TPL,OilAndGasRoyalties,411677000.0,0.5157631641589095,exposed,2025,https://www.sec.gov/Archives/edgar/data/1811074/000181107426000018/,xbrl
TPL,ProducedWaterRoyalties,124218000.0,0.15562460065899097,exposed,2025,https://www.sec.gov/Archives/edgar/data/1811074/000181107426000018/,xbrl
TPL,EasementandSundry,91775000.0,0.1149788897380323,exposed,2025,https://www.sec.gov/Archives/edgar/data/1811074/000181107426000018/,xbrl
TPL,LandSales,819000.0,0.0010260714867387465,neutral,2025,https://www.sec.gov/Archives/edgar/data/1811074/000181107426000018/,xbrl
TXT,Bell,4282000000.0,0.2893438745861207,exposed,2025,https://www.sec.gov/Archives/edgar/data/217346/000021734626000006/,xbrl
TXT,TextronEAviationSegment,27000000.0,0.0018244475978106628,exposed,2025,https://www.sec.gov/Archives/edgar/data/217346/000021734626000006/,xbrl
TXT,TextronSystems,1247000000.0,0.08426245016555173,neutral,2025,https://www.sec.gov/Archives/edgar/data/217346/000021734626000006/,xbrl
TXT,Finance,75000000.0,0.005067909993918508,neutral,2025,https://www.sec.gov/Archives/edgar/data/217346/000021734626000006/,xbrl
TXT,TextronAviation,5955000000.0,0.40239205351712953,exposed,2025,https://www.sec.gov/Archives/edgar/data/217346/000021734626000006/,xbrl
TXT,Industrial,3213000000.0,0.21710926413946888,neutral,2025,https://www.sec.gov/Archives/edgar/data/217346/000021734626000006/,xbrl
TJX,TJXInternational,7986000000.0,0.13227986483800439,neutral,2026,https://www.sec.gov/Archives/edgar/data/109198/000010919826000008/,xbrl
TJX,Marmaxx,36585000000.0,0.6059928443649374,neutral,2026,https://www.sec.gov/Archives/edgar/data/109198/000010919826000008/,xbrl
TJX,TjxCanada,5629000000.0,0.09323858742463394,neutral,2026,https://www.sec.gov/Archives/edgar/data/109198/000010919826000008/,xbrl
TJX,HomeGoods,10172000000.0,0.1684887033724243,neutral,2026,https://www.sec.gov/Archives/edgar/data/109198/000010919826000008/,xbrl
TSCO,ReportableSegment,14883231000.0,1.0,neutral,2024,https://www.sec.gov/Archives/edgar/data/916365/000091636526000014/,xbrl
TT,Product,13982300000.0,0.6557717651804014,beneficiary,2025,https://www.sec.gov/Archives/edgar/data/1466258/000162828026005731/,xbrl
TT,Service,7339600000.0,0.34422823481959863,beneficiary,2025,https://www.sec.gov/Archives/edgar/data/1466258/000162828026005731/,xbrl
TDG,Airframe,4112000000.0,0.4656324312082437,exposed,2025,https://www.sec.gov/Archives/edgar/data/1260221/000126022125000081/,xbrl
TDG,NonAviationRelatedBusiness,160000000.0,0.01811799343222738,neutral,2025,https://www.sec.gov/Archives/edgar/data/1260221/000126022125000081/,xbrl
TDG,PowerAndControl,4559000000.0,0.516249575359529,exposed,2025,https://www.sec.gov/Archives/edgar/data/1260221/000126022125000081/,xbrl
TSN,Beef,21623000000.0,0.3991619132007901,neutral,2025,https://www.sec.gov/Archives/edgar/data/100493/000010049325000095/,xbrl
TSN,Chicken,16837000000.0,0.3108120581122741,neutral,2025,https://www.sec.gov/Archives/edgar/data/100493/000010049325000095/,xbrl
TSN,Pork,5781000000.0,0.1067176164368389,neutral,2025,https://www.sec.gov/Archives/edgar/data/100493/000010049325000095/,xbrl
TSN,PreparedFoods,9930000000.0,0.18330841225009692,neutral,2025,https://www.sec.gov/Archives/edgar/data/100493/000010049325000095/,xbrl
UBER,Delivery,17248000000.0,0.33158390526174136,neutral,2025,https://www.sec.gov/Archives/edgar/data/1543151/000154315126000015/,xbrl
UBER,Freight,5099000000.0,0.09802564546206048,neutral,2025,https://www.sec.gov/Archives/edgar/data/1543151/000154315126000015/,xbrl
UBER,Mobility,29670000000.0,0.5703904492761982,neutral,2025,https://www.sec.gov/Archives/edgar/data/1543151/000154315126000015/,xbrl
UNP,ProductAndServiceOther,1290000000.0,0.05263157894736842,neutral,2025,https://www.sec.gov/Archives/edgar/data/100885/000010088526000037/,xbrl
UNP,CargoAndFreight,23220000000.0,0.9473684210526315,neutral,2025,https://www.sec.gov/Archives/edgar/data/100885/000010088526000037/,xbrl
UAL,PassengerAncillaryFees,4800000000.0,0.0751526538280883,exposed,2025,https://www.sec.gov/Archives/edgar/data/100517/000010051726000023/,xbrl
UAL,ProductAndServiceOther,3853000000.0,0.06032566149992172,exposed,2025,https://www.sec.gov/Archives/edgar/data/100517/000010051726000023/,xbrl
UAL,CargoAndFreight,1779000000.0,0.02785345232503523,exposed,2025,https://www.sec.gov/Archives/edgar/data/100517/000010051726000023/,xbrl
UAL,Passenger,53438000000.0,0.8366682323469548,exposed,2025,https://www.sec.gov/Archives/edgar/data/100517/000010051726000023/,xbrl
UPS,InternationalSegment,18576000000.0,0.2378641398296946,neutral,2025,https://www.sec.gov/Archives/edgar/data/1090727/000162828026008432/,xbrl
UPS,U.S.DomesticPackageSegment,59519000000.0,0.7621358601703054,neutral,2025,https://www.sec.gov/Archives/edgar/data/1090727/000162828026008432/,xbrl
URI,GeneralRentalsSegment,11001000000.0,0.6833343685943226,neutral,2025,https://www.sec.gov/Archives/edgar/data/1067701/000106770126000007/,xbrl
URI,SpecialtySegment,5098000000.0,0.3166656314056774,neutral,2025,https://www.sec.gov/Archives/edgar/data/1067701/000106770126000007/,xbrl
VLO,RenewableDiesel,2508000000.0,0.020440930763274787,beneficiary,2025,https://www.sec.gov/Archives/edgar/data/1035002/000162828026011499/,xbrl
VLO,Ethanol,4021000000.0,0.032772321610497576,exposed,2025,https://www.sec.gov/Archives/edgar/data/1035002/000162828026011499/,xbrl
VLO,Refining,116166000000.0,0.9467867476262276,exposed,2025,https://www.sec.gov/Archives/edgar/data/1035002/000162828026011499/,xbrl
VLTO,RevenuefromContractwithCustomerMeasurementRecurring,3359000000.0,0.6103943303652554,neutral,2025,https://www.sec.gov/Archives/edgar/data/1967680/000196768026000011/,xbrl
VLTO,RevenuefromContractwithCustomerMeasurementNonrecurring,2144000000.0,0.3896056696347447,neutral,2025,https://www.sec.gov/Archives/edgar/data/1967680/000196768026000011/,xbrl
VRT,Service,1839300000.0,0.15011262731783756,beneficiary,2025,https://www.sec.gov/Archives/edgar/data/1674101/000167410126000008/,xbrl
VRT,ServicesAndSpares,2022900000.0,0.1650969574301384,neutral,2025,https://www.sec.gov/Archives/edgar/data/1674101/000167410126000008/,xbrl
VRT,Product,8390600000.0,0.684790415252024,beneficiary,2025,https://www.sec.gov/Archives/edgar/data/1674101/000167410126000008/,xbrl
VST,AssetClosureSegment,74000000.0,0.00281733038909617,electricity_generation,2025,https://www.sec.gov/Archives/edgar/data/1692819/000169281926000006/,xbrl
VST,RetailSegment,14340000000.0,0.5459529429680956,electricity_generation,2025,https://www.sec.gov/Archives/edgar/data/1692819/000169281926000006/,xbrl
VST,EastSegment,6174000000.0,0.2350567273281048,electricity_generation,2025,https://www.sec.gov/Archives/edgar/data/1692819/000169281926000006/,xbrl
VST,WestSegment,325000000.0,0.012373410492652098,electricity_generation,2025,https://www.sec.gov/Archives/edgar/data/1692819/000169281926000006/,xbrl
VST,TexasSegment,5353000000.0,0.20379958882205132,electricity_generation,2025,https://www.sec.gov/Archives/edgar/data/1692819/000169281926000006/,xbrl
VMC,Aggregates,5800100000.0,0.730389996348113,neutral,2025,https://www.sec.gov/Archives/edgar/data/1396009/000162828026009546/,xbrl
VMC,Concrete,846600000.0,0.10660991550289003,neutral,2025,https://www.sec.gov/Archives/edgar/data/1396009/000162828026009546/,xbrl
VMC,Asphalt,1294400000.0,0.163000088148997,neutral,2025,https://www.sec.gov/Archives/edgar/data/1396009/000162828026009546/,xbrl
GWW,HighTouchSolutionsNA,13993000000.0,0.7942445226472925,neutral,2025,https://www.sec.gov/Archives/edgar/data/277135/000027713526000011/,xbrl
GWW,EndlessAssortment,3625000000.0,0.20575547735270747,neutral,2025,https://www.sec.gov/Archives/edgar/data/277135/000027713526000011/,xbrl
WAB,Service,1906000000.0,0.17068147219485985,exposed,2025,https://www.sec.gov/Archives/edgar/data/943452/000162828026008067/,xbrl
WAB,Product,9261000000.0,0.8293185278051401,exposed,2025,https://www.sec.gov/Archives/edgar/data/943452/000162828026008067/,xbrl
WMT,WalmartInternational,130423000000.0,0.18462712322678093,neutral,2026,https://www.sec.gov/Archives/edgar/data/104169/000010416926000055/,xbrl
WMT,WalmartUS,482975000000.0,0.6837006113987143,neutral,2026,https://www.sec.gov/Archives/edgar/data/104169/000010416926000055/,xbrl
WMT,SamsClubUS,93015000000.0,0.13167226537450472,neutral,2026,https://www.sec.gov/Archives/edgar/data/104169/000010416926000055/,xbrl
WM,Industrial,3989000000.0,0.06013779379174142,neutral,2025,https://www.sec.gov/Archives/edgar/data/823768/000110465926012049/,xbrl
WM,ServiceOther,52000000.0,0.0007839471740211968,neutral,2025,https://www.sec.gov/Archives/edgar/data/823768/000110465926012049/,xbrl
WM,HealthcareSolutions,2508000000.0,0.03781037523933003,neutral,2025,https://www.sec.gov/Archives/edgar/data/823768/000110465926012049/,xbrl
WM,Landfill,5347000000.0,0.08061087575944882,neutral,2025,https://www.sec.gov/Archives/edgar/data/823768/000110465926012049/,xbrl
WM,CollectionAndDisposal,20704000000.0,0.312131582517978,neutral,2025,https://www.sec.gov/Archives/edgar/data/823768/000110465926012049/,xbrl
WM,Transfer,1502000000.0,0.022644012603458413,neutral,2025,https://www.sec.gov/Archives/edgar/data/823768/000110465926012049/,xbrl
WM,RecyclingProcessingAndSales,1492000000.0,0.02249325353153126,neutral,2025,https://www.sec.gov/Archives/edgar/data/823768/000110465926012049/,xbrl
WM,Collection,17569000000.0,0.26486861346881546,neutral,2025,https://www.sec.gov/Archives/edgar/data/823768/000110465926012049/,xbrl
WM,Residential,3597000000.0,0.05422803817219701,neutral,2025,https://www.sec.gov/Archives/edgar/data/823768/000110465926012049/,xbrl
WM,Commercial,5630000000.0,0.08487735749498726,neutral,2025,https://www.sec.gov/Archives/edgar/data/823768/000110465926012049/,xbrl
WM,OtherCollection,3463000000.0,0.052207866608373156,neutral,2025,https://www.sec.gov/Archives/edgar/data/823768/000110465926012049/,xbrl
WM,RenewableEnergySegment,478000000.0,0.007206283638117924,beneficiary,2025,https://www.sec.gov/Archives/edgar/data/823768/000110465926012049/,xbrl
WEC,PublicUtility,9506600000.0,0.48053418522599756,electricity_generation,2025,https://www.sec.gov/Archives/edgar/data/783325/000078332526000018/,xbrl
WEC,Illinois,1683600000.0,0.08510165087901979,electricity_generation,2025,https://www.sec.gov/Archives/edgar/data/783325/000078332526000018/,xbrl
WEC,Wisconsin,7295500000.0,0.3687687657328872,electricity_generation,2025,https://www.sec.gov/Archives/edgar/data/783325/000078332526000018/,xbrl
WEC,NonUtilityEnergyInfrastructure,770200000.0,0.038931629548004894,neutral,2025,https://www.sec.gov/Archives/edgar/data/783325/000078332526000018/,xbrl
WEC,OtherStates,527500000.0,0.026663768614090602,electricity_generation,2025,https://www.sec.gov/Archives/edgar/data/783325/000078332526000018/,xbrl
WSM,PotteryBarnKidsAndTeenSegment,1138051000.0,0.07503958853246022,neutral,2026,https://www.sec.gov/Archives/edgar/data/719955/000071995526000059/,xbrl
WSM,WilliamsSonomaSegment,1362308000.0,0.08982640652701752,neutral,2026,https://www.sec.gov/Archives/edgar/data/719955/000071995526000059/,xbrl
WSM,PotteryBarnSegment,2999332000.0,0.19776674257325988,neutral,2026,https://www.sec.gov/Archives/edgar/data/719955/000071995526000059/,xbrl
WSM,WestElmSegment,1859501000.0,0.12260978630632398,neutral,2026,https://www.sec.gov/Archives/edgar/data/719955/000071995526000059/,xbrl
WSM,ReportableSegment,7806816000.0,0.5147574760609384,neutral,2026,https://www.sec.gov/Archives/edgar/data/719955/000071995526000059/,xbrl
WMB,Service,8348000000.0,0.6985774058577406,exposed,2025,https://www.sec.gov/Archives/edgar/data/107263/000010726326000006/,xbrl
WMB,NonRegulatedServiceCommodityConsideration,192000000.0,0.016066945606694562,exposed,2025,https://www.sec.gov/Archives/edgar/data/107263/000010726326000006/,xbrl
WMB,Product,3290000000.0,0.27531380753138074,exposed,2025,https://www.sec.gov/Archives/edgar/data/107263/000010726326000006/,xbrl
WMB,EnergyCommoditiesAndService,120000000.0,0.0100418410041841,exposed,2025,https://www.sec.gov/Archives/edgar/data/107263/000010726326000006/,xbrl
WYNN,Casino,4410328000.0,0.6178726475653145,neutral,2025,https://www.sec.gov/Archives/edgar/data/1174922/000117492226000013/,xbrl
WYNN,EntertainmentRetailAndOther,548592000.0,0.07685595980007633,neutral,2025,https://www.sec.gov/Archives/edgar/data/1174922/000117492226000013/,xbrl
WYNN,FoodAndBeverage,1037850000.0,0.14539941865449954,neutral,2025,https://www.sec.gov/Archives/edgar/data/1174922/000117492226000013/,xbrl
WYNN,Occupancy,1141154000.0,0.15987197398010963,neutral,2025,https://www.sec.gov/Archives/edgar/data/1174922/000117492226000013/,xbrl
XYL,Product,7472000000.0,0.8270060874377421,neutral,2025,https://www.sec.gov/Archives/edgar/data/1524472/000152447226000012/,xbrl
XYL,Service,1563000000.0,0.17299391256225788,neutral,2025,https://www.sec.gov/Archives/edgar/data/1524472/000152447226000012/,xbrl
YUM,Product,2945000000.0,0.35853420988556123,neutral,2025,https://www.sec.gov/Archives/edgar/data/1041061/000104106126000084/,xbrl
YUM,Advertising,1796000000.0,0.2186510835159484,neutral,2025,https://www.sec.gov/Archives/edgar/data/1041061/000104106126000084/,xbrl
YUM,Franchiseandpropertyrevenue,3473000000.0,0.4228147065984904,neutral,2025,https://www.sec.gov/Archives/edgar/data/1041061/000104106126000084/,xbrl
CEG,Mid-Atlantic,6487000000.0,0.2952931536780772,electricity_generation,2025,https://www.sec.gov/Archives/edgar/data/1868275/000186827526000032/ceg-20251231.htm,note
CEG,Midwest,5804000000.0,0.2642024763292061,electricity_generation,2025,https://www.sec.gov/Archives/edgar/data/1868275/000186827526000032/ceg-20251231.htm,note
CEG,New York,2190000000.0,0.09969045884923525,electricity_generation,2025,https://www.sec.gov/Archives/edgar/data/1868275/000186827526000032/ceg-20251231.htm,note
CEG,ERCOT,1904000000.0,0.08667152221412965,electricity_generation,2025,https://www.sec.gov/Archives/edgar/data/1868275/000186827526000032/ceg-20251231.htm,note
CEG,Other Power Regions,5583000000.0,0.25414238892935176,electricity_generation,2025,https://www.sec.gov/Archives/edgar/data/1868275/000186827526000032/ceg-20251231.htm,note
EME,United States electrical construction and facilities services,5074252000.0,0.2987240043842076,beneficiary,2025,https://www.sec.gov/Archives/edgar/data/105634/000010563426000025/eme-20251231.htm,note
EME,United States mechanical construction and facilities services,7050481000.0,0.4150656918802559,beneficiary,2025,https://www.sec.gov/Archives/edgar/data/105634/000010563426000025/eme-20251231.htm,note
EME,United States building services,3122242000.0,0.18380810273052206,beneficiary,2025,https://www.sec.gov/Archives/edgar/data/105634/000010563426000025/eme-20251231.htm,note
EME,United States industrial services,1268099000.0,0.07465368516100683,neutral,2025,https://www.sec.gov/Archives/edgar/data/105634/000010563426000025/eme-20251231.htm,note
EME,United Kingdom building services,471348000.0,0.027748515844007643,beneficiary,2025,https://www.sec.gov/Archives/edgar/data/105634/000010563426000025/eme-20251231.htm,note
EL,Skin Care,7338000000.0,0.4905736060970718,neutral,2026,https://www.sec.gov/Archives/edgar/data/1001250/000100125026000041/el-20260630.htm,note
EL,Makeup,4276000000.0,0.28586709453135445,neutral,2026,https://www.sec.gov/Archives/edgar/data/1001250/000100125026000041/el-20260630.htm,note
EL,Fragrance,2779000000.0,0.18578686990239338,neutral,2026,https://www.sec.gov/Archives/edgar/data/1001250/000100125026000041/el-20260630.htm,note
EL,Hair Care,565000000.0,0.03777242946918037,neutral,2026,https://www.sec.gov/Archives/edgar/data/1001250/000100125026000041/el-20260630.htm,note
FAST,U.S.,6818900000.0,1.0,neutral,2025,https://www.sec.gov/Archives/edgar/data/815556/000081555626000009/fast-20251231.htm,note
LYB,O&P - Americas,7669000000.0,0.2543362186183796,neutral,2025,https://www.sec.gov/Archives/edgar/data/1489393/000148939326000012/lyb-20251231.htm,note
LYB,O&P - EAI,9611000000.0,0.3187410871223427,neutral,2025,https://www.sec.gov/Archives/edgar/data/1489393/000148939326000012/lyb-20251231.htm,note
LYB,I&D,8953000000.0,0.2969190461977249,neutral,2025,https://www.sec.gov/Archives/edgar/data/1489393/000148939326000012/lyb-20251231.htm,note
LYB,APS,3457000000.0,0.11464862534407853,neutral,2025,https://www.sec.gov/Archives/edgar/data/1489393/000148939326000012/lyb-20251231.htm,note
LYB,Technology,463000000.0,0.015355022717474215,neutral,2025,https://www.sec.gov/Archives/edgar/data/1489393/000148939326000012/lyb-20251231.htm,note
NEE,FPL,18262000000.0,0.6758197024646584,electricity_generation,2025,https://www.sec.gov/Archives/edgar/data/753308/000075330826000015/nee-20251231.htm,note
NEE,NEER,8760000000.0,0.32418029753534156,beneficiary,2025,https://www.sec.gov/Archives/edgar/data/753308/000075330826000015/nee-20251231.htm,note
PNW,Regulated Electricity Segment,5340000000.0,1.0,electricity_generation,2025,https://www.sec.gov/Archives/edgar/data/764622/000076462226000011/pnw-20251231.htm,note
SW,North America,18220000000.0,0.5843676833766317,neutral,2025,https://www.sec.gov/Archives/edgar/data/2005951/000162828026012555/smur-20251231.htm,note
SW,"Europe, MEA and APAC",10860000000.0,0.348311363417685,neutral,2025,https://www.sec.gov/Archives/edgar/data/2005951/000162828026012555/smur-20251231.htm,note
SW,LATAM,2099000000.0,0.0673209532056833,neutral,2025,https://www.sec.gov/Archives/edgar/data/2005951/000162828026012555/smur-20251231.htm,note
STLD,steel operations,12492494000.0,0.7957027381805204,neutral,2025,https://www.sec.gov/Archives/edgar/data/1022671/000110465926021395/stld-20251231x10k.htm,note
STLD,metals recycling operations,1430347000.0,0.09110518879963383,neutral,2025,https://www.sec.gov/Archives/edgar/data/1022671/000110465926021395/stld-20251231x10k.htm,note
STLD,steel fabrication operations,1416560000.0,0.09022703319265137,neutral,2025,https://www.sec.gov/Archives/edgar/data/1022671/000110465926021395/stld-20251231x10k.htm,note
STLD,aluminum operations,360550000.0,0.022965039827194365,neutral,2025,https://www.sec.gov/Archives/edgar/data/1022671/000110465926021395/stld-20251231x10k.htm,note
ULTA,"Retail stores, salon services, and e-commerce",12392820000.0,1.0,neutral,2025,https://www.sec.gov/Archives/edgar/data/1403568/000110465926035243/ulta-20260131x10k.htm,note
XEL,Regulated electric utility,12160000000.0,0.8321927183137148,electricity_generation,2025,https://www.sec.gov/Archives/edgar/data/72903/000007290326000009/xel-20251231.htm,note
XEL,Regulated natural gas utility,2452000000.0,0.16780728168628525,exposed,2025,https://www.sec.gov/Archives/edgar/data/72903/000007290326000009/xel-20251231.htm,note
