ticker,member,revenue,method,fiscal_year,filing_url,label,reason,flag
MMM,ConsumerSegment,4920000000.0,xbrl,2025,https://www.sec.gov/Archives/edgar/data/66740/000006674026000014/,neutral,Consumer products unrelated to specified lists,
MMM,SafetyAndIndustrialSegment,11384000000.0,xbrl,2025,https://www.sec.gov/Archives/edgar/data/66740/000006674026000014/,neutral,Safety and industrial products unrelated to specified lists,
MMM,TransportationAndElectronicsSegment,8272000000.0,xbrl,2025,https://www.sec.gov/Archives/edgar/data/66740/000006674026000014/,neutral,Transportation and electronics products not matching core categories,
AOS,ReportableSegments,3830200000.0,xbrl,2025,https://www.sec.gov/Archives/edgar/data/91142/000009114226000008/,beneficiary,Water heaters and building products,
AOS,RestOfWorld,880400000.0,xbrl,2025,https://www.sec.gov/Archives/edgar/data/91142/000009114226000008/,beneficiary,Building products internationally,
AOS,NorthAmericaSegment,2984200000.0,xbrl,2025,https://www.sec.gov/Archives/edgar/data/91142/000009114226000008/,beneficiary,Building products in North America,
AES,NewEnergyTechnologies,1000000.0,xbrl,2025,https://www.sec.gov/Archives/edgar/data/874761/000087476126000063/,beneficiary,New energy technologies and renewables,
AES,Renewables,2913000000.0,xbrl,2025,https://www.sec.gov/Archives/edgar/data/874761/000087476126000063/,beneficiary,Renewable generation and equipment,
AES,Utilities,4122000000.0,xbrl,2025,https://www.sec.gov/Archives/edgar/data/874761/000087476126000063/,electricity_generation,Utility electricity generation,
AES,EnergyInfrastructure,5402000000.0,xbrl,2025,https://www.sec.gov/Archives/edgar/data/874761/000087476126000063/,beneficiary,Energy infrastructure,
AES,AESAndes,900000000.0,xbrl,2025,https://www.sec.gov/Archives/edgar/data/874761/000087476126000063/,electricity_generation,Power generation utility assets,
APD,Merchant,5336900000.0,xbrl,2025,https://www.sec.gov/Archives/edgar/data/2969/000000296925000055/,neutral,Industrial gases,
APD,Onsite,6180400000.0,xbrl,2025,https://www.sec.gov/Archives/edgar/data/2969/000000296925000055/,neutral,Industrial gases onsite supply,
APD,SaleofEquipment,520000000.0,xbrl,2025,https://www.sec.gov/Archives/edgar/data/2969/000000296925000055/,neutral,Industrial gas equipment sale,
ABNB,ReportableSegment,12241000000.0,xbrl,2025,https://www.sec.gov/Archives/edgar/data/1559720/000155972026000004/,neutral,Travel and lodging platform,
ALB,Specialties,1366435000.0,xbrl,2025,https://www.sec.gov/Archives/edgar/data/915913/000091591326000018/,neutral,Specialty chemicals,
ALB,EnergyStorage,2710035000.0,xbrl,2025,https://www.sec.gov/Archives/edgar/data/915913/000091591326000018/,beneficiary,Lithium and energy storage materials,
ALB,Ketjen,1066263000.0,xbrl,2025,https://www.sec.gov/Archives/edgar/data/915913/000091591326000018/,neutral,Catalysts and chemical processing,
ALLE,Alle_AllegionAmericas,3218800000.0,xbrl,2025,https://www.sec.gov/Archives/edgar/data/1579241/000157924126000007/,neutral,Security and building products,
ALLE,AllegionInternational,848500000.0,xbrl,2025,https://www.sec.gov/Archives/edgar/data/1579241/000157924126000007/,neutral,International security and building products,
LNT,Ipl,2208000000.0,xbrl,2025,https://www.sec.gov/Archives/edgar/data/352541/000035254126000007/,electricity_generation,Electric utility generation and distribution,
LNT,Wpl,2065000000.0,xbrl,2025,https://www.sec.gov/Archives/edgar/data/352541/000035254126000007/,electricity_generation,Electric utility generation and distribution,
MO,EVapor,-13000000.0,xbrl,2025,https://www.sec.gov/Archives/edgar/data/764180/000076418026000017/,neutral,E-vapor products,
MO,OralTobaccoSegment,2802000000.0,xbrl,2025,https://www.sec.gov/Archives/edgar/data/764180/000076418026000017/,neutral,Oral tobacco products,
MO,SmokeableProductsSegment,20485000000.0,xbrl,2025,https://www.sec.gov/Archives/edgar/data/764180/000076418026000017/,neutral,Smokeable tobacco products,
AMZN,NorthAmericaSegment,426305000000.0,xbrl,2025,https://www.sec.gov/Archives/edgar/data/1018724/000101872426000004/,neutral,Broadline retail e-commerce,
AMZN,InternationalSegment,161894000000.0,xbrl,2025,https://www.sec.gov/Archives/edgar/data/1018724/000101872426000004/,neutral,International broadline retail,
AMZN,AmazonWebServicesSegment,128725000000.0,xbrl,2025,https://www.sec.gov/Archives/edgar/data/1018724/000101872426000004/,neutral,Cloud computing and web services,
AMCR,OtherSegment,0.0,xbrl,2025,https://www.sec.gov/Archives/edgar/data/1748790/000174879025000023/,neutral,Packaging products,
AMCR,RigidPackagingSegment,4137000000.0,xbrl,2025,https://www.sec.gov/Archives/edgar/data/1748790/000174879025000023/,neutral,Rigid packaging materials,
AMCR,FlexiblesSegment,10872000000.0,xbrl,2025,https://www.sec.gov/Archives/edgar/data/1748790/000174879025000023/,neutral,Flexible packaging materials,
AEE,Electricity,7668000000.0,xbrl,2025,https://www.sec.gov/Archives/edgar/data/1002910/000100291026000009/,electricity_generation,Electricity generation and utility services,
AEE,NaturalGasReserves,1131000000.0,xbrl,2025,https://www.sec.gov/Archives/edgar/data/1002910/000100291026000009/,exposed,Natural gas reserves and supply,
AEP,ProductAndServiceOther,526000000.0,xbrl,2025,https://www.sec.gov/Archives/edgar/data/4904/000000490426000013/,neutral,Other products and services,
AEP,Electricity,12556000000.0,xbrl,2025,https://www.sec.gov/Archives/edgar/data/4904/000000490426000013/,electricity_generation,Electricity generation and supply,
AEP,TransmissionandDistributionUtilitiesRevenues,6097000000.0,xbrl,2025,https://www.sec.gov/Archives/edgar/data/4904/000000490426000013/,neutral,Transmission and distribution utility revenues,
AEP,GenerationAndMarketingRevenues,2697000000.0,xbrl,2025,https://www.sec.gov/Archives/edgar/data/4904/000000490426000013/,electricity_generation,Generation and marketing of electricity,
AWK,RegulatedBusiness,4723000000.0,xbrl,2025,https://www.sec.gov/Archives/edgar/data/1410636/000141063626000034/,neutral,Regulated water utility services,
AME,AerospaceAndPower,2187172000.0,xbrl,2025,https://www.sec.gov/Archives/edgar/data/1037868/000103786826000016/,neutral,Aerospace and power instrumentation,
AME,ProcessAndAnalyticalInstrumentation,3464289000.0,xbrl,2025,https://www.sec.gov/Archives/edgar/data/1037868/000103786826000016/,neutral,Process and analytical instrumentation,
AME,AutomationAndEngineeredSolutions,1749655000.0,xbrl,2025,https://www.sec.gov/Archives/edgar/data/1037868/000103786826000016/,neutral,Automation and engineered solutions,
APA,OilAndGas,8920000000.0,xbrl,2025,https://www.sec.gov/Archives/edgar/data/1841666/000184166626000015/,exposed,Oil and gas exploration and production,
APA,OilAndGasPurchased,1691000000.0,xbrl,2025,https://www.sec.gov/Archives/edgar/data/1841666/000184166626000015/,exposed,Oil and gas purchased and sold,
APTV,EngineeredComponentsGroup,6662000000.0,xbrl,2025,https://www.sec.gov/Archives/edgar/data/1521332/000152133226000009/,neutral,Engineered automotive components,
APTV,AdvancedSafetyandUserExperience,5792000000.0,xbrl,2025,https://www.sec.gov/Archives/edgar/data/1521332/000152133226000009/,neutral,Advanced safety and user experience electronics,
APTV,ElectricalDistributionSystems,8818000000.0,xbrl,2025,https://www.sec.gov/Archives/edgar/data/1521332/000152133226000009/,neutral,Electrical distribution systems for vehicles,
ADM,AgServicesandOilseeds,61571000000.0,xbrl,2025,https://www.sec.gov/Archives/edgar/data/7084/000000708426000011/,neutral,Agricultural services and oilseeds processing,
ADM,CarbohydrateSolutions,10737000000.0,xbrl,2025,https://www.sec.gov/Archives/edgar/data/7084/000000708426000011/,neutral,Carbohydrate solutions,
ADM,Nutrition,7512000000.0,xbrl,2025,https://www.sec.gov/Archives/edgar/data/7084/000000708426000011/,neutral,Nutrition products,
ATO,DistributionSegment,4422355000.0,xbrl,2025,https://www.sec.gov/Archives/edgar/data/731802/000073180225000056/,exposed,Natural gas distribution utility,
ATO,PipelineandStorageSegment,280400000.0,xbrl,2025,https://www.sec.gov/Archives/edgar/data/731802/000073180225000056/,exposed,Pipeline and storage for natural gas.,
ADP,EmployerServicesSegment,13883100000.0,xbrl,2025,https://www.sec.gov/Archives/edgar/data/8670/000000867025000037/,neutral,Human resources and employment services.,
ADP,ProfessionalEmployeeOrganizationServicesSegment,6690400000.0,xbrl,2025,https://www.sec.gov/Archives/edgar/data/8670/000000867025000037/,neutral,Professional employer organization services.,
AZO,AutoPartsLocations,18938717000.0,xbrl,2025,https://www.sec.gov/Archives/edgar/data/866787/000110465925102611/,exposed,Automotive retail and parts related to internal combustion vehicles.,
AVY,MaterialsGroupSegment,6093300000.0,xbrl,2025,https://www.sec.gov/Archives/edgar/data/8818/000000881826000015/,neutral,Packaging materials and products.,
AVY,SolutionsGroupSegment,2762200000.0,xbrl,2025,https://www.sec.gov/Archives/edgar/data/8818/000000881826000015/,neutral,Packaging solutions.,
AXON,PlatformSolutions,265946000.0,xbrl,2025,https://www.sec.gov/Archives/edgar/data/1069183/000162828026011360/,neutral,Platform solutions for law enforcement and defense.,
AXON,PersonalSensors,397035000.0,xbrl,2025,https://www.sec.gov/Archives/edgar/data/1069183/000162828026011360/,neutral,Personal sensors.,
AXON,TASERDevicesProfessional,913883000.0,xbrl,2025,https://www.sec.gov/Archives/edgar/data/1069183/000162828026011360/,neutral,TASER devices.,
AXON,SoftwareAndServices,1202672000.0,xbrl,2025,https://www.sec.gov/Archives/edgar/data/1069183/000162828026011360/,neutral,Software and services.,
AXON,Service,1202672000.0,xbrl,2025,https://www.sec.gov/Archives/edgar/data/1069183/000162828026011360/,neutral,Services.,
AXON,Product,1576864000.0,xbrl,2025,https://www.sec.gov/Archives/edgar/data/1069183/000162828026011360/,neutral,Products.,
BKR,Product,18216000000.0,xbrl,2025,https://www.sec.gov/Archives/edgar/data/1701605/000170160526000007/,exposed,Oil and gas equipment and products.,
BKR,Service,9517000000.0,xbrl,2025,https://www.sec.gov/Archives/edgar/data/1701605/000170160526000007/,exposed,Oil and gas services.,
BALL,MetalBeveragePackagingEurope,3983000000.0,xbrl,2025,https://www.sec.gov/Archives/edgar/data/9389/000110465926017410/,neutral,Metal beverage packaging.,
BALL,MetalBeveragePackagingNorthAndCentralAmerica,6286000000.0,xbrl,2025,https://www.sec.gov/Archives/edgar/data/9389/000110465926017410/,neutral,Metal beverage packaging.,
BALL,MetalBeveragePackagingSouthAmerica,2162000000.0,xbrl,2025,https://www.sec.gov/Archives/edgar/data/9389/000110465926017410/,neutral,Metal beverage packaging.,
BBY,DomesticSegment,38278000000.0,xbrl,2026,https://www.sec.gov/Archives/edgar/data/764478/000076447826000009/,neutral,Consumer electronics retail.,
BBY,InternationalSegment,3413000000.0,xbrl,2026,https://www.sec.gov/Archives/edgar/data/764478/000076447826000009/,neutral,Consumer electronics retail.,
BA,Service,14107000000.0,xbrl,2025,https://www.sec.gov/Archives/edgar/data/12927/000162828026004357/,exposed,Commercial aviation services.,
BA,Product,75356000000.0,xbrl,2025,https://www.sec.gov/Archives/edgar/data/12927/000162828026004357/,exposed,Commercial aircraft and products.,
BKNG,Advertisingandotherrevenues,1194000000.0,xbrl,2025,https://www.sec.gov/Archives/edgar/data/1075531/000107553126000009/,neutral,Travel advertising and other revenues.,
BKNG,MerchantRevenue,17755000000.0,xbrl,2025,https://www.sec.gov/Archives/edgar/data/1075531/000107553126000009/,neutral,Travel merchant revenue.,
BKNG,AgencyRevenue,7968000000.0,xbrl,2025,https://www.sec.gov/Archives/edgar/data/1075531/000107553126000009/,neutral,Travel agency revenue.,
BR,DistributionRevenue,2062000000.0,xbrl,2025,https://www.sec.gov/Archives/edgar/data/1383312/000162828025037656/,neutral,Financial data distribution revenue.,
BR,EventDrivenRevenue,319300000.0,xbrl,2025,https://www.sec.gov/Archives/edgar/data/1383312/000162828025037656/,neutral,Financial event-driven revenue.,
BR,RecurringFeeRevenue,4507900000.0,xbrl,2025,https://www.sec.gov/Archives/edgar/data/1383312/000162828025037656/,neutral,Financial recurring fee revenue.,
BF-B,Nonbrandedandbulk,33000000.0,xbrl,2026,https://www.sec.gov/Archives/edgar/data/14693/000001469326000024/,neutral,Distilled beverages.,
BF-B,ReadyToDrink,542000000.0,xbrl,2026,https://www.sec.gov/Archives/edgar/data/14693/000001469326000024/,neutral,Ready-to-drink beverages.,
BF-B,Restofportfolio,201000000.0,xbrl,2026,https://www.sec.gov/Archives/edgar/data/14693/000001469326000024/,neutral,Rest of portfolio beverages.,
BF-B,Tequila,251000000.0,xbrl,2026,https://www.sec.gov/Archives/edgar/data/14693/000001469326000024/,neutral,Tequila.,
BF-B,Whiskey,2901000000.0,xbrl,2026,https://www.sec.gov/Archives/edgar/data/14693/000001469326000024/,neutral,Whiskey.,
BLDR,SpecialtyBuildingProductsAndServices,4068074000.0,xbrl,2025,https://www.sec.gov/Archives/edgar/data/1316835/000119312526054643/,beneficiary,Building efficiency products and specialty building materials.,
BLDR,LumberAndLumberSheetGoods,3875868000.0,xbrl,2025,https://www.sec.gov/Archives/edgar/data/1316835/000119312526054643/,neutral,Lumber and building materials.,
BLDR,WindowsDoorsAndMillwork,3836204000.0,xbrl,2025,https://www.sec.gov/Archives/edgar/data/1316835/000119312526054643/,beneficiary,Building efficiency products like windows and doors.,
BLDR,ManufacturedProducts,3410492000.0,xbrl,2025,https://www.sec.gov/Archives/edgar/data/1316835/000119312526054643/,neutral,Manufactured building products.,
BG,MillingProducts,1545000000.0,xbrl,2025,https://www.sec.gov/Archives/edgar/data/1996862/000162828026009842/,neutral,Agricultural milling products.,
BG,SoftseedProcessingAndRefining,11252000000.0,xbrl,2025,https://www.sec.gov/Archives/edgar/data/1996862/000162828026009842/,neutral,Softseed processing and refining.,
BG,GrainMerchandising,16583000000.0,xbrl,2025,https://www.sec.gov/Archives/edgar/data/1996862/000162828026009842/,neutral,Grain merchandising.,
BG,SoybeanProcessingAndRefining,36313000000.0,xbrl,2025,https://www.sec.gov/Archives/edgar/data/1996862/000162828026009842/,neutral,Soybean processing and refining.,
BG,OtherProducts,3000000.0,xbrl,2025,https://www.sec.gov/Archives/edgar/data/1996862/000162828026009842/,neutral,Other agricultural products.,
BG,OtherOilseedsProcessingAndRefining,4633000000.0,xbrl,2025,https://www.sec.gov/Archives/edgar/data/1996862/000162828026009842/,neutral,Other oilseeds processing and refining.,
CHRW,Sourcing,1408959000.0,xbrl,2025,https://www.sec.gov/Archives/edgar/data/1043277/000104327726000009/,neutral,Freight sourcing logistics.,
CHRW,TransportationCustomersFreight,14823804000.0,xbrl,2025,https://www.sec.gov/Archives/edgar/data/1043277/000104327726000009/,exposed,Freight transportation services relying heavily on fossil-fueled freight.,
CCL,CruisePassengerTicket,17419000000.0,xbrl,2025,https://www.sec.gov/Archives/edgar/data/815097/000081509726000007/,neutral,Cruise passenger tickets.,
CCL,CruiseOnboardAndOther,9202000000.0,xbrl,2025,https://www.sec.gov/Archives/edgar/data/815097/000081509726000007/,neutral,Cruise onboard and other revenues.,
CARR,Service,2574000000.0,xbrl,2025,https://www.sec.gov/Archives/edgar/data/1783180/000178318026000008/,beneficiary,Building efficiency and heat pump services.,
CARR,Product,19173000000.0,xbrl,2025,https://www.sec.gov/Archives/edgar/data/1783180/000178318026000008/,beneficiary,Building efficiency and heat pump products.,
CVNA,UsedVehicleSales,14537000000.0,xbrl,2025,https://www.sec.gov/Archives/edgar/data/1690820/000169082026000009/,exposed,Used vehicle sales of internal combustion vehicles.,
CVNA,WholesaleSalesAndRevenues,4052000000.0,xbrl,2025,https://www.sec.gov/Archives/edgar/data/1690820/000169082026000009/,exposed,Wholesale vehicle sales of internal combustion vehicles.,
CVNA,ProductAndServiceOther,1733000000.0,xbrl,2025,https://www.sec.gov/Archives/edgar/data/1690820/000169082026000009/,neutral,Automotive retail and services unrelated to fossil fuels or EVs.,
CASY,ReportableSegment,17561101000.0,xbrl,2026,https://www.sec.gov/Archives/edgar/data/726958/000072695826000046/,neutral,Food retail operations.,
CAT,MachineryPowerEnergy,63980000000.0,xbrl,2025,https://www.sec.gov/Archives/edgar/data/18230/000001823026000008/,neutral,Construction and heavy machinery manufacturing.,
CAT,FinancialProducts,3609000000.0,xbrl,2025,https://www.sec.gov/Archives/edgar/data/18230/000001823026000008/,neutral,Financial services related to machinery.,
CNP,EnergyProductsOrServices,216000000.0,xbrl,2025,https://www.sec.gov/Archives/edgar/data/1130310/000113031026000008/,neutral,Energy products and services not fitting specific categories.,
CNP,WholesaleElectricSales,19000000.0,xbrl,2025,https://www.sec.gov/Archives/edgar/data/1130310/000113031026000008/,electricity_generation,Wholesale electric sales.,
CNP,RetailGasSales,4266000000.0,xbrl,2025,https://www.sec.gov/Archives/edgar/data/1130310/000113031026000008/,exposed,Retail natural gas sales.,
CNP,ElectricDelivery,4109000000.0,xbrl,2025,https://www.sec.gov/Archives/edgar/data/1130310/000113031026000008/,neutral,Electric delivery infrastructure.,
CNP,RetailElectricSales,736000000.0,xbrl,2025,https://www.sec.gov/Archives/edgar/data/1130310/000113031026000008/,electricity_generation,Retail electric sales.,
CNP,GasTransportationandProcessing,11000000.0,xbrl,2025,https://www.sec.gov/Archives/edgar/data/1130310/000113031026000008/,exposed,Gas transportation and processing.,
CF,Urea,1781000000.0,xbrl,2025,https://www.sec.gov/Archives/edgar/data/1324404/000132440426000007/,neutral,Fertilizers and agricultural chemicals.,
CF,Ammonia,2176000000.0,xbrl,2025,https://www.sec.gov/Archives/edgar/data/1324404/000132440426000007/,neutral,Ammonia production for fertilizers.,
CF,OtherProducts,545000000.0,xbrl,2025,https://www.sec.gov/Archives/edgar/data/1324404/000132440426000007/,neutral,Other agricultural products.,
CF,AmmoniumNitrateSegment,421000000.0,xbrl,2025,https://www.sec.gov/Archives/edgar/data/1324404/000132440426000007/,neutral,Ammonium nitrate products.,
CF,UAN,2161000000.0,xbrl,2025,https://www.sec.gov/Archives/edgar/data/1324404/000132440426000007/,neutral,UAN fertilizer products.,
CMG,DeliveryService,59550000.0,xbrl,2025,https://www.sec.gov/Archives/edgar/data/1058090/000105809026000009/,neutral,Restaurant delivery services.,
CMG,FoodAndBeverage,11866051000.0,xbrl,2025,https://www.sec.gov/Archives/edgar/data/1058090/000105809026000009/,neutral,Restaurant food and beverage sales.,
CHD,SpecialtyProductsDivision,299000000.0,xbrl,2025,https://www.sec.gov/Archives/edgar/data/313927/000119312526048139/,neutral,Household and specialty products.,
CHD,ConsolidatingReclassification,0.0,xbrl,2025,https://www.sec.gov/Archives/edgar/data/313927/000119312526048139/,neutral,Consolidating reclassification.,
CHD,ConsumerDomestic,4774800000.0,xbrl,2025,https://www.sec.gov/Archives/edgar/data/313927/000119312526048139/,neutral,Consumer domestic products.,
CHD,ConsumerInternational,1129400000.0,xbrl,2025,https://www.sec.gov/Archives/edgar/data/313927/000119312526048139/,neutral,Consumer international products.,
CTAS,UniformRentalAndFacilityServicesSegment,7976073000.0,xbrl,2025,https://www.sec.gov/Archives/edgar/data/723254/000072325425000017/,neutral,Uniform rental and facility services.,
CTAS,OtherProductsAndServices,2364108000.0,xbrl,2025,https://www.sec.gov/Archives/edgar/data/723254/000072325425000017/,neutral,Other support services.,
CLX,Lifestyle,1303000000.0,xbrl,2025,https://www.sec.gov/Archives/edgar/data/21076/000002107625000039/,neutral,Household lifestyle products.,
CLX,International,1065000000.0,xbrl,2025,https://www.sec.gov/Archives/edgar/data/21076/000002107625000039/,neutral,International household products.,
CLX,Household,2001000000.0,xbrl,2025,https://www.sec.gov/Archives/edgar/data/21076/000002107625000039/,neutral,Household cleaning products.,
CLX,HealthAndWellness,2697000000.0,xbrl,2025,https://www.sec.gov/Archives/edgar/data/21076/000002107625000039/,neutral,Health and wellness products.,
CMS,NorthStarCleanEnergy,408000000.0,xbrl,2025,https://www.sec.gov/Archives/edgar/data/811156/000081115626000004/,beneficiary,Clean energy development and generation.,
CMS,ElectricUtility,5638000000.0,xbrl,2025,https://www.sec.gov/Archives/edgar/data/811156/000081115626000004/,electricity_generation,Electric utility generation and distribution.,
CMS,GasUtility,2493000000.0,xbrl,2025,https://www.sec.gov/Archives/edgar/data/811156/000081115626000004/,exposed,Gas utility distribution.,
KO,ConcentrateOperations,28462000000.0,xbrl,2025,https://www.sec.gov/Archives/edgar/data/21344/000162828026010047/,neutral,Beverage concentrate operations.,
KO,FinishedProductOperations,19479000000.0,xbrl,2025,https://www.sec.gov/Archives/edgar/data/21344/000162828026010047/,neutral,Finished beverage operations.,
CL,OralPersonalAndHomeCare,15769000000.0,xbrl,2025,https://www.sec.gov/Archives/edgar/data/21665/000002166526000006/,neutral,Personal and home care products.,
CL,PetNutrition,4613000000.0,xbrl,2025,https://www.sec.gov/Archives/edgar/data/21665/000002166526000006/,neutral,Pet nutrition products.,
FIX,ElectricalSegment,2427896000.0,xbrl,2025,https://www.sec.gov/Archives/edgar/data/1035983/000110465926017530/,beneficiary,Electrical engineering and grid equipment services.,
FIX,MechanicalSegment,6673745000.0,xbrl,2025,https://www.sec.gov/Archives/edgar/data/1035983/000110465926017530/,beneficiary,Building efficiency and mechanical systems.,
COP,AsiaPacificOperatingSegment,1770000000.0,xbrl,2025,https://www.sec.gov/Archives/edgar/data/1163165/000116316526000009/,exposed,Crude oil and natural gas exploration and production.,
COP,LowerFortyEightSegment,41395000000.0,xbrl,2025,https://www.sec.gov/Archives/edgar/data/1163165/000116316526000009/,exposed,Crude oil and natural gas exploration and production.,
COP,AlaskaSegment,5638000000.0,xbrl,2025,https://www.sec.gov/Archives/edgar/data/1163165/000116316526000009/,exposed,Crude oil and natural gas exploration and production.,
COP,CanadaOperatingSegment,3625000000.0,xbrl,2025,https://www.sec.gov/Archives/edgar/data/1163165/000116316526000009/,exposed,Crude oil and natural gas exploration and production.,
COP,EuropeMiddleEastAndNorthAfricaSegment,6484000000.0,xbrl,2025,https://www.sec.gov/Archives/edgar/data/1163165/000116316526000009/,exposed,Crude oil and natural gas exploration and production.,
ED,OilAndGasPurchased,3610000000.0,xbrl,2025,https://www.sec.gov/Archives/edgar/data/1047862/000104786226000031/,exposed,Purchased oil and gas.,
ED,NonUtilityProductsAndServices,3000000.0,xbrl,2025,https://www.sec.gov/Archives/edgar/data/1047862/000104786226000031/,neutral,Non-utility products and services.,
ED,Steam,703000000.0,xbrl,2025,https://www.sec.gov/Archives/edgar/data/1047862/000104786226000031/,neutral,Steam distribution.,
ED,Electricity,12602000000.0,xbrl,2025,https://www.sec.gov/Archives/edgar/data/1047862/000104786226000031/,electricity_generation,Electricity generation and distribution.,
ED,ProductAndServiceOther,-131000000.0,xbrl,2025,https://www.sec.gov/Archives/edgar/data/1047862/000104786226000031/,neutral,Other products and services.,
STZ,Beer,8315200000.0,xbrl,2026,https://www.sec.gov/Archives/edgar/data/16918/000001691826000011/,neutral,Alcoholic beverages (beer).,
STZ,ConstellationWinesAndSpirits,823800000.0,xbrl,2026,https://www.sec.gov/Archives/edgar/data/16918/000001691826000011/,neutral,Wines and spirits.,
CPRT,Service,3968662000.0,xbrl,2025,https://www.sec.gov/Archives/edgar/data/900075/000162828025042946/,neutral,Vehicle auction and support services.,
CPRT,Product,678296000.0,xbrl,2025,https://www.sec.gov/Archives/edgar/data/900075/000162828025042946/,neutral,Vehicle parts and products.,
CTVA,CropProtection,7503000000.0,xbrl,2025,https://www.sec.gov/Archives/edgar/data/1755672/000175567226000004/,neutral,Crop protection products are agricultural chemicals.,
CTVA,Seed,9898000000.0,xbrl,2025,https://www.sec.gov/Archives/edgar/data/1755672/000175567226000004/,neutral,Seeds are agricultural products.,
COST,FoodandSundries,109564000000.0,xbrl,2025,https://www.sec.gov/Archives/edgar/data/909832/000090983225000101/,neutral,Food and sundries retail.,
COST,FreshFood,37988000000.0,xbrl,2025,https://www.sec.gov/Archives/edgar/data/909832/000090983225000101/,neutral,Fresh food retail.,
COST,Membership,5323000000.0,xbrl,2025,https://www.sec.gov/Archives/edgar/data/909832/000090983225000101/,neutral,Retail membership services.,
COST,NonFoods,71190000000.0,xbrl,2025,https://www.sec.gov/Archives/edgar/data/909832/000090983225000101/,neutral,Non-food retail products.,
COST,Other,51170000000.0,xbrl,2025,https://www.sec.gov/Archives/edgar/data/909832/000090983225000101/,neutral,Other retail merchandise.,
COST,Product,269912000000.0,xbrl,2025,https://www.sec.gov/Archives/edgar/data/909832/000090983225000101/,neutral,General retail products.,
CRH,InternationalSolutions,13296000000.0,xbrl,2025,https://www.sec.gov/Archives/edgar/data/849395/000162828026009043/,neutral,Building materials and construction solutions.,
CRH,AmericasBuildingSolutions,7122000000.0,xbrl,2025,https://www.sec.gov/Archives/edgar/data/849395/000162828026009043/,neutral,Building materials and construction solutions.,
CRH,AmericasMaterialsSolutions,17029000000.0,xbrl,2025,https://www.sec.gov/Archives/edgar/data/849395/000162828026009043/,neutral,Construction materials and solutions.,
CSX,Chemicals,2776000000.0,xbrl,2025,https://www.sec.gov/Archives/edgar/data/277948/000027794826000006/,neutral,Rail transportation of chemicals.,
CSX,Minerals,832000000.0,xbrl,2025,https://www.sec.gov/Archives/edgar/data/277948/000027794826000006/,neutral,Rail transportation of minerals.,
CSX,AgriculturalandFoodProducts,1618000000.0,xbrl,2025,https://www.sec.gov/Archives/edgar/data/277948/000027794826000006/,neutral,Rail transportation of agricultural and food products.,
CSX,ForestProducts,975000000.0,xbrl,2025,https://www.sec.gov/Archives/edgar/data/277948/000027794826000006/,neutral,Rail transportation of forest products.,
CSX,Intermodal,2073000000.0,xbrl,2025,https://www.sec.gov/Archives/edgar/data/277948/000027794826000006/,neutral,Intermodal rail transportation.,
CSX,Trucking,816000000.0,xbrl,2025,https://www.sec.gov/Archives/edgar/data/277948/000027794826000006/,neutral,Trucking transportation services.,
CSX,CoalServices,1900000000.0,xbrl,2025,https://www.sec.gov/Archives/edgar/data/277948/000027794826000006/,exposed,Rail transportation of coal.,
CSX,OtherServices,530000000.0,xbrl,2025,https://www.sec.gov/Archives/edgar/data/277948/000027794826000006/,neutral,Other rail transportation services.,
CSX,Automotive,1182000000.0,xbrl,2025,https://www.sec.gov/Archives/edgar/data/277948/000027794826000006/,exposed,Rail transportation related to internal combustion vehicles.,
CSX,Fertilizers,521000000.0,xbrl,2025,https://www.sec.gov/Archives/edgar/data/277948/000027794826000006/,neutral,Rail transportation of fertilizers.,
CSX,MetalsandEquipment,869000000.0,xbrl,2025,https://www.sec.gov/Archives/edgar/data/277948/000027794826000006/,neutral,Rail transportation of metals and equipment.,
CMI,Mediumdutytruckandbus,2547000000.0,xbrl,2025,https://www.sec.gov/Archives/edgar/data/26172/000002617226000009/,exposed,Engines and components for medium-duty trucks and buses.,
CMI,EatonAutomatedTransmissionTechnologies,423000000.0,xbrl,2025,https://www.sec.gov/Archives/edgar/data/26172/000002617226000009/,exposed,Transmissions for internal combustion vehicles.,
CMI,Parts,4073000000.0,xbrl,2025,https://www.sec.gov/Archives/edgar/data/26172/000002617226000009/,neutral,Parts and services for engines.,
CMI,PSBUPowerGeneration,2229000000.0,xbrl,2025,https://www.sec.gov/Archives/edgar/data/26172/000002617226000009/,neutral,Power generation equipment.,
CMI,Generatortechnologies,647000000.0,xbrl,2025,https://www.sec.gov/Archives/edgar/data/26172/000002617226000009/,neutral,Generator technologies.,
CMI,DBUPowerGeneration,4928000000.0,xbrl,2025,https://www.sec.gov/Archives/edgar/data/26172/000002617226000009/,neutral,Power generation equipment.,
CMI,Onhighway,7021000000.0,xbrl,2025,https://www.sec.gov/Archives/edgar/data/26172/000002617226000009/,exposed,On-highway internal combustion engines.,
CMI,DrivetrainAndBrakingSystems,3983000000.0,xbrl,2025,https://www.sec.gov/Archives/edgar/data/26172/000002617226000009/,neutral,Drivetrain and braking systems.,
CMI,Emissionsolutions,3034000000.0,xbrl,2025,https://www.sec.gov/Archives/edgar/data/26172/000002617226000009/,neutral,Emissions solutions for engines.,
CMI,Industrial,1238000000.0,xbrl,2025,https://www.sec.gov/Archives/edgar/data/26172/000002617226000009/,neutral,Industrial engines and equipment.,
CMI,AtmusFiltration,0.0,xbrl,2025,https://www.sec.gov/Archives/edgar/data/26172/000002617226000009/,neutral,Filtration products.,
CMI,EngineProductLine,1587000000.0,xbrl,2025,https://www.sec.gov/Archives/edgar/data/26172/000002617226000009/,exposed,Internal combustion engine product line.,
CMI,Offhighway,1083000000.0,xbrl,2025,https://www.sec.gov/Archives/edgar/data/26172/000002617226000009/,exposed,Off-highway internal combustion engines.,
CMI,EngineComponentsAndSoftware,1203000000.0,xbrl,2025,https://www.sec.gov/Archives/edgar/data/26172/000002617226000009/,neutral,Engine components and software.,
CMI,Heavydutytruck,2544000000.0,xbrl,2025,https://www.sec.gov/Archives/edgar/data/26172/000002617226000009/,exposed,Engines for heavy-duty trucks.,
CMI,Lightdutyautomotive,1930000000.0,xbrl,2025,https://www.sec.gov/Archives/edgar/data/26172/000002617226000009/,exposed,Engines for light-duty automotive.,
CMI,Service,1798000000.0,xbrl,2025,https://www.sec.gov/Archives/edgar/data/26172/000002617226000009/,neutral,Engine service and maintenance.,
DRI,LongHornSteakhouseSegment,3025500000.0,xbrl,2025,https://www.sec.gov/Archives/edgar/data/940944/000094094425000038/,neutral,Restaurant operations.,
DRI,FineDiningSegment,1304800000.0,xbrl,2025,https://www.sec.gov/Archives/edgar/data/940944/000094094425000038/,neutral,Restaurant operations.,
DRI,OliveGardenSegment,5212900000.0,xbrl,2025,https://www.sec.gov/Archives/edgar/data/940944/000094094425000038/,neutral,Restaurant operations.,
DECK,HokaBrandSegment,2587330000.0,xbrl,2026,https://www.sec.gov/Archives/edgar/data/910521/000162828026037664/,neutral,Footwear brand.,
DECK,OtherBrandsSegment,146208000.0,xbrl,2026,https://www.sec.gov/Archives/edgar/data/910521/000162828026037664/,neutral,Footwear brands.,
DECK,UGGBrandSegment,2738758000.0,xbrl,2026,https://www.sec.gov/Archives/edgar/data/910521/000162828026037664/,neutral,Footwear brand.,
DE,FinancialService,5451000000.0,xbrl,2025,https://www.sec.gov/Archives/edgar/data/315189/000110465925122321/,neutral,Financial services.,
DE,Other,1006000000.0,xbrl,2025,https://www.sec.gov/Archives/edgar/data/315189/000110465925122321/,neutral,Other agricultural machinery operations.,
DE,Product,38917000000.0,xbrl,2025,https://www.sec.gov/Archives/edgar/data/315189/000110465925122321/,neutral,Agricultural machinery products.,
DAL,Airline,58287000000.0,xbrl,2025,https://www.sec.gov/Archives/edgar/data/27904/000002790426000013/,exposed,Commercial aviation airline operations.,
DAL,Refinery,6961000000.0,xbrl,2025,https://www.sec.gov/Archives/edgar/data/27904/000002790426000013/,exposed,Refinery producing refined fuels.,
DVN,OilGasAndNGLSales,11223000000.0,xbrl,2025,https://www.sec.gov/Archives/edgar/data/1090012/000119312526056485/,exposed,"Sales of crude oil, natural gas, and NGLs.",
DVN,MarketingAndMidstreamRevenues,5563000000.0,xbrl,2025,https://www.sec.gov/Archives/edgar/data/1090012/000119312526056485/,exposed,Midstream and marketing services for fossil fuels.,
FANG,OilExplorationandProduction,11621000000.0,xbrl,2025,https://www.sec.gov/Archives/edgar/data/1539838/000153983826000010/,exposed,Exploration and production of oil.,
FANG,OilPurchased,1476000000.0,xbrl,2025,https://www.sec.gov/Archives/edgar/data/1539838/000153983826000010/,exposed,Purchasing and selling crude oil.,
FANG,NaturalGasLiquidsProduction,1432000000.0,xbrl,2025,https://www.sec.gov/Archives/edgar/data/1539838/000153983826000010/,exposed,Production of natural gas liquids.,
FANG,NaturalGasProduction,400000000.0,xbrl,2025,https://www.sec.gov/Archives/edgar/data/1539838/000153983826000010/,exposed,Production of natural gas.,
FANG,OilNaturalGasAndNaturalGasLiquid,13453000000.0,xbrl,2025,https://www.sec.gov/Archives/edgar/data/1539838/000153983826000010/,exposed,"Sales of oil, natural gas, and natural gas liquids.",
DG,Consumables,35053180000.0,xbrl,2026,https://www.sec.gov/Archives/edgar/data/29534/000110465926032325/,neutral,Retail sales of consumable goods.,
DG,HomeProducts,2213521000.0,xbrl,2026,https://www.sec.gov/Archives/edgar/data/29534/000110465926032325/,neutral,Retail sales of home products.,
DG,Seasonal,4327364000.0,xbrl,2026,https://www.sec.gov/Archives/edgar/data/29534/000110465926032325/,neutral,Retail sales of seasonal items.,
DG,Apparel,1130304000.0,xbrl,2026,https://www.sec.gov/Archives/edgar/data/29534/000110465926032325/,neutral,Retail sales of apparel.,
DLTR,Consumable,9425900000.0,xbrl,2026,https://www.sec.gov/Archives/edgar/data/935703/000093570326000025/,neutral,Retail sales of consumables.,
DLTR,Variety,8860500000.0,xbrl,2026,https://www.sec.gov/Archives/edgar/data/935703/000093570326000025/,neutral,Retail sales of variety goods.,
DLTR,Seasonal,1109300000.0,xbrl,2026,https://www.sec.gov/Archives/edgar/data/935703/000093570326000025/,neutral,Retail sales of seasonal merchandise.,
D,ContractedEnergy,1179000000.0,xbrl,2025,https://www.sec.gov/Archives/edgar/data/715957/000119312526063120/,electricity_generation,Contracted energy generation and utility operations.,
D,DominionEnergyVirginia,11840000000.0,xbrl,2025,https://www.sec.gov/Archives/edgar/data/715957/000119312526063120/,electricity_generation,Regulated electricity generation and distribution utility.,
D,DominionEnergySouthCarolina,3578000000.0,xbrl,2025,https://www.sec.gov/Archives/edgar/data/715957/000119312526063120/,electricity_generation,Regulated electricity generation and distribution utility.,
DPZ,USStores,1611761000.0,xbrl,2025,https://www.sec.gov/Archives/edgar/data/1286681/000119312526062321/,neutral,Restaurant operations.,
DPZ,InternationalFranchise,338704000.0,xbrl,2025,https://www.sec.gov/Archives/edgar/data/1286681/000119312526062321/,neutral,International restaurant franchising.,
DPZ,SupplyChain,2989529000.0,xbrl,2025,https://www.sec.gov/Archives/edgar/data/1286681/000119312526062321/,neutral,Restaurant supply chain operations.,
DASH,ReportableSegment,13717000000.0,xbrl,2025,https://www.sec.gov/Archives/edgar/data/1792789/000179278926000013/,neutral,Food delivery platform services.,
DOV,CleanEnergyFuelingSegment,2130507000.0,xbrl,2025,https://www.sec.gov/Archives/edgar/data/29905/000002990526000009/,beneficiary,Clean energy fueling and equipment.,
DOV,PumpsProcessSolutionsSegment,2148670000.0,xbrl,2025,https://www.sec.gov/Archives/edgar/data/29905/000002990526000009/,neutral,Pumps and process solutions for industrial use.,
DOV,EngineeredProductsSegment,1085844000.0,xbrl,2025,https://www.sec.gov/Archives/edgar/data/29905/000002990526000009/,neutral,Engineered products for various industries.,
DOV,ClimateSustainabilityTechnologiesSegment,1559841000.0,xbrl,2025,https://www.sec.gov/Archives/edgar/data/29905/000002990526000009/,beneficiary,Climate sustainability technologies.,
DOV,ImagingIdentificationSegment,1173443000.0,xbrl,2025,https://www.sec.gov/Archives/edgar/data/29905/000002990526000009/,neutral,Imaging and identification equipment.,
DOW,PackagingSpecialtyPlastics,19970000000.0,xbrl,2025,https://www.sec.gov/Archives/edgar/data/1751788/000175178826000018/,neutral,Packaging and specialty plastics.,
DOW,IndustrialIntermediatesInfrastructure,11163000000.0,xbrl,2025,https://www.sec.gov/Archives/edgar/data/1751788/000175178826000018/,neutral,Industrial intermediates and infrastructure.,
DOW,PerformanceMaterialsCoatings,8134000000.0,xbrl,2025,https://www.sec.gov/Archives/edgar/data/1751788/000175178826000018/,neutral,Performance materials and coatings.,
DHI,FinancialServices,841200000.0,xbrl,2025,https://www.sec.gov/Archives/edgar/data/882184/000088218425000081/,neutral,Financial services related to homebuilding.,
DHI,ForestarGroup,1662400000.0,xbrl,2025,https://www.sec.gov/Archives/edgar/data/882184/000088218425000081/,neutral,Real estate development.,
DHI,HomeBuildingOps,31515500000.0,xbrl,2025,https://www.sec.gov/Archives/edgar/data/882184/000088218425000081/,neutral,Homebuilding operations.,
DHI,Rental,1640400000.0,xbrl,2025,https://www.sec.gov/Archives/edgar/data/882184/000088218425000081/,neutral,Rental property operations.,
DTE,EnergyTradingSegment,6477000000.0,xbrl,2025,https://www.sec.gov/Archives/edgar/data/936340/000093634026000054/,neutral,Energy trading activities.,
DTE,DTEVantageSegment,696000000.0,xbrl,2025,https://www.sec.gov/Archives/edgar/data/936340/000093634026000054/,beneficiary,Distributed energy and sustainability infrastructure solutions.,
DTE,ElectricSegment,6935000000.0,xbrl,2025,https://www.sec.gov/Archives/edgar/data/936340/000093634026000054/,electricity_generation,Electric utility generation and distribution.,
DTE,GasSegment,2052000000.0,xbrl,2025,https://www.sec.gov/Archives/edgar/data/936340/000093634026000054/,exposed,Natural gas utility distribution.,
DUK,RetailGas,2782000000.0,xbrl,2025,https://www.sec.gov/Archives/edgar/data/1326160/000132616026000014/,exposed,Retail natural gas distribution.,
DUK,WholesaleElectric,2423000000.0,xbrl,2025,https://www.sec.gov/Archives/edgar/data/1326160/000132616026000014/,electricity_generation,Wholesale electric generation.,
DUK,OtherRevenues,1651000000.0,xbrl,2025,https://www.sec.gov/Archives/edgar/data/1326160/000132616026000014/,neutral,Other utility revenues.,
DUK,RetailElectric,25504000000.0,xbrl,2025,https://www.sec.gov/Archives/edgar/data/1326160/000132616026000014/,electricity_generation,Retail electric utility generation and distribution.,
DD,DiversifiedIndustrialsSegment,3616000000.0,xbrl,2025,https://www.sec.gov/Archives/edgar/data/1666700/000166670026000013/,neutral,Diversified industrial products.,
DD,HealthcareAndWaterTechnologiesSegment,3233000000.0,xbrl,2025,https://www.sec.gov/Archives/edgar/data/1666700/000166670026000013/,beneficiary,Water technologies and purification.,
ETN,ElectricalAmericasSegment,13276000000.0,xbrl,2025,https://www.sec.gov/Archives/edgar/data/1551182/000155118226000007/,beneficiary,Electrical components and grid equipment.,
ETN,ElectricalGlobalSegment,6815000000.0,xbrl,2025,https://www.sec.gov/Archives/edgar/data/1551182/000155118226000007/,beneficiary,Global electrical components and grid equipment.,
ETN,AerospaceSegment,4249000000.0,xbrl,2025,https://www.sec.gov/Archives/edgar/data/1551182/000155118226000007/,exposed,Commercial aviation components and systems.,
ETN,EMobilitySegment,604000000.0,xbrl,2025,https://www.sec.gov/Archives/edgar/data/1551182/000155118226000007/,beneficiary,Electric vehicles and e-mobility solutions.,
ETN,VehicleSegment,2505000000.0,xbrl,2025,https://www.sec.gov/Archives/edgar/data/1551182/000155118226000007/,exposed,Vehicle components for internal combustion engines.,
EBAY,AdvertisingRevenues,1993000000.0,xbrl,2025,https://www.sec.gov/Archives/edgar/data/1065088/000106508826000027/,neutral,Online advertising revenues.,
EBAY,MarketplaceRevenues,9107000000.0,xbrl,2025,https://www.sec.gov/Archives/edgar/data/1065088/000106508826000027/,neutral,Online marketplace services.,
ECL,ServiceAndLease,3462700000.0,xbrl,2025,https://www.sec.gov/Archives/edgar/data/31462/000110465926018357/,neutral,Specialty chemicals services are unrelated to fossil fuels or clean energy.,
ECL,ProductAndEquipment,12618500000.0,xbrl,2025,https://www.sec.gov/Archives/edgar/data/31462/000110465926018357/,neutral,Specialty chemicals products and equipment are unrelated to fossil fuels or clean energy.,
EMR,IntelligentDevices,12400000000.0,xbrl,2025,https://www.sec.gov/Archives/edgar/data/32604/000003260425000087/,beneficiary,Intelligent devices include energy management and grid equipment.,
EMR,SoftwareAndControl,5691000000.0,xbrl,2025,https://www.sec.gov/Archives/edgar/data/32604/000003260425000087/,beneficiary,Software and control systems include energy management software.,
ETR,ElectricityUsRegulated,12775314000.0,xbrl,2025,https://www.sec.gov/Archives/edgar/data/65984/000006598426000174/,electricity_generation,Regulated electricity utility.,
ETR,NaturalGasUsRegulated,112607000.0,xbrl,2025,https://www.sec.gov/Archives/edgar/data/65984/000006598426000174/,exposed,Natural gas distribution.,
ETR,ProductAndServiceOther,58765000.0,xbrl,2025,https://www.sec.gov/Archives/edgar/data/65984/000006598426000174/,neutral,Other products and services.,
EOG,OilAndCondensate,12501000000.0,xbrl,2025,https://www.sec.gov/Archives/edgar/data/821189/000082118926000054/,exposed,Crude oil production.,
EOG,NaturalGasProduction,2791000000.0,xbrl,2025,https://www.sec.gov/Archives/edgar/data/821189/000082118926000054/,exposed,Natural gas production.,
EOG,NaturalGasLiquidsReserves,2376000000.0,xbrl,2025,https://www.sec.gov/Archives/edgar/data/821189/000082118926000054/,exposed,Natural gas liquids reserves and production.,
EOG,NaturalGasGatheringTransportationMarketingAndProcessing,4914000000.0,xbrl,2025,https://www.sec.gov/Archives/edgar/data/821189/000082118926000054/,exposed,Fossil-fuel pipelines and services.,
EQT,GatheringSegment,1301434000.0,xbrl,2025,https://www.sec.gov/Archives/edgar/data/33213/000003321326000018/,exposed,Fossil-fuel pipelines and services.,
EQT,UpstreamSegment,8024057000.0,xbrl,2025,https://www.sec.gov/Archives/edgar/data/33213/000003321326000018/,exposed,Upstream oil and gas exploration and production.,
EQT,TransmissionSegment,572252000.0,xbrl,2025,https://www.sec.gov/Archives/edgar/data/33213/000003321326000018/,exposed,Fossil-fuel transmission and pipelines.,
EFX,UnitedStatesConsumerInformationSolutions,2078500000.0,xbrl,2025,https://www.sec.gov/Archives/edgar/data/33185/000003318526000010/,neutral,Consumer information solutions.,
EFX,International,1413700000.0,xbrl,2025,https://www.sec.gov/Archives/edgar/data/33185/000003318526000010/,neutral,International information solutions.,
EFX,USInformationSolutions,2078500000.0,xbrl,2025,https://www.sec.gov/Archives/edgar/data/33185/000003318526000010/,neutral,Information solutions.,
EFX,WorkforceSolutions,2582300000.0,xbrl,2025,https://www.sec.gov/Archives/edgar/data/33185/000003318526000010/,neutral,Workforce solutions.,
EVRG,EvergyCompanies,5961600000.0,xbrl,2025,https://www.sec.gov/Archives/edgar/data/1711269/000171126926000017/,electricity_generation,Electric utility generation and distribution.,
ES,NaturalGasDistribution,2634800000.0,xbrl,2025,https://www.sec.gov/Archives/edgar/data/72741/000162828026008461/,exposed,Natural gas distribution.,
ES,EversourceElectricTransmission,2283300000.0,xbrl,2025,https://www.sec.gov/Archives/edgar/data/72741/000162828026008461/,beneficiary,Transmission and grid equipment.,
ES,WaterDistributionSegment,236900000.0,xbrl,2025,https://www.sec.gov/Archives/edgar/data/72741/000162828026008461/,neutral,Water distribution.,
ES,EversourceElectricDistribution,10039600000.0,xbrl,2025,https://www.sec.gov/Archives/edgar/data/72741/000162828026008461/,beneficiary,Transmission and grid equipment.,
ES,EversourceWater,236900000.0,xbrl,2025,https://www.sec.gov/Archives/edgar/data/72741/000162828026008461/,neutral,Water services.,
EXC,ElectricityUsRegulated,21959000000.0,xbrl,2025,https://www.sec.gov/Archives/edgar/data/1109357/000110935726000018/,electricity_generation,Regulated electricity utility.,
EXC,NaturalGasUsRegulated,2299000000.0,xbrl,2025,https://www.sec.gov/Archives/edgar/data/1109357/000110935726000018/,exposed,Natural gas distribution.,
EXC,ServiceOther,0.0,xbrl,2025,https://www.sec.gov/Archives/edgar/data/1109357/000110935726000018/,neutral,Other utility services.,
EXE,NaturalGasLiquidsSales,724000000.0,xbrl,2025,https://www.sec.gov/Archives/edgar/data/895126/000089512626000011/,exposed,Natural gas liquids sales.,
EXE,OilSales,319000000.0,xbrl,2025,https://www.sec.gov/Archives/edgar/data/895126/000089512626000011/,exposed,Crude oil sales.,
EXE,NaturalGasGatheringTransportationMarketingAndProcessing,3163000000.0,xbrl,2025,https://www.sec.gov/Archives/edgar/data/895126/000089512626000011/,exposed,Fossil-fuel pipelines and services.,
EXE,OilMarketingSales,132000000.0,xbrl,2025,https://www.sec.gov/Archives/edgar/data/895126/000089512626000011/,exposed,Oil marketing and sales.,
EXE,NaturalGasLiquidsMarketingSales,142000000.0,xbrl,2025,https://www.sec.gov/Archives/edgar/data/895126/000089512626000011/,exposed,Natural gas liquids marketing and sales.,
EXE,NaturalGasMarketingSales,2889000000.0,xbrl,2025,https://www.sec.gov/Archives/edgar/data/895126/000089512626000011/,exposed,Natural gas marketing and sales.,
EXE,NaturalGasSales,7433000000.0,xbrl,2025,https://www.sec.gov/Archives/edgar/data/895126/000089512626000011/,exposed,Natural gas sales.,
EXE,OilAndGas,8476000000.0,xbrl,2025,https://www.sec.gov/Archives/edgar/data/895126/000089512626000011/,exposed,Oil and gas exploration and production.,
EXPE,Lodging,11752000000.0,xbrl,2025,https://www.sec.gov/Archives/edgar/data/1324424/000132442426000008/,neutral,Lodging and travel booking.,
EXPE,TrivagoAdvertising,417000000.0,xbrl,2025,https://www.sec.gov/Archives/edgar/data/1324424/000132442426000008/,neutral,Advertising services.,
EXPE,Air,407000000.0,xbrl,2025,https://www.sec.gov/Archives/edgar/data/1324424/000132442426000008/,exposed,Commercial aviation booking.,
EXPE,OtherServices,1399000000.0,xbrl,2025,https://www.sec.gov/Archives/edgar/data/1324424/000132442426000008/,neutral,Other services.,
EXPE,EGAdvertising,758000000.0,xbrl,2025,https://www.sec.gov/Archives/edgar/data/1324424/000132442426000008/,neutral,Advertising services.,
EXPD,AirfreightServices,3982882000.0,xbrl,2025,https://www.sec.gov/Archives/edgar/data/746515/000119312526071569/,exposed,Air freight logistics.,
EXPD,OceanFreightAndOceanServices,2814960000.0,xbrl,2025,https://www.sec.gov/Archives/edgar/data/746515/000119312526071569/,neutral,Ocean freight and services.,
EXPD,CustomsBrokerageAndOtherServices,4271167000.0,xbrl,2025,https://www.sec.gov/Archives/edgar/data/746515/000119312526071569/,neutral,Customs brokerage.,
FDX,FederalExpressSegment,75304000000.0,xbrl,2025,https://www.sec.gov/Archives/edgar/data/1048911/000104891125000011/,exposed,Air freight and delivery services involving transport emissions.,
FDX,FedexFreightSegment,8892000000.0,xbrl,2025,https://www.sec.gov/Archives/edgar/data/1048911/000104891125000011/,neutral,Freight and logistics services.,
FERG,UnitedStatesSegment,29269000000.0,xbrl,2025,https://www.sec.gov/Archives/edgar/data/2011641/000201164125000027/,neutral,Distribution of plumbing and heating products.,
FERG,CanadaSegment,1493000000.0,xbrl,2025,https://www.sec.gov/Archives/edgar/data/2011641/000201164125000027/,neutral,Distribution of plumbing and heating products.,
FE,ElectricityUsRegulated,12189000000.0,xbrl,2025,https://www.sec.gov/Archives/edgar/data/1031296/000103129626000046/,electricity_generation,Regulated electricity utility.,
FE,ElectricTransmission,2311000000.0,xbrl,2025,https://www.sec.gov/Archives/edgar/data/1031296/000103129626000046/,beneficiary,Transmission and grid equipment.,
FE,ElectricWorldwideUnregulatedRevenue,590000000.0,xbrl,2025,https://www.sec.gov/Archives/edgar/data/1031296/000103129626000046/,electricity_generation,Unregulated electricity generation.,
F,FordBlue,101019000000.0,xbrl,2025,https://www.sec.gov/Archives/edgar/data/37996/000003799626000015/,exposed,Sells internal combustion engine vehicles.,
F,FordPro,66286000000.0,xbrl,2025,https://www.sec.gov/Archives/edgar/data/37996/000003799626000015/,exposed,Commercial vehicles including internal combustion engines.,
F,FordCredit,13271000000.0,xbrl,2025,https://www.sec.gov/Archives/edgar/data/37996/000003799626000015/,neutral,Financing services.,
F,FordModelE,6670000000.0,xbrl,2025,https://www.sec.gov/Archives/edgar/data/37996/000003799626000015/,beneficiary,Electric vehicles.,
FTV,Service,817800000.0,xbrl,2025,https://www.sec.gov/Archives/edgar/data/1659166/000165916626000007/,neutral,Industrial machinery services.,
FTV,Product,3341300000.0,xbrl,2025,https://www.sec.gov/Archives/edgar/data/1659166/000165916626000007/,neutral,Industrial machinery products.,
FCX,AtlanticCopperSmeltingAndRefiningSegment,3169000000.0,xbrl,2025,https://www.sec.gov/Archives/edgar/data/831259/000083125926000012/,neutral,Copper smelting and refining.,
FCX,CerroVerde,4706000000.0,xbrl,2025,https://www.sec.gov/Archives/edgar/data/831259/000083125926000012/,neutral,Copper mining.,
FCX,Morenci,2648000000.0,xbrl,2025,https://www.sec.gov/Archives/edgar/data/831259/000083125926000012/,neutral,Copper mining.,
FCX,GrasbergSegment,8622000000.0,xbrl,2025,https://www.sec.gov/Archives/edgar/data/831259/000083125926000012/,neutral,Copper mining.,
FCX,RodAndRefiningSegment,6890000000.0,xbrl,2025,https://www.sec.gov/Archives/edgar/data/831259/000083125926000012/,neutral,Copper rod and refining.,
GRMN,AviationSegment,987161000.0,xbrl,2025,https://www.sec.gov/Archives/edgar/data/1121788/000119312526056028/,exposed,Aviation electronics and products.,
GRMN,MarineSegment,1182615000.0,xbrl,2025,https://www.sec.gov/Archives/edgar/data/1121788/000119312526056028/,neutral,Marine electronics.,
GRMN,OutdoorSegment,2054061000.0,xbrl,2025,https://www.sec.gov/Archives/edgar/data/1121788/000119312526056028/,neutral,Outdoor electronics.,
GRMN,AutoOemSegment,664682000.0,xbrl,2025,https://www.sec.gov/Archives/edgar/data/1121788/000119312526056028/,neutral,Automotive OEM electronics.,
GRMN,FitnessSegment,2357000000.0,xbrl,2025,https://www.sec.gov/Archives/edgar/data/1121788/000119312526056028/,neutral,Fitness electronics.,
GE,Product,13433000000.0,xbrl,2025,https://www.sec.gov/Archives/edgar/data/40545/000004054526000008/,exposed,Commercial aviation engines and products.,
GE,Service,30436000000.0,xbrl,2025,https://www.sec.gov/Archives/edgar/data/40545/000004054526000008/,exposed,Commercial aviation services.,
GEV,Product,20934000000.0,xbrl,2025,https://www.sec.gov/Archives/edgar/data/1996810/000199681026000015/,beneficiary,Renewable generation and grid equipment.,
GEV,Service,17134000000.0,xbrl,2025,https://www.sec.gov/Archives/edgar/data/1996810/000199681026000015/,beneficiary,Services for power and grid equipment.,
GNRC,International,777431000.0,xbrl,2025,https://www.sec.gov/Archives/edgar/data/1474735/000143774926004568/,beneficiary,Grid and backup power equipment.,
GNRC,Domestic,3470966000.0,xbrl,2025,https://www.sec.gov/Archives/edgar/data/1474735/000143774926004568/,beneficiary,Grid and backup power equipment.,
GD,Service,19529000000.0,xbrl,2025,https://www.sec.gov/Archives/edgar/data/40533/000004053326000006/,neutral,Defense services.,
GD,Product,33021000000.0,xbrl,2025,https://www.sec.gov/Archives/edgar/data/40533/000004053326000006/,neutral,Defense products.,
GIS,Yogurt,1391600000.0,xbrl,2025,https://www.sec.gov/Archives/edgar/data/40704/000119312525147079/,neutral,Packaged foods.,
GIS,Cereal,3078600000.0,xbrl,2025,https://www.sec.gov/Archives/edgar/data/40704/000119312525147079/,neutral,Packaged foods.,
GIS,PetSegment,2585800000.0,xbrl,2025,https://www.sec.gov/Archives/edgar/data/40704/000119312525147079/,neutral,Pet food.,
GIS,BakingMixesAndIngredients,1940200000.0,xbrl,2025,https://www.sec.gov/Archives/edgar/data/40704/000119312525147079/,neutral,Packaged foods.,
GIS,Snacks,4187400000.0,xbrl,2025,https://www.sec.gov/Archives/edgar/data/40704/000119312525147079/,neutral,Packaged foods.,
GIS,Dough,2384200000.0,xbrl,2025,https://www.sec.gov/Archives/edgar/data/40704/000119312525147079/,neutral,Packaged foods.,
GIS,VegetablesAndOther,381100000.0,xbrl,2025,https://www.sec.gov/Archives/edgar/data/40704/000119312525147079/,neutral,Packaged foods.,
GIS,ConvenientMeals,2816100000.0,xbrl,2025,https://www.sec.gov/Archives/edgar/data/40704/000119312525147079/,neutral,Packaged foods.,
GIS,SuperPremiumIceCream,721600000.0,xbrl,2025,https://www.sec.gov/Archives/edgar/data/40704/000119312525147079/,neutral,Packaged foods.,
GM,VehiclesandParts,160511000000.0,xbrl,2025,https://www.sec.gov/Archives/edgar/data/1467858/000146785826000013/,exposed,Vehicles and parts including internal combustion engines.,
GM,ServicesandOther,5724000000.0,xbrl,2025,https://www.sec.gov/Archives/edgar/data/1467858/000146785826000013/,neutral,Services and other.,
GM,UsedVehicles,1737000000.0,xbrl,2025,https://www.sec.gov/Archives/edgar/data/1467858/000146785826000013/,neutral,Used vehicles.,
GPC,InternationalAutomotive,5858566000.0,xbrl,2025,https://www.sec.gov/Archives/edgar/data/40987/000004098726000003/,exposed,Automotive parts for internal combustion vehicles.,
GPC,NorthAmericaAutomotive,9520042000.0,xbrl,2025,https://www.sec.gov/Archives/edgar/data/40987/000004098726000003/,exposed,Automotive parts for internal combustion vehicles.,
GPC,IndustrialParts,8921533000.0,xbrl,2025,https://www.sec.gov/Archives/edgar/data/40987/000004098726000003/,neutral,Industrial parts.,
HAL,Service,15729000000.0,xbrl,2025,https://www.sec.gov/Archives/edgar/data/45012/000004501226000015/,exposed,Oil and gas equipment and services.,
HAL,Product,6455000000.0,xbrl,2025,https://www.sec.gov/Archives/edgar/data/45012/000004501226000015/,exposed,Oil and gas equipment and products.,
HAS,GrowBrands,3479100000.0,xbrl,2025,https://www.sec.gov/Archives/edgar/data/46080/000004608026000011/,neutral,Toys and leisure products.,
HAS,ReinventBrands,524000000.0,xbrl,2025,https://www.sec.gov/Archives/edgar/data/46080/000004608026000011/,neutral,Toys and leisure products.,
HAS,OptimizeBrands,698200000.0,xbrl,2025,https://www.sec.gov/Archives/edgar/data/46080/000004608026000011/,neutral,Toys and leisure products.,
HAS,NonHasbroBrandedFilmTV,0.0,xbrl,2025,https://www.sec.gov/Archives/edgar/data/46080/000004608026000011/,neutral,Film and TV.,
HSY,InternationalSegment,941568000.0,xbrl,2025,https://www.sec.gov/Archives/edgar/data/47111/000162828026008586/,neutral,Confectionery.,
HSY,NorthAmericaConfectionerySegment,9479709000.0,xbrl,2025,https://www.sec.gov/Archives/edgar/data/47111/000162828026008586/,neutral,Confectionery.,
HSY,NorthAmericaSaltySnacksSegment,1271299000.0,xbrl,2025,https://www.sec.gov/Archives/edgar/data/47111/000162828026008586/,neutral,Snacks.,
HLT,ManagementServiceBase,376000000.0,xbrl,2025,https://www.sec.gov/Archives/edgar/data/1585689/000158568926000007/,neutral,Hotel management services.,
HLT,ReimbursementRevenue,7085000000.0,xbrl,2025,https://www.sec.gov/Archives/edgar/data/1585689/000158568926000007/,neutral,Reimbursement revenue.,
HLT,ManagementServiceIncentive,313000000.0,xbrl,2025,https://www.sec.gov/Archives/edgar/data/1585689/000158568926000007/,neutral,Hotel management services are unrelated to net-zero lists.,
HLT,HotelOther,252000000.0,xbrl,2025,https://www.sec.gov/Archives/edgar/data/1585689/000158568926000007/,neutral,Other hotel operations are unrelated to net-zero lists.,
HLT,Ownership,1233000000.0,xbrl,2025,https://www.sec.gov/Archives/edgar/data/1585689/000158568926000007/,neutral,Hotel ownership is unrelated to net-zero lists.,
HLT,Franchiseandlicensingfees,2780000000.0,xbrl,2025,https://www.sec.gov/Archives/edgar/data/1585689/000158568926000007/,neutral,Hotel franchising and licensing fees are unrelated to net-zero lists.,
HD,Product,159029000000.0,xbrl,2026,https://www.sec.gov/Archives/edgar/data/354950/000162828026019436/,neutral,Home improvement retail products are not on the specific list.,
HD,Service,5654000000.0,xbrl,2026,https://www.sec.gov/Archives/edgar/data/354950/000162828026019436/,neutral,Home improvement services are not on the specific list.,
HON,Service,12927000000.0,xbrl,2025,https://www.sec.gov/Archives/edgar/data/773840/000077384026000013/,neutral,Industrial services are unrelated to the lists.,
HON,Product,24515000000.0,xbrl,2025,https://www.sec.gov/Archives/edgar/data/773840/000077384026000013/,neutral,Industrial products are diverse and not explicitly on the specific lists.,
HRL,PerishableMeat,8823022000.0,xbrl,2025,https://www.sec.gov/Archives/edgar/data/48465/000004846525000059/,neutral,Food products are unrelated to net-zero lists.,
HRL,ShelfStable,3283138000.0,xbrl,2025,https://www.sec.gov/Archives/edgar/data/48465/000004846525000059/,neutral,Food products are unrelated to net-zero lists.,
HWM,GasTurbines,944000000.0,xbrl,2025,https://www.sec.gov/Archives/edgar/data/4281/000000428126000012/,exposed,Gas turbines often relate to commercial aviation or fossil power.,
HWM,ProductAndServiceOther,329000000.0,xbrl,2025,https://www.sec.gov/Archives/edgar/data/4281/000000428126000012/,neutral,General aerospace products and services are unrelated.,
HWM,CommercialTransportation,1248000000.0,xbrl,2025,https://www.sec.gov/Archives/edgar/data/4281/000000428126000012/,exposed,Commercial transportation includes commercial aviation.,
HWM,AerospaceCommercial,4322000000.0,xbrl,2025,https://www.sec.gov/Archives/edgar/data/4281/000000428126000012/,exposed,Commercial aerospace relates to commercial aviation.,
HWM,AerospaceDefense,1409000000.0,xbrl,2025,https://www.sec.gov/Archives/edgar/data/4281/000000428126000012/,neutral,Defense aerospace is unrelated to the lists.,
HUBB,UtilitySolutionsSegment,3672300000.0,xbrl,2025,https://www.sec.gov/Archives/edgar/data/48898/000162828026007500/,beneficiary,Utility solutions often include transmission and grid equipment.,
HUBB,ElectricalSegment,2172300000.0,xbrl,2025,https://www.sec.gov/Archives/edgar/data/48898/000162828026007500/,beneficiary,Electrical equipment includes transmission and grid equipment.,
HII,Product,8133000000.0,xbrl,2025,https://www.sec.gov/Archives/edgar/data/1501585/000150158526000006/,neutral,Defense shipbuilding and products are unrelated.,
HII,Service,4351000000.0,xbrl,2025,https://www.sec.gov/Archives/edgar/data/1501585/000150158526000006/,neutral,Defense services are unrelated.,
IEX,FireAndSafetyDiversifiedProducts,744300000.0,xbrl,2025,https://www.sec.gov/Archives/edgar/data/832101/000083210126000003/,neutral,Fire and safety products are unrelated.,
IEX,FluidAndMeteringTechnologies,1224000000.0,xbrl,2025,https://www.sec.gov/Archives/edgar/data/832101/000083210126000003/,neutral,Fluid and metering technologies are unrelated.,
IEX,HealthAndScienceTechnologies,1495500000.0,xbrl,2025,https://www.sec.gov/Archives/edgar/data/832101/000083210126000003/,neutral,Health and science technologies are unrelated.,
ITW,FoodEquipmentSegment,2699000000.0,xbrl,2025,https://www.sec.gov/Archives/edgar/data/49826/000004982626000008/,neutral,Food equipment is unrelated.,
ITW,ConstructionProductsSegment,1820000000.0,xbrl,2025,https://www.sec.gov/Archives/edgar/data/49826/000004982626000008/,neutral,Construction products are unrelated.,
ITW,PolymersAndFluids,1765000000.0,xbrl,2025,https://www.sec.gov/Archives/edgar/data/49826/000004982626000008/,neutral,Polymers and fluids are unrelated.,
ITW,AutomotiveOEMSegment,3288000000.0,xbrl,2025,https://www.sec.gov/Archives/edgar/data/49826/000004982626000008/,neutral,Automotive OEM components may not be exclusively internal combustion.,
ITW,SpecialtyProductsSegment,1775000000.0,xbrl,2025,https://www.sec.gov/Archives/edgar/data/49826/000004982626000008/,neutral,Specialty products are unrelated.,
ITW,WeldingSegment,1890000000.0,xbrl,2025,https://www.sec.gov/Archives/edgar/data/49826/000004982626000008/,neutral,Welding products are unrelated.,
ITW,TestandMeasurementandElectronicsSegment,2825000000.0,xbrl,2025,https://www.sec.gov/Archives/edgar/data/49826/000004982626000008/,neutral,Test and measurement equipment is unrelated.,
ITW,PolymersAndFluidsSegment,1765000000.0,xbrl,2025,https://www.sec.gov/Archives/edgar/data/49826/000004982626000008/,neutral,Polymers and fluids are unrelated.,
IR,OriginalEquipment,4861800000.0,xbrl,2025,https://www.sec.gov/Archives/edgar/data/1699150/000162828026008617/,neutral,Original equipment for industrial machinery is unrelated.,
IR,Aftermarket,2789100000.0,xbrl,2025,https://www.sec.gov/Archives/edgar/data/1699150/000162828026008617/,neutral,Aftermarket services are unrelated.,
IFF,Taste,2481000000.0,xbrl,2025,https://www.sec.gov/Archives/edgar/data/51253/000005125326000006/,neutral,Taste flavors are unrelated.,
IFF,FoodIngredients,3278000000.0,xbrl,2025,https://www.sec.gov/Archives/edgar/data/51253/000005125326000006/,neutral,Food ingredients are unrelated.,
IFF,PharmaSolutions,369000000.0,xbrl,2025,https://www.sec.gov/Archives/edgar/data/51253/000005125326000006/,neutral,Pharma solutions are unrelated.,
IFF,Scent,2479000000.0,xbrl,2025,https://www.sec.gov/Archives/edgar/data/51253/000005125326000006/,neutral,Scents are unrelated.,
IFF,HealthAndBiosciences,2283000000.0,xbrl,2025,https://www.sec.gov/Archives/edgar/data/51253/000005125326000006/,neutral,Health and biosciences are unrelated.,
IP,PackagingSolutionsEMEASegment,8451000000.0,xbrl,2025,https://www.sec.gov/Archives/edgar/data/51434/000005143426000055/,neutral,Packaging solutions are unrelated.,
IP,PackagingSolutionsNorthAmericaSegment,15175000000.0,xbrl,2025,https://www.sec.gov/Archives/edgar/data/51434/000005143426000055/,neutral,Packaging solutions are unrelated.,
JBHT,JBI,5975000000.0,xbrl,2025,https://www.sec.gov/Archives/edgar/data/728535/000143774926005294/,neutral,Ground transportation and logistics are not on the specific lists.,
JBHT,JBT,734000000.0,xbrl,2025,https://www.sec.gov/Archives/edgar/data/728535/000143774926005294/,neutral,Ground transportation and logistics are not on the specific lists.,
JBHT,DCS,3376000000.0,xbrl,2025,https://www.sec.gov/Archives/edgar/data/728535/000143774926005294/,neutral,Ground transportation and logistics are not on the specific lists.,
JBHT,FMS,824000000.0,xbrl,2025,https://www.sec.gov/Archives/edgar/data/728535/000143774926005294/,neutral,Ground transportation and logistics are not on the specific lists.,
JBHT,ICS,1109000000.0,xbrl,2025,https://www.sec.gov/Archives/edgar/data/728535/000143774926005294/,neutral,Ground transportation and logistics are not on the specific lists.,
J,InfrastructureAdvancedFacilities,10764206000.0,xbrl,2025,https://www.sec.gov/Archives/edgar/data/52988/000162828025053316/,neutral,Engineering and infrastructure consulting are unrelated.,
J,PAConsulting,1265577000.0,xbrl,2025,https://www.sec.gov/Archives/edgar/data/52988/000162828025053316/,neutral,Consulting services are unrelated.,
JCI,ProductsandSystems,16124000000.0,xbrl,2025,https://www.sec.gov/Archives/edgar/data/833444/000083344425000097/,beneficiary,Building products include building efficiency and heat pumps.,
JCI,Service,7472000000.0,xbrl,2025,https://www.sec.gov/Archives/edgar/data/833444/000083344425000097/,beneficiary,Building services include building efficiency management.,
KVUE,EssentialHealth,4632000000.0,xbrl,2025,https://www.sec.gov/Archives/edgar/data/1944048/000194404826000030/,neutral,Personal care products are unrelated.,
KVUE,SelfCare,6378000000.0,xbrl,2025,https://www.sec.gov/Archives/edgar/data/1944048/000194404826000030/,neutral,Personal care products are unrelated.,
KVUE,SkinHealthAndBeauty,4114000000.0,xbrl,2025,https://www.sec.gov/Archives/edgar/data/1944048/000194404826000030/,neutral,Personal care products.,
KDP,OtherNetSales,578000000.0,xbrl,2025,https://www.sec.gov/Archives/edgar/data/1418135/000141813526000016/,neutral,Soft drinks and beverages.,
KDP,KCupPods,3777000000.0,xbrl,2025,https://www.sec.gov/Archives/edgar/data/1418135/000141813526000016/,neutral,Beverage pods.,
KDP,LRB,11602000000.0,xbrl,2025,https://www.sec.gov/Archives/edgar/data/1418135/000141813526000016/,neutral,Packaged beverages.,
KDP,Appliances,646000000.0,xbrl,2025,https://www.sec.gov/Archives/edgar/data/1418135/000141813526000016/,neutral,Beverage appliances.,
KMB,AdultCareProducts,1947000000.0,xbrl,2025,https://www.sec.gov/Archives/edgar/data/55785/000162828026007567/,neutral,Adult care products.,
KMB,FamilyCare,4056000000.0,xbrl,2025,https://www.sec.gov/Archives/edgar/data/55785/000162828026007567/,neutral,Family care products.,
KMB,FeminineCareProducts,1706000000.0,xbrl,2025,https://www.sec.gov/Archives/edgar/data/55785/000162828026007567/,neutral,Feminine care products.,
KMB,Babyandchildcareproducts,6773000000.0,xbrl,2025,https://www.sec.gov/Archives/edgar/data/55785/000162828026007567/,neutral,Baby and child care products.,
KMB,Professional,1841000000.0,xbrl,2025,https://www.sec.gov/Archives/edgar/data/55785/000162828026007567/,neutral,Professional hygiene products.,
KMI,Product,7255000000.0,xbrl,2025,https://www.sec.gov/Archives/edgar/data/1506307/000150630726000011/,exposed,Fossil fuel pipeline and storage transport.,
KMI,ProductAndServiceOther,192000000.0,xbrl,2025,https://www.sec.gov/Archives/edgar/data/1506307/000150630726000011/,exposed,Services related to fossil fuel infrastructure.,
KMI,OilAndGasService,9490000000.0,xbrl,2025,https://www.sec.gov/Archives/edgar/data/1506307/000150630726000011/,exposed,Oil and gas services.,
KHC,NorthAmericaSegment,18586000000.0,xbrl,2025,https://www.sec.gov/Archives/edgar/data/1637459/000163745926000009/,neutral,Packaged foods.,
KHC,InternationalSegment,3539000000.0,xbrl,2025,https://www.sec.gov/Archives/edgar/data/1637459/000163745926000009/,neutral,Packaged foods.,
KHC,EmergingMarketsSegment,2817000000.0,xbrl,2025,https://www.sec.gov/Archives/edgar/data/1637459/000163745926000009/,neutral,Packaged foods.,
KR,OtherProduct,1129000000.0,xbrl,2026,https://www.sec.gov/Archives/edgar/data/56873/000110465926037723/,neutral,General food retail.,
KR,NonPerishable,77569000000.0,xbrl,2026,https://www.sec.gov/Archives/edgar/data/56873/000110465926037723/,neutral,Non-perishable groceries.,
KR,Perishable,37189000000.0,xbrl,2026,https://www.sec.gov/Archives/edgar/data/56873/000110465926037723/,neutral,Perishable groceries.,
KR,SupermarketFuel,13584000000.0,xbrl,2026,https://www.sec.gov/Archives/edgar/data/56873/000110465926037723/,exposed,Retail fossil fuels.,
KR,Pharmacy,18171000000.0,xbrl,2026,https://www.sec.gov/Archives/edgar/data/56873/000110465926037723/,neutral,Pharmacy services.,
LHX,Service,6378000000.0,xbrl,2025,https://www.sec.gov/Archives/edgar/data/202058/000020205826000015/,neutral,Aerospace and defense services.,
LHX,Product,15487000000.0,xbrl,2025,https://www.sec.gov/Archives/edgar/data/202058/000020205826000015/,neutral,Aerospace and defense products.,
LVS,Mall,801000000.0,xbrl,2025,https://www.sec.gov/Archives/edgar/data/1300514/000130051426000013/,neutral,Casino mall operations.,
LVS,Occupancy,1422000000.0,xbrl,2025,https://www.sec.gov/Archives/edgar/data/1300514/000130051426000013/,neutral,Hotel and hospitality occupancy.,
LVS,Casino,9789000000.0,xbrl,2025,https://www.sec.gov/Archives/edgar/data/1300514/000130051426000013/,neutral,Casino gaming.,
LVS,FoodAndBeverage,644000000.0,xbrl,2025,https://www.sec.gov/Archives/edgar/data/1300514/000130051426000013/,neutral,Food and beverage sales.,
LVS,ProductAndServiceOther,361000000.0,xbrl,2025,https://www.sec.gov/Archives/edgar/data/1300514/000130051426000013/,neutral,Other resort services.,
LDOS,NationalSecurityAndDigitalSegment,7611000000.0,xbrl,2025,https://www.sec.gov/Archives/edgar/data/1336920/000133692026000030/,neutral,National security and digital services.,
LDOS,HealthAndCivilSegment,5069000000.0,xbrl,2025,https://www.sec.gov/Archives/edgar/data/1336920/000133692026000030/,neutral,Health and civil services.,
LDOS,CommercialAndInternationalSegment,2315000000.0,xbrl,2025,https://www.sec.gov/Archives/edgar/data/1336920/000133692026000030/,neutral,Commercial and international services.,
LDOS,DefenseSystemsSegment,2179000000.0,xbrl,2025,https://www.sec.gov/Archives/edgar/data/1336920/000133692026000030/,neutral,Defense systems.,
LEN,RealEstateOther,32097245000.0,xbrl,2025,https://www.sec.gov/Archives/edgar/data/920760/000162828026003870/,neutral,Real estate.,
LEN,Land,130232000.0,xbrl,2025,https://www.sec.gov/Archives/edgar/data/920760/000162828026003870/,neutral,Land development.,
LEN,OtherRevenue,1959457000.0,xbrl,2025,https://www.sec.gov/Archives/edgar/data/920760/000162828026003870/,neutral,Other homebuilding revenue.,
LII,ResidentialHeatingAndCooling,3343400000.0,xbrl,2025,https://www.sec.gov/Archives/edgar/data/1069202/000106920226000028/,beneficiary,"Building heating and cooling, includes heat pumps.",
LII,CommercialHeatingAndCooling,1851900000.0,xbrl,2025,https://www.sec.gov/Archives/edgar/data/1069202/000106920226000028/,beneficiary,Commercial heating and cooling efficiency.,
LII,Refrigeration,0.0,xbrl,2025,https://www.sec.gov/Archives/edgar/data/1069202/000106920226000028/,neutral,Refrigeration equipment.,
LIN,EMEASegment,8549000000.0,xbrl,2025,https://www.sec.gov/Archives/edgar/data/1707925/000162828026011430/,neutral,Industrial gases.,
LIN,APACSegment,6661000000.0,xbrl,2025,https://www.sec.gov/Archives/edgar/data/1707925/000162828026011430/,neutral,Industrial gases.,
LIN,AmericasSegment,15208000000.0,xbrl,2025,https://www.sec.gov/Archives/edgar/data/1707925/000162828026011430/,neutral,Industrial gases.,
LIN,EngineeringSegment,2250000000.0,xbrl,2025,https://www.sec.gov/Archives/edgar/data/1707925/000162828026011430/,neutral,Engineering services for industrial gases.,
LMT,Service,12394000000.0,xbrl,2025,https://www.sec.gov/Archives/edgar/data/936468/000162828026004195/,neutral,Defense services.,
LMT,Product,62654000000.0,xbrl,2025,https://www.sec.gov/Archives/edgar/data/936468/000162828026004195/,neutral,Defense products.,
LOW,ReportableSegment,84078000000.0,xbrl,2026,https://www.sec.gov/Archives/edgar/data/60667/000006066726000029/,neutral,Home improvement retail.,
LULU,AccessoriesAndOtherCategories,1443249000.0,xbrl,2026,https://www.sec.gov/Archives/edgar/data/1397187/000139718726000020/,neutral,Apparel and accessories.,
LULU,MensApparel,2663986000.0,xbrl,2026,https://www.sec.gov/Archives/edgar/data/1397187/000139718726000020/,neutral,Mens apparel.,
LULU,WomensApparel,6995365000.0,xbrl,2026,https://www.sec.gov/Archives/edgar/data/1397187/000139718726000020/,neutral,Womens apparel.,
MPC,RenewableDiesel,2830000000.0,xbrl,2025,https://www.sec.gov/Archives/edgar/data/1510295/000151029526000009/,beneficiary,Renewable diesel.,
MPC,RefiningAndMarketing,124312000000.0,xbrl,2025,https://www.sec.gov/Archives/edgar/data/1510295/000151029526000009/,exposed,Refined fuels and marketing.,
MPC,Midstream,5628000000.0,xbrl,2025,https://www.sec.gov/Archives/edgar/data/1510295/000151029526000009/,exposed,Midstream operations involve pipelines and services for fossil fuels.,
MAR,Reimbursements,19204000000.0,xbrl,2025,https://www.sec.gov/Archives/edgar/data/1048286/000104828626000007/,neutral,Hotel reimbursements are unrelated to transition lists.,
MAR,OwnedLeasedandOther,1679000000.0,xbrl,2025,https://www.sec.gov/Archives/edgar/data/1048286/000104828626000007/,neutral,Hotel operations are unrelated to transition lists.,
MAR,FeeService,5303000000.0,xbrl,2025,https://www.sec.gov/Archives/edgar/data/1048286/000104828626000007/,neutral,Hotel fee services are unrelated to transition lists.,
MLM,ReportableSegments,6150000000.0,xbrl,2025,https://www.sec.gov/Archives/edgar/data/916076/000119312526059193/,neutral,Construction materials are unrelated to transition lists.,
MLM,BuildingMaterialsBusiness,5709000000.0,xbrl,2025,https://www.sec.gov/Archives/edgar/data/916076/000119312526059193/,neutral,Building materials are unrelated to transition lists.,
MLM,BuildingMaterialsBusinessEastGroup,3194000000.0,xbrl,2025,https://www.sec.gov/Archives/edgar/data/916076/000119312526059193/,neutral,Building materials are unrelated to transition lists.,
MLM,Specialties,441000000.0,xbrl,2025,https://www.sec.gov/Archives/edgar/data/916076/000119312526059193/,neutral,Specialty materials are unrelated to transition lists.,
MLM,BuildingMaterialsBusinessWestGroup,2515000000.0,xbrl,2025,https://www.sec.gov/Archives/edgar/data/916076/000119312526059193/,neutral,Building materials are unrelated to transition lists.,
MAS,DecorativeArchitecturalProducts,2570000000.0,xbrl,2025,https://www.sec.gov/Archives/edgar/data/62996/000006299626000005/,neutral,Architectural products are unrelated to transition lists.,
MAS,PlumbingProducts,4992000000.0,xbrl,2025,https://www.sec.gov/Archives/edgar/data/62996/000006299626000005/,neutral,Plumbing products are unrelated to transition lists.,
MKC,Consumer,3950300000.0,xbrl,2025,https://www.sec.gov/Archives/edgar/data/63754/000006375426000037/,neutral,Packaged foods are unrelated to transition lists.,
MKC,FlavorSolutions,2890000000.0,xbrl,2025,https://www.sec.gov/Archives/edgar/data/63754/000006375426000037/,neutral,Flavor solutions are unrelated to transition lists.,
MCD,USMarket,10825000000.0,xbrl,2025,https://www.sec.gov/Archives/edgar/data/63908/000006390826000035/,neutral,Restaurant operations are unrelated to transition lists.,
MCD,InternationalOperatedMarkets,13633000000.0,xbrl,2025,https://www.sec.gov/Archives/edgar/data/63908/000006390826000035/,neutral,Restaurant operations are unrelated to transition lists.,
MGM,FoodAndBeverage,3045965000.0,xbrl,2025,https://www.sec.gov/Archives/edgar/data/789570/000078957026000018/,neutral,Casino food and beverage is unrelated to transition lists.,
MGM,EntertainmentRetailAndOther,1663431000.0,xbrl,2025,https://www.sec.gov/Archives/edgar/data/789570/000078957026000018/,neutral,Entertainment and retail are unrelated to transition lists.,
MGM,Occupancy,3377400000.0,xbrl,2025,https://www.sec.gov/Archives/edgar/data/789570/000078957026000018/,neutral,Hotel and casino occupancy are unrelated to transition lists.,
MGM,Casino,9450887000.0,xbrl,2025,https://www.sec.gov/Archives/edgar/data/789570/000078957026000018/,neutral,Casino gaming is unrelated to transition lists.,
TAP,AmericasSegment,8712800000.0,xbrl,2025,https://www.sec.gov/Archives/edgar/data/24545/000002454526000006/,neutral,Beverages are unrelated to transition lists.,
TAP,EuropeMiddleEastAfricaAndAsiaPacificSegment,2455700000.0,xbrl,2025,https://www.sec.gov/Archives/edgar/data/24545/000002454526000006/,neutral,Beverages are unrelated to transition lists.,
MDLZ,Beverages,1006000000.0,xbrl,2025,https://www.sec.gov/Archives/edgar/data/1103982/000162828026005345/,neutral,Beverages are unrelated to transition lists.,
MDLZ,CheeseAndGrocery,2384000000.0,xbrl,2025,https://www.sec.gov/Archives/edgar/data/1103982/000162828026005345/,neutral,Packaged foods are unrelated to transition lists.,
MDLZ,Chocolate,12696000000.0,xbrl,2025,https://www.sec.gov/Archives/edgar/data/1103982/000162828026005345/,neutral,Chocolate is unrelated to transition lists.,
MDLZ,Biscuits,18391000000.0,xbrl,2025,https://www.sec.gov/Archives/edgar/data/1103982/000162828026005345/,neutral,Biscuits are unrelated to transition lists.,
MDLZ,GumAndCandy,4060000000.0,xbrl,2025,https://www.sec.gov/Archives/edgar/data/1103982/000162828026005345/,neutral,Confectionery is unrelated to transition lists.,
MNST,AlcoholBrandsSegment,134720000.0,xbrl,2025,https://www.sec.gov/Archives/edgar/data/865752/000110465926020831/,neutral,Beverages are unrelated to transition lists.,
MNST,MonsterEnergyDrinksSegment,7665871000.0,xbrl,2025,https://www.sec.gov/Archives/edgar/data/865752/000110465926020831/,neutral,Beverages are unrelated to transition lists.,
MNST,StrategicBrandsSegment,468716000.0,xbrl,2025,https://www.sec.gov/Archives/edgar/data/865752/000110465926020831/,neutral,Beverages are unrelated to transition lists.,
MOS,PotashSegment,2658700000.0,xbrl,2025,https://www.sec.gov/Archives/edgar/data/1285785/000128578526000017/,neutral,Fertilizers are unrelated to transition lists.,
MOS,MosaicFertilizantes,4847300000.0,xbrl,2025,https://www.sec.gov/Archives/edgar/data/1285785/000128578526000017/,neutral,Fertilizers are unrelated to transition lists.,
MOS,PhosphatesSegment,3877800000.0,xbrl,2025,https://www.sec.gov/Archives/edgar/data/1285785/000128578526000017/,neutral,Fertilizers are unrelated to transition lists.,
NEM,SalesFromConcentrateAndOtherProduction,8339000000.0,xbrl,2025,https://www.sec.gov/Archives/edgar/data/1164727/000116472726000010/,neutral,Gold mining is unrelated to transition lists.,
NEM,GoldDore,14330000000.0,xbrl,2025,https://www.sec.gov/Archives/edgar/data/1164727/000116472726000010/,neutral,Gold mining is unrelated to transition lists.,
NKE,Footwear,30967000000.0,xbrl,2025,https://www.sec.gov/Archives/edgar/data/320187/000032018725000047/,neutral,Apparel and footwear are unrelated to transition lists.,
NKE,SportingEquipment,2223000000.0,xbrl,2025,https://www.sec.gov/Archives/edgar/data/320187/000032018725000047/,neutral,Sporting equipment is unrelated to transition lists.,
NKE,Apparel,13045000000.0,xbrl,2025,https://www.sec.gov/Archives/edgar/data/320187/000032018725000047/,neutral,Apparel is unrelated to transition lists.,
NKE,ProductAndServiceOther,74000000.0,xbrl,2025,https://www.sec.gov/Archives/edgar/data/320187/000032018725000047/,neutral,Other products and services are unrelated to transition lists.,
NI,NIPSCOOperations,3198000000.0,xbrl,2025,https://www.sec.gov/Archives/edgar/data/1111711/000111171126000027/,electricity_generation,Utility operations involve electricity generation and distribution.,
NI,ColumbiaOperations,3324800000.0,xbrl,2025,https://www.sec.gov/Archives/edgar/data/1111711/000111171126000027/,neutral,Natural gas distribution utility operations are not explicitly covered by the primary generation/fuel lists.,
NDSN,AdvancedTechnologySystems,624510000.0,xbrl,2025,https://www.sec.gov/Archives/edgar/data/72331/000007233125000144/,neutral,Industrial machinery is unrelated to transition lists.,
NDSN,IndustrialPrecisionsSolutions,1331792000.0,xbrl,2025,https://www.sec.gov/Archives/edgar/data/72331/000007233125000144/,neutral,Industrial solutions are unrelated to transition lists.,
NDSN,MedicalFluidSystems,835385000.0,xbrl,2025,https://www.sec.gov/Archives/edgar/data/72331/000007233125000144/,neutral,Medical fluid systems are unrelated to transition lists.,
NSC,RailwayOperatingRevenuesMarketGroupCoal,1487000000.0,xbrl,2025,https://www.sec.gov/Archives/edgar/data/702165/000162828026006268/,exposed,Coal rail transport is linked to fossil fuels.,
NSC,ReportableSegment,12180000000.0,xbrl,2025,https://www.sec.gov/Archives/edgar/data/702165/000162828026006268/,neutral,General rail transportation services are unrelated to transition lists.,
NSC,RailwayOperatingRevenuesMarketGroupIntermodal,3009000000.0,xbrl,2025,https://www.sec.gov/Archives/edgar/data/702165/000162828026006268/,neutral,Intermodal rail transport is unrelated to transition lists.,
NSC,RailwayOperatingRevenuesMarketGroupMerchandise,7684000000.0,xbrl,2025,https://www.sec.gov/Archives/edgar/data/702165/000162828026006268/,neutral,Merchandise rail transport is unrelated to transition lists.,
NOC,Service,8213000000.0,xbrl,2025,https://www.sec.gov/Archives/edgar/data/1133421/000113342126000003/,neutral,Defense services are unrelated to transition lists.,
NOC,Product,33741000000.0,xbrl,2025,https://www.sec.gov/Archives/edgar/data/1133421/000113342126000003/,neutral,Defense products are unrelated to transition lists.,
NCLH,OnboardAndOther,3139925000.0,xbrl,2025,https://www.sec.gov/Archives/edgar/data/1513761/000110465926022067/,neutral,Cruise line onboard services are unrelated to transition lists.,
NCLH,Passenger,6687667000.0,xbrl,2025,https://www.sec.gov/Archives/edgar/data/1513761/000110465926022067/,neutral,Cruise line revenue is not on the PDF §5 exposed list (no maritime/cruise category); hand-corrected.,hand-corrected
NRG,OperatingRevenues,30713000000.0,xbrl,2025,https://www.sec.gov/Archives/edgar/data/1013871/000101387126000004/,electricity_generation,Independent power producer operating generation assets.,
NUE,RawMaterials,2164000000.0,xbrl,2025,https://www.sec.gov/Archives/edgar/data/73309/000119312526071575/,neutral,Steel manufacturing raw materials.,
NUE,Plate,2492000000.0,xbrl,2025,https://www.sec.gov/Archives/edgar/data/73309/000119312526071575/,neutral,Steel plate products for general industrial use.,
NUE,Structural,2632000000.0,xbrl,2025,https://www.sec.gov/Archives/edgar/data/73309/000119312526071575/,neutral,Structural steel products for construction.,
NUE,BuildingSystems,1249000000.0,xbrl,2025,https://www.sec.gov/Archives/edgar/data/73309/000119312526071575/,neutral,Steel building systems.,
NUE,Bar,5723000000.0,xbrl,2025,https://www.sec.gov/Archives/edgar/data/73309/000119312526071575/,neutral,Steel bar products.,
NUE,OtherSteelProducts,3522000000.0,xbrl,2025,https://www.sec.gov/Archives/edgar/data/73309/000119312526071575/,neutral,Other steel products.,
NUE,JoistAndDeck,2217000000.0,xbrl,2025,https://www.sec.gov/Archives/edgar/data/73309/000119312526071575/,neutral,Steel joist and deck products.,
NUE,RebarFabrication,1910000000.0,xbrl,2025,https://www.sec.gov/Archives/edgar/data/73309/000119312526071575/,neutral,Rebar fabrication services.,
NUE,Sheet,9156000000.0,xbrl,2025,https://www.sec.gov/Archives/edgar/data/73309/000119312526071575/,neutral,Steel sheet products.,
NUE,TubularProducts,1429000000.0,xbrl,2025,https://www.sec.gov/Archives/edgar/data/73309/000119312526071575/,neutral,Tubular steel products.,
NVR,HomeBuildingSegment,10094269000.0,xbrl,2025,https://www.sec.gov/Archives/edgar/data/906163/000090616326000018/,neutral,Homebuilding activities.,
NVR,MortgageBankingSegment,229690000.0,xbrl,2025,https://www.sec.gov/Archives/edgar/data/906163/000090616326000018/,neutral,Mortgage banking services.,
ORLY,AutomotiveAftermarketPartsSegment,17781992000.0,xbrl,2025,https://www.sec.gov/Archives/edgar/data/898173/000089817326000009/,neutral,Automotive aftermarket parts.,
ODFL,OtherServiceRevenue,50238000.0,xbrl,2025,https://www.sec.gov/Archives/edgar/data/878927/000119312526067161/,neutral,Other ground transportation services.,
ODFL,LTLServiceRevenue,5446151000.0,xbrl,2025,https://www.sec.gov/Archives/edgar/data/878927/000119312526067161/,neutral,Less-than-truckload ground transportation.,
OKE,RefinedProductsAndCrudeOil,13039000000.0,xbrl,2025,https://www.sec.gov/Archives/edgar/data/1039684/000103968426000006/,exposed,Refined products and crude oil storage and transportation.,
OKE,NaturalGasGatheringAndProcessing,7684000000.0,xbrl,2025,https://www.sec.gov/Archives/edgar/data/1039684/000103968426000006/,exposed,Natural gas gathering and processing.,
OKE,WhollyOwnedInterstateNaturalGasPipelines,1846000000.0,xbrl,2025,https://www.sec.gov/Archives/edgar/data/1039684/000103968426000006/,exposed,Fossil-fuel pipelines and services.,
OKE,NaturalGasLiquids,16010000000.0,xbrl,2025,https://www.sec.gov/Archives/edgar/data/1039684/000103968426000006/,exposed,Natural gas liquids handling.,
OTIS,NewEquipment,4989000000.0,xbrl,2025,https://www.sec.gov/Archives/edgar/data/1781335/000178133526000011/,neutral,Elevator and escalator manufacturing.,
OTIS,Services,9442000000.0,xbrl,2025,https://www.sec.gov/Archives/edgar/data/1781335/000178133526000011/,neutral,Elevator maintenance and services.,
PCAR,TruckPartsAndOther,26235100000.0,xbrl,2025,https://www.sec.gov/Archives/edgar/data/75362/000119312526057025/,exposed,Truck parts for heavy vehicles (internal combustion).,
PCAR,FinancialServices,2209700000.0,xbrl,2025,https://www.sec.gov/Archives/edgar/data/75362/000119312526057025/,neutral,Financial services for truck financing.,
PKG,Intersegment,154100000.0,xbrl,2025,https://www.sec.gov/Archives/edgar/data/75677/000119312526074129/,neutral,Intersegment packaging operations.,
PKG,Trade,8989300000.0,xbrl,2025,https://www.sec.gov/Archives/edgar/data/75677/000119312526074129/,neutral,Paper and plastic packaging products.,
PH,DiversifiedIndustrialSegment,13665000000.0,xbrl,2025,https://www.sec.gov/Archives/edgar/data/76334/000007633425000035/,neutral,Diversified industrial manufacturing.,
PH,AerospaceSystemsSegment,6185000000.0,xbrl,2025,https://www.sec.gov/Archives/edgar/data/76334/000007633425000035/,exposed,Aerospace systems related to commercial aviation.,
PAYX,ManagementSolutions,4067100000.0,xbrl,2025,https://www.sec.gov/Archives/edgar/data/723531/000095017025095300/,neutral,Human resource management solutions.,
PAYX,PeoAndInsuranceSolutions,1342900000.0,xbrl,2025,https://www.sec.gov/Archives/edgar/data/723531/000095017025095300/,neutral,Payroll and insurance administrative services.,
PNR,WaterSolutions,1062100000.0,xbrl,2025,https://www.sec.gov/Archives/edgar/data/77360/000007736026000007/,neutral,Water treatment solutions.,
PNR,Pool,1558800000.0,xbrl,2025,https://www.sec.gov/Archives/edgar/data/77360/000007736026000007/,neutral,Pool equipment and products.,
PNR,Flow,1553600000.0,xbrl,2025,https://www.sec.gov/Archives/edgar/data/77360/000007736026000007/,neutral,Flow control equipment.,
PEP,InternationalBeverageFranchise,4997000000.0,xbrl,2025,https://www.sec.gov/Archives/edgar/data/77476/000007747626000007/,neutral,Beverage franchise.,
PEP,AsiaPacificFoodsSegment,4629000000.0,xbrl,2025,https://www.sec.gov/Archives/edgar/data/77476/000007747626000007/,neutral,Food products.,
PEP,PepsiCoBeveragesNorthAmerica,28197000000.0,xbrl,2025,https://www.sec.gov/Archives/edgar/data/77476/000007747626000007/,neutral,Beverage products.,
PEP,PepsiCoFoodsNorthAmerica,27528000000.0,xbrl,2025,https://www.sec.gov/Archives/edgar/data/77476/000007747626000007/,neutral,Food products.,
PEP,LatinAmericaFoodsSegment,10549000000.0,xbrl,2025,https://www.sec.gov/Archives/edgar/data/77476/000007747626000007/,neutral,Food products.,
PEP,EuropeMiddleEastAfricaSegment,18025000000.0,xbrl,2025,https://www.sec.gov/Archives/edgar/data/77476/000007747626000007/,neutral,Food and beverage products.,
PCG,NaturalGasUsRegulated,6617000000.0,xbrl,2025,https://www.sec.gov/Archives/edgar/data/1004980/000100498026000009/,exposed,Natural gas distribution.,
PCG,Electricity,18318000000.0,xbrl,2025,https://www.sec.gov/Archives/edgar/data/1004980/000100498026000009/,electricity_generation,"Electricity transmission, distribution, and generation.",
PM,CombustibleTobaccoProducts,23794000000.0,xbrl,2025,https://www.sec.gov/Archives/edgar/data/1413329/000162828026005939/,neutral,Tobacco products.,
PM,SmokeFreeProducts,16854000000.0,xbrl,2025,https://www.sec.gov/Archives/edgar/data/1413329/000162828026005939/,neutral,Smoke-free alternative products.,
PSX,ChemicalsSegment,0.0,xbrl,2025,https://www.sec.gov/Archives/edgar/data/1534701/000153470126000006/,neutral,Chemicals manufacturing.,
PSX,MidstreamSegment,18577000000.0,xbrl,2025,https://www.sec.gov/Archives/edgar/data/1534701/000153470126000006/,exposed,Midstream oil and gas infrastructure.,
PSX,RefiningSegment,26872000000.0,xbrl,2025,https://www.sec.gov/Archives/edgar/data/1534701/000153470126000006/,exposed,Refined fuels production.,
PSX,RenewableFuels,6178000000.0,xbrl,2025,https://www.sec.gov/Archives/edgar/data/1534701/000153470126000006/,beneficiary,Renewable fuels production.,
PSX,MarketingSpecialitySegment,85897000000.0,xbrl,2025,https://www.sec.gov/Archives/edgar/data/1534701/000153470126000006/,exposed,Marketing of refined petroleum products.,
PPG,PerformanceCoatings,5513000000.0,xbrl,2025,https://www.sec.gov/Archives/edgar/data/79879/000007987926000046/,neutral,Coatings and specialty materials.,
PPG,IndustrialCoatings,6524000000.0,xbrl,2025,https://www.sec.gov/Archives/edgar/data/79879/000007987926000046/,neutral,Industrial coatings are not part of the listed categories.,
PPG,GlobalArchitecturalCoatings,3838000000.0,xbrl,2025,https://www.sec.gov/Archives/edgar/data/79879/000007987926000046/,neutral,Architectural coatings are not part of the listed categories.,
PPL,PennsylvaniaRegulated,3113000000.0,xbrl,2025,https://www.sec.gov/Archives/edgar/data/922224/000092222426000008/,electricity_generation,Regulated electric utility selling electricity.,
PPL,RhodeIslandRegulated,2168000000.0,xbrl,2025,https://www.sec.gov/Archives/edgar/data/922224/000092222426000008/,electricity_generation,Regulated electric utility selling electricity.,
PPL,KentuckyRegulated,3760000000.0,xbrl,2025,https://www.sec.gov/Archives/edgar/data/922224/000092222426000008/,electricity_generation,Regulated electric utility selling electricity.,
PG,GroomingSegment,6662000000.0,xbrl,2025,https://www.sec.gov/Archives/edgar/data/80424/000008042425000076/,neutral,Personal care products are unrelated to the lists.,
PG,BeautySegment,14964000000.0,xbrl,2025,https://www.sec.gov/Archives/edgar/data/80424/000008042425000076/,neutral,Beauty products are unrelated to the lists.,
PG,BabyFeminineFamilyCareSegment,20248000000.0,xbrl,2025,https://www.sec.gov/Archives/edgar/data/80424/000008042425000076/,neutral,Consumer goods are unrelated to the lists.,
PG,HealthCareSegment,11998000000.0,xbrl,2025,https://www.sec.gov/Archives/edgar/data/80424/000008042425000076/,neutral,Health care products are unrelated to the lists.,
PG,FabricHomeCareSegment,29617000000.0,xbrl,2025,https://www.sec.gov/Archives/edgar/data/80424/000008042425000076/,neutral,Fabric and home care products are unrelated to the lists.,
PEG,PublicServiceElectricandGasCompany,9558000000.0,xbrl,2025,https://www.sec.gov/Archives/edgar/data/788784/000119312526077446/,electricity_generation,Regulated electric and gas utility.,
PEG,PSEGPowerOther,3722000000.0,xbrl,2025,https://www.sec.gov/Archives/edgar/data/788784/000119312526077446/,electricity_generation,Power generation and energy services.,
PHM,FinancialServices,388667000.0,xbrl,2025,https://www.sec.gov/Archives/edgar/data/822416/000082241626000007/,neutral,Financial services for homebuilding.,
PHM,HomeBuildingSegment,16923286000.0,xbrl,2025,https://www.sec.gov/Archives/edgar/data/822416/000082241626000007/,neutral,Homebuilding is unrelated to the lists.,
PWR,UndergroundAndInfrastructure,5478229000.0,xbrl,2025,https://www.sec.gov/Archives/edgar/data/1050915/000105091526000006/,exposed,Underground and infrastructure services often support fossil-fuel pipelines.,
PWR,ElectricPower,23001468000.0,xbrl,2025,https://www.sec.gov/Archives/edgar/data/1050915/000105091526000006/,beneficiary,Electric power infrastructure and transmission grid equipment.,
RL,AsiaSegment,2103500000.0,xbrl,2026,https://www.sec.gov/Archives/edgar/data/1037038/000162828026037074/,neutral,Apparel sales are unrelated to the lists.,
RL,EuropeSegment,2538900000.0,xbrl,2026,https://www.sec.gov/Archives/edgar/data/1037038/000162828026037074/,neutral,Apparel sales are unrelated to the lists.,
RL,NorthAmericaSegment,3329600000.0,xbrl,2026,https://www.sec.gov/Archives/edgar/data/1037038/000162828026037074/,neutral,Apparel sales are unrelated to the lists.,
RL,OtherNonReportableSegmentRelated,142500000.0,xbrl,2026,https://www.sec.gov/Archives/edgar/data/1037038/000162828026037074/,neutral,Apparel sales are unrelated to the lists.,
RTX,Service,24432000000.0,xbrl,2025,https://www.sec.gov/Archives/edgar/data/101829/000010182926000006/,exposed,Commercial aviation services.,
RTX,Product,64171000000.0,xbrl,2025,https://www.sec.gov/Archives/edgar/data/101829/000010182926000006/,exposed,Commercial aviation products.,
RSG,OtherServiceLine,824000000.0,xbrl,2025,https://www.sec.gov/Archives/edgar/data/1060391/000106039126000094/,neutral,Waste management services.,
RSG,OtherServiceLineSaleOfRecycledCommodities,433000000.0,xbrl,2025,https://www.sec.gov/Archives/edgar/data/1060391/000106039126000094/,neutral,Recycling services.,
RSG,TransferServiceLine,848000000.0,xbrl,2025,https://www.sec.gov/Archives/edgar/data/1060391/000106039126000094/,neutral,Waste transfer services.,
RSG,CollectionServiceLineLargecontainer,3098000000.0,xbrl,2025,https://www.sec.gov/Archives/edgar/data/1060391/000106039126000094/,neutral,Waste collection services.,
RSG,EnvironmentalSolutionsServiceLine,1828000000.0,xbrl,2025,https://www.sec.gov/Archives/edgar/data/1060391/000106039126000094/,neutral,Environmental solutions are unrelated to the lists.,
RSG,LandfillServiceLine,1920000000.0,xbrl,2025,https://www.sec.gov/Archives/edgar/data/1060391/000106039126000094/,neutral,Landfill services.,
RSG,CollectionServiceLineSmallcontainer,5055000000.0,xbrl,2025,https://www.sec.gov/Archives/edgar/data/1060391/000106039126000094/,neutral,Waste collection services.,
RSG,OtherServiceLineOtherNoncore,391000000.0,xbrl,2025,https://www.sec.gov/Archives/edgar/data/1060391/000106039126000094/,neutral,Non-core waste services.,
RSG,CollectionServiceLineOther,70000000.0,xbrl,2025,https://www.sec.gov/Archives/edgar/data/1060391/000106039126000094/,neutral,Waste collection services.,
RSG,CollectionServiceLine,11233000000.0,xbrl,2025,https://www.sec.gov/Archives/edgar/data/1060391/000106039126000094/,neutral,Waste collection services.,
RSG,CollectionServiceLineResidential,3010000000.0,xbrl,2025,https://www.sec.gov/Archives/edgar/data/1060391/000106039126000094/,neutral,Residential waste collection.,
ROK,ProductsandSolutions,7364000000.0,xbrl,2025,https://www.sec.gov/Archives/edgar/data/1024478/000102447825000116/,beneficiary,Electrical components and energy management equipment.,
ROK,Service,978000000.0,xbrl,2025,https://www.sec.gov/Archives/edgar/data/1024478/000102447825000116/,beneficiary,Services related to electrical components and automation.,
ROL,Franchise,16034000.0,xbrl,2025,https://www.sec.gov/Archives/edgar/data/84839/000008483926000008/,neutral,Pest control franchise.,
ROL,CommercialRevenue,1244733000.0,xbrl,2025,https://www.sec.gov/Archives/edgar/data/84839/000008483926000008/,neutral,Commercial pest control.,
ROL,OtherRevenues,25497000.0,xbrl,2025,https://www.sec.gov/Archives/edgar/data/84839/000008483926000008/,neutral,Other pest control revenues.,
ROL,ResidentialRevenue,1693244000.0,xbrl,2025,https://www.sec.gov/Archives/edgar/data/84839/000008483926000008/,neutral,Residential pest control.,
ROL,TermiteAndAncillaryRevenues,781542000.0,xbrl,2025,https://www.sec.gov/Archives/edgar/data/84839/000008483926000008/,neutral,Termite and ancillary services.,
ROST,ReportableSegment,22750559000.0,xbrl,2026,https://www.sec.gov/Archives/edgar/data/745732/000074573226000006/,neutral,Apparel retail.,
RCL,ProductAndServiceOther,5419000000.0,xbrl,2025,https://www.sec.gov/Archives/edgar/data/884887/000088488726000007/,neutral,Cruise line revenue is not on the PDF §5 exposed list (no maritime/cruise category); hand-corrected.,hand-corrected
RCL,OtherProductsAndServices,864000000.0,xbrl,2025,https://www.sec.gov/Archives/edgar/data/884887/000088488726000007/,neutral,Cruise line revenue is not on the PDF §5 exposed list (no maritime/cruise category); hand-corrected.,hand-corrected
RCL,Passenger,12515000000.0,xbrl,2025,https://www.sec.gov/Archives/edgar/data/884887/000088488726000007/,neutral,Cruise line revenue is not on the PDF §5 exposed list (no maritime/cruise category); hand-corrected.,hand-corrected
RCL,PortCosts,1300000000.0,xbrl,2025,https://www.sec.gov/Archives/edgar/data/884887/000088488726000007/,neutral,Cruise line revenue is not on the PDF §5 exposed list (no maritime/cruise category); hand-corrected.,hand-corrected
RCL,CruiseItinerary,17071000000.0,xbrl,2025,https://www.sec.gov/Archives/edgar/data/884887/000088488726000007/,neutral,Cruise line revenue is not on the PDF §5 exposed list (no maritime/cruise category); hand-corrected.,hand-corrected
SLB,Product,14508000000.0,xbrl,2025,https://www.sec.gov/Archives/edgar/data/87347/000119312526021017/,exposed,Oil and gas equipment and services.,
SLB,Service,21200000000.0,xbrl,2025,https://www.sec.gov/Archives/edgar/data/87347/000119312526021017/,exposed,Oil and gas equipment and services.,
SRE,SempraInfrastructure,1965000000.0,xbrl,2025,https://www.sec.gov/Archives/edgar/data/1032208/000103220826000010/,exposed,Energy infrastructure including fossil fuel pipelines and services.,
SRE,SempraCalifornia,11818000000.0,xbrl,2025,https://www.sec.gov/Archives/edgar/data/1032208/000103220826000010/,electricity_generation,Regulated utility electricity generation and distribution.,
SHW,PaintStoresGroup,13605900000.0,xbrl,2025,https://www.sec.gov/Archives/edgar/data/89800/000008980026000008/,neutral,Sells paint and coatings products.,
SHW,ConsumerBrandsGroup,8554600000.0,xbrl,2025,https://www.sec.gov/Archives/edgar/data/89800/000008980026000008/,neutral,Sells consumer paint brands.,
SHW,PerformanceCoatingsGroup,6821800000.0,xbrl,2025,https://www.sec.gov/Archives/edgar/data/89800/000008980026000008/,neutral,Sells performance coatings.,
SJM,AwayFromHome,879000000.0,xbrl,2026,https://www.sec.gov/Archives/edgar/data/91419/000009141926000050/,neutral,Food products.,
SJM,SweetBakedSnacks,971300000.0,xbrl,2026,https://www.sec.gov/Archives/edgar/data/91419/000009141926000050/,neutral,Food products.,
SJM,U.S.RetailCoffee,3304900000.0,xbrl,2026,https://www.sec.gov/Archives/edgar/data/91419/000009141926000050/,neutral,Coffee products.,
SJM,U.S.RetailFrozenHandheldAndSpreads,1853900000.0,xbrl,2026,https://www.sec.gov/Archives/edgar/data/91419/000009141926000050/,neutral,Food products.,
SJM,U.S.RetailPetFoods,1600000000.0,xbrl,2026,https://www.sec.gov/Archives/edgar/data/91419/000009141926000050/,neutral,Pet food products.,
SNA,ToolsGroup,1964900000.0,xbrl,2025,https://www.sec.gov/Archives/edgar/data/91440/000009144026000045/,neutral,Tools and equipment.,
SNA,RepairSystemsAndInformationGroup,1877100000.0,xbrl,2025,https://www.sec.gov/Archives/edgar/data/91440/000009144026000045/,neutral,Repair systems and information.,
SNA,CommercialAndIndustrialGroup,1457500000.0,xbrl,2025,https://www.sec.gov/Archives/edgar/data/91440/000009144026000045/,neutral,Commercial and industrial equipment.,
SNA,FinancialServices,412900000.0,xbrl,2025,https://www.sec.gov/Archives/edgar/data/91440/000009144026000045/,neutral,Financial services.,
SO,ProductAndServiceOther,1284000000.0,xbrl,2025,https://www.sec.gov/Archives/edgar/data/92122/000009212226000006/,electricity_generation,Electric utility services.,
SO,NaturalGas,5044000000.0,xbrl,2025,https://www.sec.gov/Archives/edgar/data/92122/000009212226000006/,exposed,Natural gas distribution and sales.,
SO,Retail,19331000000.0,xbrl,2025,https://www.sec.gov/Archives/edgar/data/92122/000009212226000006/,electricity_generation,Retail electricity sales.,
SO,OtherElectricRevenue,953000000.0,xbrl,2025,https://www.sec.gov/Archives/edgar/data/92122/000009212226000006/,electricity_generation,Other electric utility revenue.,
SO,WholesaleElectric,2941000000.0,xbrl,2025,https://www.sec.gov/Archives/edgar/data/92122/000009212226000006/,electricity_generation,Wholesale electric power generation.,
LUV,CargoAndFreight,171000000.0,xbrl,2025,https://www.sec.gov/Archives/edgar/data/92380/000009238026000004/,exposed,Commercial aviation cargo.,
LUV,PassengerLoyaltyAirTransportation,3259000000.0,xbrl,2025,https://www.sec.gov/Archives/edgar/data/92380/000009238026000004/,exposed,Commercial aviation loyalty program.,
LUV,PassengerRevenueNonLoyalty,20441000000.0,xbrl,2025,https://www.sec.gov/Archives/edgar/data/92380/000009238026000004/,exposed,Commercial aviation passenger revenue.,
LUV,OtherRevenue,2600000000.0,xbrl,2025,https://www.sec.gov/Archives/edgar/data/92380/000009238026000004/,exposed,Other airline revenue.,
LUV,Passenger,25535000000.0,xbrl,2025,https://www.sec.gov/Archives/edgar/data/92380/000009238026000004/,exposed,Commercial aviation passenger transport.,
LUV,ProductAndServiceOther,2357000000.0,xbrl,2025,https://www.sec.gov/Archives/edgar/data/92380/000009238026000004/,exposed,Commercial aviation services.,
LUV,PassengerAncillarySoldSeparately,1835000000.0,xbrl,2025,https://www.sec.gov/Archives/edgar/data/92380/000009238026000004/,exposed,Commercial aviation ancillary services.,
SWK,EngineeredFasteningSegment,1972200000.0,xbrl,2025,https://www.sec.gov/Archives/edgar/data/93556/000009355626000009/,neutral,Industrial fastening.,
SWK,ToolsAndOutdoorSegment,13158200000.0,xbrl,2025,https://www.sec.gov/Archives/edgar/data/93556/000009355626000009/,neutral,Tools and outdoor equipment.,
SBUX,ChannelDevelopment,1871700000.0,xbrl,2025,https://www.sec.gov/Archives/edgar/data/829224/000082922425000114/,neutral,Restaurant channel development.,
SBUX,InternationalSegment,7819900000.0,xbrl,2025,https://www.sec.gov/Archives/edgar/data/829224/000082922425000114/,neutral,International restaurant operations.,
SBUX,NorthAmericaSegment,27373100000.0,xbrl,2025,https://www.sec.gov/Archives/edgar/data/829224/000082922425000114/,neutral,North American restaurant operations.,
SYY,BeverageProducts1,2986000000.0,xbrl,2025,https://www.sec.gov/Archives/edgar/data/96021/000009602125000099/,neutral,Food distribution.,
SYY,CannedAndDryProducts1,14645000000.0,xbrl,2025,https://www.sec.gov/Archives/edgar/data/96021/000009602125000099/,neutral,Food distribution.,
SYY,Seafood1,2779000000.0,xbrl,2025,https://www.sec.gov/Archives/edgar/data/96021/000009602125000099/,neutral,Food distribution.,
SYY,FreshAndFrozenMeats1,15186000000.0,xbrl,2025,https://www.sec.gov/Archives/edgar/data/96021/000009602125000099/,neutral,Food distribution.,
SYY,FreshProduce1,6632000000.0,xbrl,2025,https://www.sec.gov/Archives/edgar/data/96021/000009602125000099/,neutral,Food distribution.,
SYY,Poultry1,8136000000.0,xbrl,2025,https://www.sec.gov/Archives/edgar/data/96021/000009602125000099/,neutral,Food distribution.,
SYY,DairyProducts1,8686000000.0,xbrl,2025,https://www.sec.gov/Archives/edgar/data/96021/000009602125000099/,neutral,Food distribution.,
SYY,OtherProducts,2649000000.0,xbrl,2025,https://www.sec.gov/Archives/edgar/data/96021/000009602125000099/,neutral,Food distribution.,
SYY,PaperAndDisposables1,5495000000.0,xbrl,2025,https://www.sec.gov/Archives/edgar/data/96021/000009602125000099/,neutral,Food distribution.,
SYY,EquipmentAndSmallwares,1889000000.0,xbrl,2025,https://www.sec.gov/Archives/edgar/data/96021/000009602125000099/,neutral,Food distribution.,
SYY,FrozenFruitsVegetablesBakeryAndOther1,12287000000.0,xbrl,2025,https://www.sec.gov/Archives/edgar/data/96021/000009602125000099/,neutral,Food distribution.,
TPR,Accessories,1809300000.0,xbrl,2025,https://www.sec.gov/Archives/edgar/data/1116132/000111613225000019/,neutral,Apparel and accessories.,
TPR,Other,742300000.0,xbrl,2025,https://www.sec.gov/Archives/edgar/data/1116132/000111613225000019/,neutral,Other apparel and accessories.,
TPR,Footwear,612800000.0,xbrl,2025,https://www.sec.gov/Archives/edgar/data/1116132/000111613225000019/,neutral,Footwear.,
TPR,Handbags,3846300000.0,xbrl,2025,https://www.sec.gov/Archives/edgar/data/1116132/000111613225000019/,neutral,Handbags.,
TRGP,Service,2624800000.0,xbrl,2025,https://www.sec.gov/Archives/edgar/data/1389170/000119312526059296/,exposed,Fossil-fuel pipelines and services.,
TRGP,Product,14403500000.0,xbrl,2025,https://www.sec.gov/Archives/edgar/data/1389170/000119312526059296/,exposed,Oil and gas products.,
TGT,ReportableSegment,104780000000.0,xbrl,2026,https://www.sec.gov/Archives/edgar/data/27419/000002741926000016/,neutral,Retail merchandising.,
TSLA,AutomotiveSales,65821000000.0,xbrl,2025,https://www.sec.gov/Archives/edgar/data/1318605/000162828026003952/,beneficiary,Electric vehicles.,
TSLA,EnergyGenerationAndStorage,12771000000.0,xbrl,2025,https://www.sec.gov/Archives/edgar/data/1318605/000162828026003952/,beneficiary,Renewable generation and battery storage.,
TSLA,AutomotiveRevenues,69526000000.0,xbrl,2025,https://www.sec.gov/Archives/edgar/data/1318605/000162828026003952/,beneficiary,Electric vehicle revenues.,
TSLA,EnergyGenerationAndStorageLeasing,501000000.0,xbrl,2025,https://www.sec.gov/Archives/edgar/data/1318605/000162828026003952/,beneficiary,Sells energy generation and storage products.,
TSLA,ServicesAndOther,12530000000.0,xbrl,2025,https://www.sec.gov/Archives/edgar/data/1318605/000162828026003952/,neutral,General services and other offerings.,
TSLA,EnergyGenerationAndStorageSales,12270000000.0,xbrl,2025,https://www.sec.gov/Archives/edgar/data/1318605/000162828026003952/,beneficiary,Sells energy generation and storage products.,
TSLA,AutomotiveLeasing,1712000000.0,xbrl,2025,https://www.sec.gov/Archives/edgar/data/1318605/000162828026003952/,beneficiary,Leases electric vehicles.,
TSLA,AutomotiveRegulatoryCredits,1993000000.0,xbrl,2025,https://www.sec.gov/Archives/edgar/data/1318605/000162828026003952/,beneficiary,Regulatory credits related to electric vehicles.,
TSLA,SalesAndServices,92614000000.0,xbrl,2025,https://www.sec.gov/Archives/edgar/data/1318605/000162828026003952/,beneficiary,Sales and services for electric vehicles and energy.,
TPL,WaterSalesAndRoyalties,169701000.0,xbrl,2025,https://www.sec.gov/Archives/edgar/data/1811074/000181107426000018/,exposed,Water sales and royalties tied to oil and gas operations.,
TPL,OilAndGasRoyalties,411677000.0,xbrl,2025,https://www.sec.gov/Archives/edgar/data/1811074/000181107426000018/,exposed,Royalties from crude oil and natural gas.,
TPL,ProducedWaterRoyalties,124218000.0,xbrl,2025,https://www.sec.gov/Archives/edgar/data/1811074/000181107426000018/,exposed,Produced water royalties from oil and gas extraction.,
TPL,EasementandSundry,91775000.0,xbrl,2025,https://www.sec.gov/Archives/edgar/data/1811074/000181107426000018/,exposed,Easements tied to fossil fuel operations.,
TPL,LandSales,819000.0,xbrl,2025,https://www.sec.gov/Archives/edgar/data/1811074/000181107426000018/,neutral,Land sales.,
TXT,Bell,4282000000.0,xbrl,2025,https://www.sec.gov/Archives/edgar/data/217346/000021734626000006/,exposed,Aerospace and defense manufacturing including commercial aviation.,
TXT,TextronEAviationSegment,27000000.0,xbrl,2025,https://www.sec.gov/Archives/edgar/data/217346/000021734626000006/,exposed,Aviation segment.,
TXT,TextronSystems,1247000000.0,xbrl,2025,https://www.sec.gov/Archives/edgar/data/217346/000021734626000006/,neutral,Defense systems.,
TXT,Finance,75000000.0,xbrl,2025,https://www.sec.gov/Archives/edgar/data/217346/000021734626000006/,neutral,Finance segment.,
TXT,TextronAviation,5955000000.0,xbrl,2025,https://www.sec.gov/Archives/edgar/data/217346/000021734626000006/,exposed,Aviation segment.,
TXT,Industrial,3213000000.0,xbrl,2025,https://www.sec.gov/Archives/edgar/data/217346/000021734626000006/,neutral,Industrial manufacturing.,
TJX,TJXInternational,7986000000.0,xbrl,2026,https://www.sec.gov/Archives/edgar/data/109198/000010919826000008/,neutral,Apparel retail.,
TJX,Marmaxx,36585000000.0,xbrl,2026,https://www.sec.gov/Archives/edgar/data/109198/000010919826000008/,neutral,Apparel retail.,
TJX,TjxCanada,5629000000.0,xbrl,2026,https://www.sec.gov/Archives/edgar/data/109198/000010919826000008/,neutral,Apparel retail.,
TJX,HomeGoods,10172000000.0,xbrl,2026,https://www.sec.gov/Archives/edgar/data/109198/000010919826000008/,neutral,Home goods retail.,
TSCO,ReportableSegment,14883231000.0,xbrl,2024,https://www.sec.gov/Archives/edgar/data/916365/000091636526000014/,neutral,Specialty retail.,
TT,Product,13982300000.0,xbrl,2025,https://www.sec.gov/Archives/edgar/data/1466258/000162828026005731/,beneficiary,Building efficiency and heat pumps.,
TT,Service,7339600000.0,xbrl,2025,https://www.sec.gov/Archives/edgar/data/1466258/000162828026005731/,beneficiary,Building efficiency and HVAC services.,
TDG,Airframe,4112000000.0,xbrl,2025,https://www.sec.gov/Archives/edgar/data/1260221/000126022125000081/,exposed,Aerospace components for commercial aviation.,
TDG,NonAviationRelatedBusiness,160000000.0,xbrl,2025,https://www.sec.gov/Archives/edgar/data/1260221/000126022125000081/,neutral,Non-aviation related business.,
TDG,PowerAndControl,4559000000.0,xbrl,2025,https://www.sec.gov/Archives/edgar/data/1260221/000126022125000081/,exposed,Power and control components for aerospace.,
TSN,Beef,21623000000.0,xbrl,2025,https://www.sec.gov/Archives/edgar/data/100493/000010049325000095/,neutral,Packaged foods.,
TSN,Chicken,16837000000.0,xbrl,2025,https://www.sec.gov/Archives/edgar/data/100493/000010049325000095/,neutral,Packaged foods.,
TSN,Pork,5781000000.0,xbrl,2025,https://www.sec.gov/Archives/edgar/data/100493/000010049325000095/,neutral,Packaged foods.,
TSN,PreparedFoods,9930000000.0,xbrl,2025,https://www.sec.gov/Archives/edgar/data/100493/000010049325000095/,neutral,Prepared foods.,
UBER,Delivery,17248000000.0,xbrl,2025,https://www.sec.gov/Archives/edgar/data/1543151/000154315126000015/,neutral,Delivery services.,
UBER,Freight,5099000000.0,xbrl,2025,https://www.sec.gov/Archives/edgar/data/1543151/000154315126000015/,neutral,Freight services.,
UBER,Mobility,29670000000.0,xbrl,2025,https://www.sec.gov/Archives/edgar/data/1543151/000154315126000015/,neutral,Passenger ground transportation.,
UNP,ProductAndServiceOther,1290000000.0,xbrl,2025,https://www.sec.gov/Archives/edgar/data/100885/000010088526000037/,neutral,Rail transportation services.,
UNP,CargoAndFreight,23220000000.0,xbrl,2025,https://www.sec.gov/Archives/edgar/data/100885/000010088526000037/,neutral,Rail freight transportation.,
UAL,PassengerAncillaryFees,4800000000.0,xbrl,2025,https://www.sec.gov/Archives/edgar/data/100517/000010051726000023/,exposed,Commercial aviation ancillary fees.,
UAL,ProductAndServiceOther,3853000000.0,xbrl,2025,https://www.sec.gov/Archives/edgar/data/100517/000010051726000023/,exposed,Commercial aviation services.,
UAL,CargoAndFreight,1779000000.0,xbrl,2025,https://www.sec.gov/Archives/edgar/data/100517/000010051726000023/,exposed,Cargo and freight tied to commercial aviation.,
UAL,Passenger,53438000000.0,xbrl,2025,https://www.sec.gov/Archives/edgar/data/100517/000010051726000023/,exposed,Commercial aviation passenger transport.,
UPS,InternationalSegment,18576000000.0,xbrl,2025,https://www.sec.gov/Archives/edgar/data/1090727/000162828026008432/,neutral,Air freight and logistics.,
UPS,U.S.DomesticPackageSegment,59519000000.0,xbrl,2025,https://www.sec.gov/Archives/edgar/data/1090727/000162828026008432/,neutral,Air freight and logistics.,
URI,GeneralRentalsSegment,11001000000.0,xbrl,2025,https://www.sec.gov/Archives/edgar/data/1067701/000106770126000007/,neutral,Equipment rentals.,
URI,SpecialtySegment,5098000000.0,xbrl,2025,https://www.sec.gov/Archives/edgar/data/1067701/000106770126000007/,neutral,Specialty equipment rentals.,
VLO,RenewableDiesel,2508000000.0,xbrl,2025,https://www.sec.gov/Archives/edgar/data/1035002/000162828026011499/,beneficiary,Renewable diesel production.,
VLO,Ethanol,4021000000.0,xbrl,2025,https://www.sec.gov/Archives/edgar/data/1035002/000162828026011499/,exposed,Refined fuels and ethanol.,
VLO,Refining,116166000000.0,xbrl,2025,https://www.sec.gov/Archives/edgar/data/1035002/000162828026011499/,exposed,Refined petroleum products.,
VLTO,RevenuefromContractwithCustomerMeasurementRecurring,3359000000.0,xbrl,2025,https://www.sec.gov/Archives/edgar/data/1967680/000196768026000011/,neutral,Environmental and measurement services.,
VLTO,RevenuefromContractwithCustomerMeasurementNonrecurring,2144000000.0,xbrl,2025,https://www.sec.gov/Archives/edgar/data/1967680/000196768026000011/,neutral,Environmental and measurement services.,
VRT,Service,1839300000.0,xbrl,2025,https://www.sec.gov/Archives/edgar/data/1674101/000167410126000008/,beneficiary,Electrical components and equipment.,
VRT,ServicesAndSpares,2022900000.0,xbrl,2025,https://www.sec.gov/Archives/edgar/data/1674101/000167410126000008/,neutral,Electrical equipment services unrelated to specific listed product lines.,
VRT,Product,8390600000.0,xbrl,2025,https://www.sec.gov/Archives/edgar/data/1674101/000167410126000008/,beneficiary,Electrical components often used in grid equipment and energy management.,
VST,AssetClosureSegment,74000000.0,xbrl,2025,https://www.sec.gov/Archives/edgar/data/1692819/000169281926000006/,electricity_generation,Asset closure for an electric utility.,
VST,RetailSegment,14340000000.0,xbrl,2025,https://www.sec.gov/Archives/edgar/data/1692819/000169281926000006/,electricity_generation,Retail electricity operations of an electric utility.,
VST,EastSegment,6174000000.0,xbrl,2025,https://www.sec.gov/Archives/edgar/data/1692819/000169281926000006/,electricity_generation,Electric utility generation and distribution in the East.,
VST,WestSegment,325000000.0,xbrl,2025,https://www.sec.gov/Archives/edgar/data/1692819/000169281926000006/,electricity_generation,Electric utility generation and distribution in the West.,
VST,TexasSegment,5353000000.0,xbrl,2025,https://www.sec.gov/Archives/edgar/data/1692819/000169281926000006/,electricity_generation,Electric utility generation and distribution in Texas.,
VMC,Aggregates,5800100000.0,xbrl,2025,https://www.sec.gov/Archives/edgar/data/1396009/000162828026009546/,neutral,Construction materials and aggregates.,
VMC,Concrete,846600000.0,xbrl,2025,https://www.sec.gov/Archives/edgar/data/1396009/000162828026009546/,neutral,Concrete production for construction.,
VMC,Asphalt,1294400000.0,xbrl,2025,https://www.sec.gov/Archives/edgar/data/1396009/000162828026009546/,neutral,Asphalt production for construction.,
GWW,HighTouchSolutionsNA,13993000000.0,xbrl,2025,https://www.sec.gov/Archives/edgar/data/277135/000027713526000011/,neutral,Industrial machinery and supplies distribution.,
GWW,EndlessAssortment,3625000000.0,xbrl,2025,https://www.sec.gov/Archives/edgar/data/277135/000027713526000011/,neutral,Industrial supplies assortment.,
WAB,Service,1906000000.0,xbrl,2025,https://www.sec.gov/Archives/edgar/data/943452/000162828026008067/,exposed,Services for heavy transportation equipment including locomotives.,
WAB,Product,9261000000.0,xbrl,2025,https://www.sec.gov/Archives/edgar/data/943452/000162828026008067/,exposed,Heavy transportation equipment including internal combustion locomotives.,
WMT,WalmartInternational,130423000000.0,xbrl,2026,https://www.sec.gov/Archives/edgar/data/104169/000010416926000055/,neutral,General retail merchandise.,
WMT,WalmartUS,482975000000.0,xbrl,2026,https://www.sec.gov/Archives/edgar/data/104169/000010416926000055/,neutral,General retail merchandise.,
WMT,SamsClubUS,93015000000.0,xbrl,2026,https://www.sec.gov/Archives/edgar/data/104169/000010416926000055/,neutral,General retail merchandise.,
WM,Industrial,3989000000.0,xbrl,2025,https://www.sec.gov/Archives/edgar/data/823768/000110465926012049/,neutral,Environmental and waste management services.,
WM,ServiceOther,52000000.0,xbrl,2025,https://www.sec.gov/Archives/edgar/data/823768/000110465926012049/,neutral,Other waste management services.,
WM,HealthcareSolutions,2508000000.0,xbrl,2025,https://www.sec.gov/Archives/edgar/data/823768/000110465926012049/,neutral,Healthcare waste solutions.,
WM,Landfill,5347000000.0,xbrl,2025,https://www.sec.gov/Archives/edgar/data/823768/000110465926012049/,neutral,Landfill operations.,
WM,CollectionAndDisposal,20704000000.0,xbrl,2025,https://www.sec.gov/Archives/edgar/data/823768/000110465926012049/,neutral,Waste collection and disposal.,
WM,Transfer,1502000000.0,xbrl,2025,https://www.sec.gov/Archives/edgar/data/823768/000110465926012049/,neutral,Waste transfer services.,
WM,RecyclingProcessingAndSales,1492000000.0,xbrl,2025,https://www.sec.gov/Archives/edgar/data/823768/000110465926012049/,neutral,Recycling processing and sales.,
WM,Collection,17569000000.0,xbrl,2025,https://www.sec.gov/Archives/edgar/data/823768/000110465926012049/,neutral,Waste collection services.,
WM,Residential,3597000000.0,xbrl,2025,https://www.sec.gov/Archives/edgar/data/823768/000110465926012049/,neutral,Residential waste collection.,
WM,Commercial,5630000000.0,xbrl,2025,https://www.sec.gov/Archives/edgar/data/823768/000110465926012049/,neutral,Commercial waste collection.,
WM,OtherCollection,3463000000.0,xbrl,2025,https://www.sec.gov/Archives/edgar/data/823768/000110465926012049/,neutral,Other waste collection.,
WM,RenewableEnergySegment,478000000.0,xbrl,2025,https://www.sec.gov/Archives/edgar/data/823768/000110465926012049/,beneficiary,Renewable energy generation from waste-to-energy or landfill gas.,
WEC,PublicUtility,9506600000.0,xbrl,2025,https://www.sec.gov/Archives/edgar/data/783325/000078332526000018/,electricity_generation,Public utility electricity generation and distribution.,
WEC,Illinois,1683600000.0,xbrl,2025,https://www.sec.gov/Archives/edgar/data/783325/000078332526000018/,electricity_generation,Electric utility operations in Illinois.,
WEC,Wisconsin,7295500000.0,xbrl,2025,https://www.sec.gov/Archives/edgar/data/783325/000078332526000018/,electricity_generation,Electric utility operations in Wisconsin.,
WEC,NonUtilityEnergyInfrastructure,770200000.0,xbrl,2025,https://www.sec.gov/Archives/edgar/data/783325/000078332526000018/,neutral,Non-utility energy infrastructure.,
WEC,OtherStates,527500000.0,xbrl,2025,https://www.sec.gov/Archives/edgar/data/783325/000078332526000018/,electricity_generation,Electric utility operations in other states.,
WSM,PotteryBarnKidsAndTeenSegment,1138051000.0,xbrl,2026,https://www.sec.gov/Archives/edgar/data/719955/000071995526000059/,neutral,Home furnishings retail.,
WSM,WilliamsSonomaSegment,1362308000.0,xbrl,2026,https://www.sec.gov/Archives/edgar/data/719955/000071995526000059/,neutral,Home furnishings retail.,
WSM,PotteryBarnSegment,2999332000.0,xbrl,2026,https://www.sec.gov/Archives/edgar/data/719955/000071995526000059/,neutral,Home furnishings retail.,
WSM,WestElmSegment,1859501000.0,xbrl,2026,https://www.sec.gov/Archives/edgar/data/719955/000071995526000059/,neutral,Home furnishings retail.,
WSM,ReportableSegment,7806816000.0,xbrl,2026,https://www.sec.gov/Archives/edgar/data/719955/000071995526000059/,neutral,Home furnishings retail.,
WMB,Service,8348000000.0,xbrl,2025,https://www.sec.gov/Archives/edgar/data/107263/000010726326000006/,exposed,Fossil-fuel pipelines and services.,
WMB,NonRegulatedServiceCommodityConsideration,192000000.0,xbrl,2025,https://www.sec.gov/Archives/edgar/data/107263/000010726326000006/,exposed,Fossil-fuel pipelines and services.,
WMB,Product,3290000000.0,xbrl,2025,https://www.sec.gov/Archives/edgar/data/107263/000010726326000006/,exposed,Products related to oil and gas storage and transportation.,
WMB,EnergyCommoditiesAndService,120000000.0,xbrl,2025,https://www.sec.gov/Archives/edgar/data/107263/000010726326000006/,exposed,Energy commodities and services related to fossil fuels.,
WYNN,Casino,4410328000.0,xbrl,2025,https://www.sec.gov/Archives/edgar/data/1174922/000117492226000013/,neutral,Casinos and gaming.,
WYNN,EntertainmentRetailAndOther,548592000.0,xbrl,2025,https://www.sec.gov/Archives/edgar/data/1174922/000117492226000013/,neutral,Entertainment and retail.,
WYNN,FoodAndBeverage,1037850000.0,xbrl,2025,https://www.sec.gov/Archives/edgar/data/1174922/000117492226000013/,neutral,Food and beverage.,
WYNN,Occupancy,1141154000.0,xbrl,2025,https://www.sec.gov/Archives/edgar/data/1174922/000117492226000013/,neutral,Hotel occupancy and lodging.,
XYL,Product,7472000000.0,xbrl,2025,https://www.sec.gov/Archives/edgar/data/1524472/000152447226000012/,neutral,Water infrastructure and industrial equipment.,
XYL,Service,1563000000.0,xbrl,2025,https://www.sec.gov/Archives/edgar/data/1524472/000152447226000012/,neutral,Water infrastructure and industrial services.,
YUM,Product,2945000000.0,xbrl,2025,https://www.sec.gov/Archives/edgar/data/1041061/000104106126000084/,neutral,Restaurant operations.,
YUM,Advertising,1796000000.0,xbrl,2025,https://www.sec.gov/Archives/edgar/data/1041061/000104106126000084/,neutral,Restaurant advertising is unrelated to energy transition lists.,
YUM,Franchiseandpropertyrevenue,3473000000.0,xbrl,2025,https://www.sec.gov/Archives/edgar/data/1041061/000104106126000084/,neutral,Restaurant franchise and property revenue is unrelated to energy transition lists.,
CEG,Mid-Atlantic,6487000000.0,note,2025,https://www.sec.gov/Archives/edgar/data/1868275/000186827526000032/ceg-20251231.htm,electricity_generation,Electric utility power generation.,
CEG,Midwest,5804000000.0,note,2025,https://www.sec.gov/Archives/edgar/data/1868275/000186827526000032/ceg-20251231.htm,electricity_generation,Electric utility power generation.,
CEG,New York,2190000000.0,note,2025,https://www.sec.gov/Archives/edgar/data/1868275/000186827526000032/ceg-20251231.htm,electricity_generation,Electric utility power generation.,
CEG,ERCOT,1904000000.0,note,2025,https://www.sec.gov/Archives/edgar/data/1868275/000186827526000032/ceg-20251231.htm,electricity_generation,Electric utility power generation.,
CEG,Other Power Regions,5583000000.0,note,2025,https://www.sec.gov/Archives/edgar/data/1868275/000186827526000032/ceg-20251231.htm,electricity_generation,Electric utility power generation.,
EME,United States electrical construction and facilities services,5074252000.0,note,2025,https://www.sec.gov/Archives/edgar/data/105634/000010563426000025/eme-20251231.htm,beneficiary,Electrical construction and facilities services support grid and building efficiency.,
EME,United States mechanical construction and facilities services,7050481000.0,note,2025,https://www.sec.gov/Archives/edgar/data/105634/000010563426000025/eme-20251231.htm,beneficiary,Mechanical construction and facilities services support building efficiency and heat pumps.,
EME,United States building services,3122242000.0,note,2025,https://www.sec.gov/Archives/edgar/data/105634/000010563426000025/eme-20251231.htm,beneficiary,Building services support building efficiency.,
EME,United States industrial services,1268099000.0,note,2025,https://www.sec.gov/Archives/edgar/data/105634/000010563426000025/eme-20251231.htm,neutral,Industrial services are general and not specifically listed.,
EME,United Kingdom building services,471348000.0,note,2025,https://www.sec.gov/Archives/edgar/data/105634/000010563426000025/eme-20251231.htm,beneficiary,Building services support building efficiency.,
EL,Skin Care,7338000000.0,note,2026,https://www.sec.gov/Archives/edgar/data/1001250/000100125026000041/el-20260630.htm,neutral,Skin care products are unrelated to energy transition lists.,
EL,Makeup,4276000000.0,note,2026,https://www.sec.gov/Archives/edgar/data/1001250/000100125026000041/el-20260630.htm,neutral,Makeup products are unrelated to energy transition lists.,
EL,Fragrance,2779000000.0,note,2026,https://www.sec.gov/Archives/edgar/data/1001250/000100125026000041/el-20260630.htm,neutral,Fragrance products are unrelated to energy transition lists.,
EL,Hair Care,565000000.0,note,2026,https://www.sec.gov/Archives/edgar/data/1001250/000100125026000041/el-20260630.htm,neutral,Hair care products are unrelated to energy transition lists.,
FAST,U.S.,6818900000.0,note,2025,https://www.sec.gov/Archives/edgar/data/815556/000081555626000009/fast-20251231.htm,neutral,General industrial distribution is unrelated to energy transition lists.,
LYB,O&P - Americas,7669000000.0,note,2025,https://www.sec.gov/Archives/edgar/data/1489393/000148939326000012/lyb-20251231.htm,neutral,Olefins and polyolefins chemicals are neutral.,
LYB,O&P - EAI,9611000000.0,note,2025,https://www.sec.gov/Archives/edgar/data/1489393/000148939326000012/lyb-20251231.htm,neutral,Olefins and polyolefins chemicals are neutral.,
LYB,I&D,8953000000.0,note,2025,https://www.sec.gov/Archives/edgar/data/1489393/000148939326000012/lyb-20251231.htm,neutral,Intermediates and derivatives chemicals are neutral.,
LYB,APS,3457000000.0,note,2025,https://www.sec.gov/Archives/edgar/data/1489393/000148939326000012/lyb-20251231.htm,neutral,Advanced polymer solutions are neutral.,
LYB,Technology,463000000.0,note,2025,https://www.sec.gov/Archives/edgar/data/1489393/000148939326000012/lyb-20251231.htm,neutral,Chemical technology licensing is neutral.,
NEE,FPL,18262000000.0,note,2025,https://www.sec.gov/Archives/edgar/data/753308/000075330826000015/nee-20251231.htm,electricity_generation,Regulated electric utility operations.,
NEE,NEER,8760000000.0,note,2025,https://www.sec.gov/Archives/edgar/data/753308/000075330826000015/nee-20251231.htm,beneficiary,Renewable energy generation and development.,
PNW,Regulated Electricity Segment,5340000000.0,note,2025,https://www.sec.gov/Archives/edgar/data/764622/000076462226000011/pnw-20251231.htm,electricity_generation,Regulated electricity segment.,
SW,North America,18220000000.0,note,2025,https://www.sec.gov/Archives/edgar/data/2005951/000162828026012555/smur-20251231.htm,neutral,Packaging products are neutral.,
SW,"Europe, MEA and APAC",10860000000.0,note,2025,https://www.sec.gov/Archives/edgar/data/2005951/000162828026012555/smur-20251231.htm,neutral,Packaging products are neutral.,
SW,LATAM,2099000000.0,note,2025,https://www.sec.gov/Archives/edgar/data/2005951/000162828026012555/smur-20251231.htm,neutral,Packaging products are neutral.,
STLD,steel operations,12492494000.0,note,2025,https://www.sec.gov/Archives/edgar/data/1022671/000110465926021395/stld-20251231x10k.htm,neutral,Steel operations are neutral.,
STLD,metals recycling operations,1430347000.0,note,2025,https://www.sec.gov/Archives/edgar/data/1022671/000110465926021395/stld-20251231x10k.htm,neutral,Metals recycling is neutral.,
STLD,steel fabrication operations,1416560000.0,note,2025,https://www.sec.gov/Archives/edgar/data/1022671/000110465926021395/stld-20251231x10k.htm,neutral,Steel fabrication is neutral.,
STLD,aluminum operations,360550000.0,note,2025,https://www.sec.gov/Archives/edgar/data/1022671/000110465926021395/stld-20251231x10k.htm,neutral,Aluminum operations are neutral.,
ULTA,"Retail stores, salon services, and e-commerce",12392820000.0,note,2025,https://www.sec.gov/Archives/edgar/data/1403568/000110465926035243/ulta-20260131x10k.htm,neutral,Retail stores and salon services are neutral.,
XEL,Regulated electric utility,12160000000.0,note,2025,https://www.sec.gov/Archives/edgar/data/72903/000007290326000009/xel-20251231.htm,electricity_generation,Regulated electric utility.,
XEL,Regulated natural gas utility,2452000000.0,note,2025,https://www.sec.gov/Archives/edgar/data/72903/000007290326000009/xel-20251231.htm,exposed,Regulated natural gas utility sells natural gas.,
