ticker,adsh,ddate,axis,tag,member,revenue,filing_url
MMM,0000066740-26-000014,20251231,BusinessSegments,Revenues,ConsumerSegment,4920000000.0,https://www.sec.gov/Archives/edgar/data/66740/000006674026000014/
MMM,0000066740-26-000014,20251231,BusinessSegments,Revenues,SafetyAndIndustrialSegment,11384000000.0,https://www.sec.gov/Archives/edgar/data/66740/000006674026000014/
MMM,0000066740-26-000014,20251231,BusinessSegments,Revenues,TransportationAndElectronicsSegment,8272000000.0,https://www.sec.gov/Archives/edgar/data/66740/000006674026000014/
AOS,0000091142-26-000008,20251231,BusinessSegments,RevenueFromContractWithCustomerExcludingAssessedTax,ReportableSegments,3830200000.0,https://www.sec.gov/Archives/edgar/data/91142/000009114226000008/
AOS,0000091142-26-000008,20251231,BusinessSegments,RevenueFromContractWithCustomerExcludingAssessedTax,RestOfWorld,880400000.0,https://www.sec.gov/Archives/edgar/data/91142/000009114226000008/
AOS,0000091142-26-000008,20251231,BusinessSegments,RevenueFromContractWithCustomerExcludingAssessedTax,NorthAmericaSegment,2984200000.0,https://www.sec.gov/Archives/edgar/data/91142/000009114226000008/
AES,0000874761-26-000063,20251231,BusinessSegments,Revenues,NewEnergyTechnologies,1000000.0,https://www.sec.gov/Archives/edgar/data/874761/000087476126000063/
AES,0000874761-26-000063,20251231,BusinessSegments,Revenues,Renewables,2913000000.0,https://www.sec.gov/Archives/edgar/data/874761/000087476126000063/
AES,0000874761-26-000063,20251231,BusinessSegments,Revenues,Utilities,4122000000.0,https://www.sec.gov/Archives/edgar/data/874761/000087476126000063/
AES,0000874761-26-000063,20251231,BusinessSegments,Revenues,EnergyInfrastructure,5402000000.0,https://www.sec.gov/Archives/edgar/data/874761/000087476126000063/
AES,0000874761-26-000063,20251231,BusinessSegments,Revenues,AESAndes,900000000.0,https://www.sec.gov/Archives/edgar/data/874761/000087476126000063/
APD,0000002969-25-000055,20250930,ProductOrService,Revenues,Merchant,5336900000.0,https://www.sec.gov/Archives/edgar/data/2969/000000296925000055/
APD,0000002969-25-000055,20250930,ProductOrService,Revenues,Onsite,6180400000.0,https://www.sec.gov/Archives/edgar/data/2969/000000296925000055/
APD,0000002969-25-000055,20250930,ProductOrService,Revenues,SaleofEquipment,520000000.0,https://www.sec.gov/Archives/edgar/data/2969/000000296925000055/
ABNB,0001559720-26-000004,20251231,BusinessSegments,RevenueFromContractWithCustomerExcludingAssessedTax,ReportableSegment,12241000000.0,https://www.sec.gov/Archives/edgar/data/1559720/000155972026000004/
ALB,0000915913-26-000018,20251231,BusinessSegments,Revenues,Specialties,1366435000.0,https://www.sec.gov/Archives/edgar/data/915913/000091591326000018/
ALB,0000915913-26-000018,20251231,BusinessSegments,Revenues,EnergyStorage,2710035000.0,https://www.sec.gov/Archives/edgar/data/915913/000091591326000018/
ALB,0000915913-26-000018,20251231,BusinessSegments,Revenues,Ketjen,1066263000.0,https://www.sec.gov/Archives/edgar/data/915913/000091591326000018/
ALLE,0001579241-26-000007,20251231,BusinessSegments,RevenueFromContractWithCustomerExcludingAssessedTax,Alle_AllegionAmericas,3218800000.0,https://www.sec.gov/Archives/edgar/data/1579241/000157924126000007/
ALLE,0001579241-26-000007,20251231,BusinessSegments,RevenueFromContractWithCustomerExcludingAssessedTax,AllegionInternational,848500000.0,https://www.sec.gov/Archives/edgar/data/1579241/000157924126000007/
LNT,0000352541-26-000007,20251231,BusinessSegments,Revenues,Ipl,2208000000.0,https://www.sec.gov/Archives/edgar/data/352541/000035254126000007/
LNT,0000352541-26-000007,20251231,BusinessSegments,Revenues,Wpl,2065000000.0,https://www.sec.gov/Archives/edgar/data/352541/000035254126000007/
MO,0000764180-26-000017,20251231,BusinessSegments,RevenueFromContractWithCustomerExcludingAssessedTax,EVapor,-13000000.0,https://www.sec.gov/Archives/edgar/data/764180/000076418026000017/
MO,0000764180-26-000017,20251231,BusinessSegments,RevenueFromContractWithCustomerExcludingAssessedTax,OralTobaccoSegment,2802000000.0,https://www.sec.gov/Archives/edgar/data/764180/000076418026000017/
MO,0000764180-26-000017,20251231,BusinessSegments,RevenueFromContractWithCustomerExcludingAssessedTax,SmokeableProductsSegment,20485000000.0,https://www.sec.gov/Archives/edgar/data/764180/000076418026000017/
AMZN,0001018724-26-000004,20251231,BusinessSegments,RevenueFromContractWithCustomerExcludingAssessedTax,NorthAmericaSegment,426305000000.0,https://www.sec.gov/Archives/edgar/data/1018724/000101872426000004/
AMZN,0001018724-26-000004,20251231,BusinessSegments,RevenueFromContractWithCustomerExcludingAssessedTax,InternationalSegment,161894000000.0,https://www.sec.gov/Archives/edgar/data/1018724/000101872426000004/
AMZN,0001018724-26-000004,20251231,BusinessSegments,RevenueFromContractWithCustomerExcludingAssessedTax,AmazonWebServicesSegment,128725000000.0,https://www.sec.gov/Archives/edgar/data/1018724/000101872426000004/
AMCR,0001748790-25-000023,20250630,BusinessSegments,RevenueFromContractWithCustomerExcludingAssessedTax,OtherSegment,0.0,https://www.sec.gov/Archives/edgar/data/1748790/000174879025000023/
AMCR,0001748790-25-000023,20250630,BusinessSegments,RevenueFromContractWithCustomerExcludingAssessedTax,RigidPackagingSegment,4137000000.0,https://www.sec.gov/Archives/edgar/data/1748790/000174879025000023/
AMCR,0001748790-25-000023,20250630,BusinessSegments,RevenueFromContractWithCustomerExcludingAssessedTax,FlexiblesSegment,10872000000.0,https://www.sec.gov/Archives/edgar/data/1748790/000174879025000023/
AEE,0001002910-26-000009,20251231,ProductOrService,RevenueFromContractWithCustomerIncludingAssessedTax,Electricity,7668000000.0,https://www.sec.gov/Archives/edgar/data/1002910/000100291026000009/
AEE,0001002910-26-000009,20251231,ProductOrService,RevenueFromContractWithCustomerIncludingAssessedTax,NaturalGasReserves,1131000000.0,https://www.sec.gov/Archives/edgar/data/1002910/000100291026000009/
AEP,0000004904-26-000013,20251231,ProductOrService,Revenues,ProductAndServiceOther,526000000.0,https://www.sec.gov/Archives/edgar/data/4904/000000490426000013/
AEP,0000004904-26-000013,20251231,ProductOrService,Revenues,Electricity,12556000000.0,https://www.sec.gov/Archives/edgar/data/4904/000000490426000013/
AEP,0000004904-26-000013,20251231,ProductOrService,Revenues,TransmissionandDistributionUtilitiesRevenues,6097000000.0,https://www.sec.gov/Archives/edgar/data/4904/000000490426000013/
AEP,0000004904-26-000013,20251231,ProductOrService,Revenues,GenerationAndMarketingRevenues,2697000000.0,https://www.sec.gov/Archives/edgar/data/4904/000000490426000013/
AWK,0001410636-26-000034,20251231,BusinessSegments,RegulatedAndUnregulatedOperatingRevenue,RegulatedBusiness,4723000000.0,https://www.sec.gov/Archives/edgar/data/1410636/000141063626000034/
AME,0001037868-26-000016,20251231,ProductOrService,RevenueFromContractWithCustomerExcludingAssessedTax,AerospaceAndPower,2187172000.0,https://www.sec.gov/Archives/edgar/data/1037868/000103786826000016/
AME,0001037868-26-000016,20251231,ProductOrService,RevenueFromContractWithCustomerExcludingAssessedTax,ProcessAndAnalyticalInstrumentation,3464289000.0,https://www.sec.gov/Archives/edgar/data/1037868/000103786826000016/
AME,0001037868-26-000016,20251231,ProductOrService,RevenueFromContractWithCustomerExcludingAssessedTax,AutomationAndEngineeredSolutions,1749655000.0,https://www.sec.gov/Archives/edgar/data/1037868/000103786826000016/
APA,0001841666-26-000015,20251231,ProductOrService,Revenues,OilAndGas,8920000000.0,https://www.sec.gov/Archives/edgar/data/1841666/000184166626000015/
APA,0001841666-26-000015,20251231,ProductOrService,Revenues,OilAndGasPurchased,1691000000.0,https://www.sec.gov/Archives/edgar/data/1841666/000184166626000015/
APTV,0001521332-26-000009,20251231,BusinessSegments,Revenues,EngineeredComponentsGroup,6662000000.0,https://www.sec.gov/Archives/edgar/data/1521332/000152133226000009/
APTV,0001521332-26-000009,20251231,BusinessSegments,Revenues,AdvancedSafetyandUserExperience,5792000000.0,https://www.sec.gov/Archives/edgar/data/1521332/000152133226000009/
APTV,0001521332-26-000009,20251231,BusinessSegments,Revenues,ElectricalDistributionSystems,8818000000.0,https://www.sec.gov/Archives/edgar/data/1521332/000152133226000009/
ADM,0000007084-26-000011,20251231,BusinessSegments,Revenues,AgServicesandOilseeds,61571000000.0,https://www.sec.gov/Archives/edgar/data/7084/000000708426000011/
ADM,0000007084-26-000011,20251231,BusinessSegments,Revenues,CarbohydrateSolutions,10737000000.0,https://www.sec.gov/Archives/edgar/data/7084/000000708426000011/
ADM,0000007084-26-000011,20251231,BusinessSegments,Revenues,Nutrition,7512000000.0,https://www.sec.gov/Archives/edgar/data/7084/000000708426000011/
ATO,0000731802-25-000056,20250930,BusinessSegments,Revenues,DistributionSegment,4422355000.0,https://www.sec.gov/Archives/edgar/data/731802/000073180225000056/
ATO,0000731802-25-000056,20250930,BusinessSegments,Revenues,PipelineandStorageSegment,280400000.0,https://www.sec.gov/Archives/edgar/data/731802/000073180225000056/
ADP,0000008670-25-000037,20250630,BusinessSegments,RevenueFromContractWithCustomerExcludingAssessedTax,EmployerServicesSegment,13883100000.0,https://www.sec.gov/Archives/edgar/data/8670/000000867025000037/
ADP,0000008670-25-000037,20250630,BusinessSegments,RevenueFromContractWithCustomerExcludingAssessedTax,ProfessionalEmployeeOrganizationServicesSegment,6690400000.0,https://www.sec.gov/Archives/edgar/data/8670/000000867025000037/
AZO,0001104659-25-102611,20250831,BusinessSegments,Revenues,AutoPartsLocations,18938717000.0,https://www.sec.gov/Archives/edgar/data/866787/000110465925102611/
AVY,0000008818-26-000015,20251231,BusinessSegments,RevenueFromContractWithCustomerExcludingAssessedTax,MaterialsGroupSegment,6093300000.0,https://www.sec.gov/Archives/edgar/data/8818/000000881826000015/
AVY,0000008818-26-000015,20251231,BusinessSegments,RevenueFromContractWithCustomerExcludingAssessedTax,SolutionsGroupSegment,2762200000.0,https://www.sec.gov/Archives/edgar/data/8818/000000881826000015/
AXON,0001628280-26-011360,20251231,ProductOrService,RevenueFromContractWithCustomerExcludingAssessedTax,PlatformSolutions,265946000.0,https://www.sec.gov/Archives/edgar/data/1069183/000162828026011360/
AXON,0001628280-26-011360,20251231,ProductOrService,RevenueFromContractWithCustomerExcludingAssessedTax,PersonalSensors,397035000.0,https://www.sec.gov/Archives/edgar/data/1069183/000162828026011360/
AXON,0001628280-26-011360,20251231,ProductOrService,RevenueFromContractWithCustomerExcludingAssessedTax,TASERDevicesProfessional,913883000.0,https://www.sec.gov/Archives/edgar/data/1069183/000162828026011360/
AXON,0001628280-26-011360,20251231,ProductOrService,RevenueFromContractWithCustomerExcludingAssessedTax,SoftwareAndServices,1202672000.0,https://www.sec.gov/Archives/edgar/data/1069183/000162828026011360/
AXON,0001628280-26-011360,20251231,ProductOrService,RevenueFromContractWithCustomerExcludingAssessedTax,Service,1202672000.0,https://www.sec.gov/Archives/edgar/data/1069183/000162828026011360/
AXON,0001628280-26-011360,20251231,ProductOrService,RevenueFromContractWithCustomerExcludingAssessedTax,Product,1576864000.0,https://www.sec.gov/Archives/edgar/data/1069183/000162828026011360/
BKR,0001701605-26-000007,20251231,ProductOrService,RevenueFromContractWithCustomerExcludingAssessedTax,Product,18216000000.0,https://www.sec.gov/Archives/edgar/data/1701605/000170160526000007/
BKR,0001701605-26-000007,20251231,ProductOrService,RevenueFromContractWithCustomerExcludingAssessedTax,Service,9517000000.0,https://www.sec.gov/Archives/edgar/data/1701605/000170160526000007/
BALL,0001104659-26-017410,20251231,BusinessSegments,RevenueFromContractWithCustomerIncludingAssessedTax,MetalBeveragePackagingEurope,3983000000.0,https://www.sec.gov/Archives/edgar/data/9389/000110465926017410/
BALL,0001104659-26-017410,20251231,BusinessSegments,RevenueFromContractWithCustomerIncludingAssessedTax,MetalBeveragePackagingNorthAndCentralAmerica,6286000000.0,https://www.sec.gov/Archives/edgar/data/9389/000110465926017410/
BALL,0001104659-26-017410,20251231,BusinessSegments,RevenueFromContractWithCustomerIncludingAssessedTax,MetalBeveragePackagingSouthAmerica,2162000000.0,https://www.sec.gov/Archives/edgar/data/9389/000110465926017410/
BBY,0000764478-26-000009,20260131,BusinessSegments,RevenueFromContractWithCustomerIncludingAssessedTax,DomesticSegment,38278000000.0,https://www.sec.gov/Archives/edgar/data/764478/000076447826000009/
BBY,0000764478-26-000009,20260131,BusinessSegments,RevenueFromContractWithCustomerIncludingAssessedTax,InternationalSegment,3413000000.0,https://www.sec.gov/Archives/edgar/data/764478/000076447826000009/
BA,0001628280-26-004357,20251231,ProductOrService,Revenues,Service,14107000000.0,https://www.sec.gov/Archives/edgar/data/12927/000162828026004357/
BA,0001628280-26-004357,20251231,ProductOrService,Revenues,Product,75356000000.0,https://www.sec.gov/Archives/edgar/data/12927/000162828026004357/
BKNG,0001075531-26-000009,20251231,ProductOrService,Revenues,Advertisingandotherrevenues,1194000000.0,https://www.sec.gov/Archives/edgar/data/1075531/000107553126000009/
BKNG,0001075531-26-000009,20251231,ProductOrService,Revenues,MerchantRevenue,17755000000.0,https://www.sec.gov/Archives/edgar/data/1075531/000107553126000009/
BKNG,0001075531-26-000009,20251231,ProductOrService,Revenues,AgencyRevenue,7968000000.0,https://www.sec.gov/Archives/edgar/data/1075531/000107553126000009/
BR,0001628280-25-037656,20250630,ProductOrService,RevenueFromContractWithCustomerExcludingAssessedTax,DistributionRevenue,2062000000.0,https://www.sec.gov/Archives/edgar/data/1383312/000162828025037656/
BR,0001628280-25-037656,20250630,ProductOrService,RevenueFromContractWithCustomerExcludingAssessedTax,EventDrivenRevenue,319300000.0,https://www.sec.gov/Archives/edgar/data/1383312/000162828025037656/
BR,0001628280-25-037656,20250630,ProductOrService,RevenueFromContractWithCustomerExcludingAssessedTax,RecurringFeeRevenue,4507900000.0,https://www.sec.gov/Archives/edgar/data/1383312/000162828025037656/
BF-B,0000014693-26-000024,20260430,ProductOrService,RevenueFromContractWithCustomerExcludingAssessedTax,Nonbrandedandbulk,33000000.0,https://www.sec.gov/Archives/edgar/data/14693/000001469326000024/
BF-B,0000014693-26-000024,20260430,ProductOrService,RevenueFromContractWithCustomerExcludingAssessedTax,ReadyToDrink,542000000.0,https://www.sec.gov/Archives/edgar/data/14693/000001469326000024/
BF-B,0000014693-26-000024,20260430,ProductOrService,RevenueFromContractWithCustomerExcludingAssessedTax,Restofportfolio,201000000.0,https://www.sec.gov/Archives/edgar/data/14693/000001469326000024/
BF-B,0000014693-26-000024,20260430,ProductOrService,RevenueFromContractWithCustomerExcludingAssessedTax,Tequila,251000000.0,https://www.sec.gov/Archives/edgar/data/14693/000001469326000024/
BF-B,0000014693-26-000024,20260430,ProductOrService,RevenueFromContractWithCustomerExcludingAssessedTax,Whiskey,2901000000.0,https://www.sec.gov/Archives/edgar/data/14693/000001469326000024/
BLDR,0001193125-26-054643,20251231,ProductOrService,RevenueFromContractWithCustomerExcludingAssessedTax,SpecialtyBuildingProductsAndServices,4068074000.0,https://www.sec.gov/Archives/edgar/data/1316835/000119312526054643/
BLDR,0001193125-26-054643,20251231,ProductOrService,RevenueFromContractWithCustomerExcludingAssessedTax,LumberAndLumberSheetGoods,3875868000.0,https://www.sec.gov/Archives/edgar/data/1316835/000119312526054643/
BLDR,0001193125-26-054643,20251231,ProductOrService,RevenueFromContractWithCustomerExcludingAssessedTax,WindowsDoorsAndMillwork,3836204000.0,https://www.sec.gov/Archives/edgar/data/1316835/000119312526054643/
BLDR,0001193125-26-054643,20251231,ProductOrService,RevenueFromContractWithCustomerExcludingAssessedTax,ManufacturedProducts,3410492000.0,https://www.sec.gov/Archives/edgar/data/1316835/000119312526054643/
BG,0001628280-26-009842,20251231,ProductOrService,Revenues,MillingProducts,1545000000.0,https://www.sec.gov/Archives/edgar/data/1996862/000162828026009842/
BG,0001628280-26-009842,20251231,ProductOrService,Revenues,SoftseedProcessingAndRefining,11252000000.0,https://www.sec.gov/Archives/edgar/data/1996862/000162828026009842/
BG,0001628280-26-009842,20251231,ProductOrService,Revenues,GrainMerchandising,16583000000.0,https://www.sec.gov/Archives/edgar/data/1996862/000162828026009842/
BG,0001628280-26-009842,20251231,ProductOrService,Revenues,SoybeanProcessingAndRefining,36313000000.0,https://www.sec.gov/Archives/edgar/data/1996862/000162828026009842/
BG,0001628280-26-009842,20251231,ProductOrService,Revenues,OtherProducts,3000000.0,https://www.sec.gov/Archives/edgar/data/1996862/000162828026009842/
BG,0001628280-26-009842,20251231,ProductOrService,Revenues,OtherOilseedsProcessingAndRefining,4633000000.0,https://www.sec.gov/Archives/edgar/data/1996862/000162828026009842/
CHRW,0001043277-26-000009,20251231,ProductOrService,RevenueFromContractWithCustomerExcludingAssessedTax,Sourcing,1408959000.0,https://www.sec.gov/Archives/edgar/data/1043277/000104327726000009/
CHRW,0001043277-26-000009,20251231,ProductOrService,RevenueFromContractWithCustomerExcludingAssessedTax,TransportationCustomersFreight,14823804000.0,https://www.sec.gov/Archives/edgar/data/1043277/000104327726000009/
CCL,0000815097-26-000007,20251130,ProductOrService,RevenueFromContractWithCustomerExcludingAssessedTax,CruisePassengerTicket,17419000000.0,https://www.sec.gov/Archives/edgar/data/815097/000081509726000007/
CCL,0000815097-26-000007,20251130,ProductOrService,RevenueFromContractWithCustomerExcludingAssessedTax,CruiseOnboardAndOther,9202000000.0,https://www.sec.gov/Archives/edgar/data/815097/000081509726000007/
CARR,0001783180-26-000008,20251231,ProductOrService,RevenueFromContractWithCustomerExcludingAssessedTax,Service,2574000000.0,https://www.sec.gov/Archives/edgar/data/1783180/000178318026000008/
CARR,0001783180-26-000008,20251231,ProductOrService,RevenueFromContractWithCustomerExcludingAssessedTax,Product,19173000000.0,https://www.sec.gov/Archives/edgar/data/1783180/000178318026000008/
CVNA,0001690820-26-000009,20251231,ProductOrService,RevenueFromContractWithCustomerExcludingAssessedTax,UsedVehicleSales,14537000000.0,https://www.sec.gov/Archives/edgar/data/1690820/000169082026000009/
CVNA,0001690820-26-000009,20251231,ProductOrService,RevenueFromContractWithCustomerExcludingAssessedTax,WholesaleSalesAndRevenues,4052000000.0,https://www.sec.gov/Archives/edgar/data/1690820/000169082026000009/
CVNA,0001690820-26-000009,20251231,ProductOrService,RevenueFromContractWithCustomerExcludingAssessedTax,ProductAndServiceOther,1733000000.0,https://www.sec.gov/Archives/edgar/data/1690820/000169082026000009/
CASY,0000726958-26-000046,20260430,BusinessSegments,Revenues,ReportableSegment,17561101000.0,https://www.sec.gov/Archives/edgar/data/726958/000072695826000046/
CAT,0000018230-26-000008,20251231,ProductOrService,Revenues,MachineryPowerEnergy,63980000000.0,https://www.sec.gov/Archives/edgar/data/18230/000001823026000008/
CAT,0000018230-26-000008,20251231,ProductOrService,Revenues,FinancialProducts,3609000000.0,https://www.sec.gov/Archives/edgar/data/18230/000001823026000008/
CNP,0001130310-26-000008,20251231,ProductOrService,Revenues,EnergyProductsOrServices,216000000.0,https://www.sec.gov/Archives/edgar/data/1130310/000113031026000008/
CNP,0001130310-26-000008,20251231,ProductOrService,Revenues,WholesaleElectricSales,19000000.0,https://www.sec.gov/Archives/edgar/data/1130310/000113031026000008/
CNP,0001130310-26-000008,20251231,ProductOrService,Revenues,RetailGasSales,4266000000.0,https://www.sec.gov/Archives/edgar/data/1130310/000113031026000008/
CNP,0001130310-26-000008,20251231,ProductOrService,Revenues,ElectricDelivery,4109000000.0,https://www.sec.gov/Archives/edgar/data/1130310/000113031026000008/
CNP,0001130310-26-000008,20251231,ProductOrService,Revenues,RetailElectricSales,736000000.0,https://www.sec.gov/Archives/edgar/data/1130310/000113031026000008/
CNP,0001130310-26-000008,20251231,ProductOrService,Revenues,GasTransportationandProcessing,11000000.0,https://www.sec.gov/Archives/edgar/data/1130310/000113031026000008/
CF,0001324404-26-000007,20251231,BusinessSegments,Revenues,Urea,1781000000.0,https://www.sec.gov/Archives/edgar/data/1324404/000132440426000007/
CF,0001324404-26-000007,20251231,BusinessSegments,Revenues,Ammonia,2176000000.0,https://www.sec.gov/Archives/edgar/data/1324404/000132440426000007/
CF,0001324404-26-000007,20251231,BusinessSegments,Revenues,OtherProducts,545000000.0,https://www.sec.gov/Archives/edgar/data/1324404/000132440426000007/
CF,0001324404-26-000007,20251231,BusinessSegments,Revenues,AmmoniumNitrateSegment,421000000.0,https://www.sec.gov/Archives/edgar/data/1324404/000132440426000007/
CF,0001324404-26-000007,20251231,BusinessSegments,Revenues,UAN,2161000000.0,https://www.sec.gov/Archives/edgar/data/1324404/000132440426000007/
CMG,0001058090-26-000009,20251231,ProductOrService,Revenues,DeliveryService,59550000.0,https://www.sec.gov/Archives/edgar/data/1058090/000105809026000009/
CMG,0001058090-26-000009,20251231,ProductOrService,Revenues,FoodAndBeverage,11866051000.0,https://www.sec.gov/Archives/edgar/data/1058090/000105809026000009/
CHD,0001193125-26-048139,20251231,BusinessSegments,RevenueFromContractWithCustomerExcludingAssessedTax,SpecialtyProductsDivision,299000000.0,https://www.sec.gov/Archives/edgar/data/313927/000119312526048139/
CHD,0001193125-26-048139,20251231,BusinessSegments,RevenueFromContractWithCustomerExcludingAssessedTax,ConsolidatingReclassification,0.0,https://www.sec.gov/Archives/edgar/data/313927/000119312526048139/
CHD,0001193125-26-048139,20251231,BusinessSegments,RevenueFromContractWithCustomerExcludingAssessedTax,ConsumerDomestic,4774800000.0,https://www.sec.gov/Archives/edgar/data/313927/000119312526048139/
CHD,0001193125-26-048139,20251231,BusinessSegments,RevenueFromContractWithCustomerExcludingAssessedTax,ConsumerInternational,1129400000.0,https://www.sec.gov/Archives/edgar/data/313927/000119312526048139/
CTAS,0000723254-25-000017,20250531,ProductOrService,RevenueFromContractWithCustomerExcludingAssessedTax,UniformRentalAndFacilityServicesSegment,7976073000.0,https://www.sec.gov/Archives/edgar/data/723254/000072325425000017/
CTAS,0000723254-25-000017,20250531,ProductOrService,RevenueFromContractWithCustomerExcludingAssessedTax,OtherProductsAndServices,2364108000.0,https://www.sec.gov/Archives/edgar/data/723254/000072325425000017/
CLX,0000021076-25-000039,20250630,BusinessSegments,RevenueFromContractWithCustomerExcludingAssessedTax,Lifestyle,1303000000.0,https://www.sec.gov/Archives/edgar/data/21076/000002107625000039/
CLX,0000021076-25-000039,20250630,BusinessSegments,RevenueFromContractWithCustomerExcludingAssessedTax,International,1065000000.0,https://www.sec.gov/Archives/edgar/data/21076/000002107625000039/
CLX,0000021076-25-000039,20250630,BusinessSegments,RevenueFromContractWithCustomerExcludingAssessedTax,Household,2001000000.0,https://www.sec.gov/Archives/edgar/data/21076/000002107625000039/
CLX,0000021076-25-000039,20250630,BusinessSegments,RevenueFromContractWithCustomerExcludingAssessedTax,HealthAndWellness,2697000000.0,https://www.sec.gov/Archives/edgar/data/21076/000002107625000039/
CMS,0000811156-26-000004,20251231,BusinessSegments,Revenues,NorthStarCleanEnergy,408000000.0,https://www.sec.gov/Archives/edgar/data/811156/000081115626000004/
CMS,0000811156-26-000004,20251231,BusinessSegments,Revenues,ElectricUtility,5638000000.0,https://www.sec.gov/Archives/edgar/data/811156/000081115626000004/
CMS,0000811156-26-000004,20251231,BusinessSegments,Revenues,GasUtility,2493000000.0,https://www.sec.gov/Archives/edgar/data/811156/000081115626000004/
KO,0001628280-26-010047,20251231,ProductOrService,Revenues,ConcentrateOperations,28462000000.0,https://www.sec.gov/Archives/edgar/data/21344/000162828026010047/
KO,0001628280-26-010047,20251231,ProductOrService,Revenues,FinishedProductOperations,19479000000.0,https://www.sec.gov/Archives/edgar/data/21344/000162828026010047/
CL,0000021665-26-000006,20251231,BusinessSegments,RevenueFromContractWithCustomerExcludingAssessedTax,OralPersonalAndHomeCare,15769000000.0,https://www.sec.gov/Archives/edgar/data/21665/000002166526000006/
CL,0000021665-26-000006,20251231,BusinessSegments,RevenueFromContractWithCustomerExcludingAssessedTax,PetNutrition,4613000000.0,https://www.sec.gov/Archives/edgar/data/21665/000002166526000006/
FIX,0001104659-26-017530,20251231,ProductOrService,Revenues,ElectricalSegment,2427896000.0,https://www.sec.gov/Archives/edgar/data/1035983/000110465926017530/
FIX,0001104659-26-017530,20251231,ProductOrService,Revenues,MechanicalSegment,6673745000.0,https://www.sec.gov/Archives/edgar/data/1035983/000110465926017530/
COP,0001163165-26-000009,20251231,BusinessSegments,Revenues,AsiaPacificOperatingSegment,1770000000.0,https://www.sec.gov/Archives/edgar/data/1163165/000116316526000009/
COP,0001163165-26-000009,20251231,BusinessSegments,Revenues,LowerFortyEightSegment,41395000000.0,https://www.sec.gov/Archives/edgar/data/1163165/000116316526000009/
COP,0001163165-26-000009,20251231,BusinessSegments,Revenues,AlaskaSegment,5638000000.0,https://www.sec.gov/Archives/edgar/data/1163165/000116316526000009/
COP,0001163165-26-000009,20251231,BusinessSegments,Revenues,CanadaOperatingSegment,3625000000.0,https://www.sec.gov/Archives/edgar/data/1163165/000116316526000009/
COP,0001163165-26-000009,20251231,BusinessSegments,Revenues,EuropeMiddleEastAndNorthAfricaSegment,6484000000.0,https://www.sec.gov/Archives/edgar/data/1163165/000116316526000009/
ED,0001047862-26-000031,20251231,ProductOrService,Revenues,OilAndGasPurchased,3610000000.0,https://www.sec.gov/Archives/edgar/data/1047862/000104786226000031/
ED,0001047862-26-000031,20251231,ProductOrService,Revenues,NonUtilityProductsAndServices,3000000.0,https://www.sec.gov/Archives/edgar/data/1047862/000104786226000031/
ED,0001047862-26-000031,20251231,ProductOrService,Revenues,Steam,703000000.0,https://www.sec.gov/Archives/edgar/data/1047862/000104786226000031/
ED,0001047862-26-000031,20251231,ProductOrService,Revenues,Electricity,12602000000.0,https://www.sec.gov/Archives/edgar/data/1047862/000104786226000031/
ED,0001047862-26-000031,20251231,ProductOrService,Revenues,ProductAndServiceOther,-131000000.0,https://www.sec.gov/Archives/edgar/data/1047862/000104786226000031/
STZ,0000016918-26-000011,20260228,BusinessSegments,RevenueFromContractWithCustomerExcludingAssessedTax,Beer,8315200000.0,https://www.sec.gov/Archives/edgar/data/16918/000001691826000011/
STZ,0000016918-26-000011,20260228,BusinessSegments,RevenueFromContractWithCustomerExcludingAssessedTax,ConstellationWinesAndSpirits,823800000.0,https://www.sec.gov/Archives/edgar/data/16918/000001691826000011/
CPRT,0001628280-25-042946,20250731,ProductOrService,RevenueFromContractWithCustomerIncludingAssessedTax,Service,3968662000.0,https://www.sec.gov/Archives/edgar/data/900075/000162828025042946/
CPRT,0001628280-25-042946,20250731,ProductOrService,RevenueFromContractWithCustomerIncludingAssessedTax,Product,678296000.0,https://www.sec.gov/Archives/edgar/data/900075/000162828025042946/
CTVA,0001755672-26-000004,20251231,BusinessSegments,Revenues,CropProtection,7503000000.0,https://www.sec.gov/Archives/edgar/data/1755672/000175567226000004/
CTVA,0001755672-26-000004,20251231,BusinessSegments,Revenues,Seed,9898000000.0,https://www.sec.gov/Archives/edgar/data/1755672/000175567226000004/
COST,0000909832-25-000101,20250831,ProductOrService,RevenueFromContractWithCustomerExcludingAssessedTax,FoodandSundries,109564000000.0,https://www.sec.gov/Archives/edgar/data/909832/000090983225000101/
COST,0000909832-25-000101,20250831,ProductOrService,RevenueFromContractWithCustomerExcludingAssessedTax,FreshFood,37988000000.0,https://www.sec.gov/Archives/edgar/data/909832/000090983225000101/
COST,0000909832-25-000101,20250831,ProductOrService,RevenueFromContractWithCustomerExcludingAssessedTax,Membership,5323000000.0,https://www.sec.gov/Archives/edgar/data/909832/000090983225000101/
COST,0000909832-25-000101,20250831,ProductOrService,RevenueFromContractWithCustomerExcludingAssessedTax,NonFoods,71190000000.0,https://www.sec.gov/Archives/edgar/data/909832/000090983225000101/
COST,0000909832-25-000101,20250831,ProductOrService,RevenueFromContractWithCustomerExcludingAssessedTax,Other,51170000000.0,https://www.sec.gov/Archives/edgar/data/909832/000090983225000101/
COST,0000909832-25-000101,20250831,ProductOrService,RevenueFromContractWithCustomerExcludingAssessedTax,Product,269912000000.0,https://www.sec.gov/Archives/edgar/data/909832/000090983225000101/
CRH,0001628280-26-009043,20251231,BusinessSegments,RevenueFromContractWithCustomerExcludingAssessedTax,InternationalSolutions,13296000000.0,https://www.sec.gov/Archives/edgar/data/849395/000162828026009043/
CRH,0001628280-26-009043,20251231,BusinessSegments,RevenueFromContractWithCustomerExcludingAssessedTax,AmericasBuildingSolutions,7122000000.0,https://www.sec.gov/Archives/edgar/data/849395/000162828026009043/
CRH,0001628280-26-009043,20251231,BusinessSegments,RevenueFromContractWithCustomerExcludingAssessedTax,AmericasMaterialsSolutions,17029000000.0,https://www.sec.gov/Archives/edgar/data/849395/000162828026009043/
CSX,0000277948-26-000006,20251231,ProductOrService,RevenueFromContractWithCustomerExcludingAssessedTax,Chemicals,2776000000.0,https://www.sec.gov/Archives/edgar/data/277948/000027794826000006/
CSX,0000277948-26-000006,20251231,ProductOrService,RevenueFromContractWithCustomerExcludingAssessedTax,Minerals,832000000.0,https://www.sec.gov/Archives/edgar/data/277948/000027794826000006/
CSX,0000277948-26-000006,20251231,ProductOrService,RevenueFromContractWithCustomerExcludingAssessedTax,AgriculturalandFoodProducts,1618000000.0,https://www.sec.gov/Archives/edgar/data/277948/000027794826000006/
CSX,0000277948-26-000006,20251231,ProductOrService,RevenueFromContractWithCustomerExcludingAssessedTax,ForestProducts,975000000.0,https://www.sec.gov/Archives/edgar/data/277948/000027794826000006/
CSX,0000277948-26-000006,20251231,ProductOrService,RevenueFromContractWithCustomerExcludingAssessedTax,Intermodal,2073000000.0,https://www.sec.gov/Archives/edgar/data/277948/000027794826000006/
CSX,0000277948-26-000006,20251231,ProductOrService,RevenueFromContractWithCustomerExcludingAssessedTax,Trucking,816000000.0,https://www.sec.gov/Archives/edgar/data/277948/000027794826000006/
CSX,0000277948-26-000006,20251231,ProductOrService,RevenueFromContractWithCustomerExcludingAssessedTax,CoalServices,1900000000.0,https://www.sec.gov/Archives/edgar/data/277948/000027794826000006/
CSX,0000277948-26-000006,20251231,ProductOrService,RevenueFromContractWithCustomerExcludingAssessedTax,OtherServices,530000000.0,https://www.sec.gov/Archives/edgar/data/277948/000027794826000006/
CSX,0000277948-26-000006,20251231,ProductOrService,RevenueFromContractWithCustomerExcludingAssessedTax,Automotive,1182000000.0,https://www.sec.gov/Archives/edgar/data/277948/000027794826000006/
CSX,0000277948-26-000006,20251231,ProductOrService,RevenueFromContractWithCustomerExcludingAssessedTax,Fertilizers,521000000.0,https://www.sec.gov/Archives/edgar/data/277948/000027794826000006/
CSX,0000277948-26-000006,20251231,ProductOrService,RevenueFromContractWithCustomerExcludingAssessedTax,MetalsandEquipment,869000000.0,https://www.sec.gov/Archives/edgar/data/277948/000027794826000006/
CMI,0000026172-26-000009,20251231,ProductOrService,Revenues,Mediumdutytruckandbus,2547000000.0,https://www.sec.gov/Archives/edgar/data/26172/000002617226000009/
CMI,0000026172-26-000009,20251231,ProductOrService,Revenues,EatonAutomatedTransmissionTechnologies,423000000.0,https://www.sec.gov/Archives/edgar/data/26172/000002617226000009/
CMI,0000026172-26-000009,20251231,ProductOrService,Revenues,Parts,4073000000.0,https://www.sec.gov/Archives/edgar/data/26172/000002617226000009/
CMI,0000026172-26-000009,20251231,ProductOrService,Revenues,PSBUPowerGeneration,2229000000.0,https://www.sec.gov/Archives/edgar/data/26172/000002617226000009/
CMI,0000026172-26-000009,20251231,ProductOrService,Revenues,Generatortechnologies,647000000.0,https://www.sec.gov/Archives/edgar/data/26172/000002617226000009/
CMI,0000026172-26-000009,20251231,ProductOrService,Revenues,DBUPowerGeneration,4928000000.0,https://www.sec.gov/Archives/edgar/data/26172/000002617226000009/
CMI,0000026172-26-000009,20251231,ProductOrService,Revenues,Onhighway,7021000000.0,https://www.sec.gov/Archives/edgar/data/26172/000002617226000009/
CMI,0000026172-26-000009,20251231,ProductOrService,Revenues,DrivetrainAndBrakingSystems,3983000000.0,https://www.sec.gov/Archives/edgar/data/26172/000002617226000009/
CMI,0000026172-26-000009,20251231,ProductOrService,Revenues,Emissionsolutions,3034000000.0,https://www.sec.gov/Archives/edgar/data/26172/000002617226000009/
CMI,0000026172-26-000009,20251231,ProductOrService,Revenues,Industrial,1238000000.0,https://www.sec.gov/Archives/edgar/data/26172/000002617226000009/
CMI,0000026172-26-000009,20251231,ProductOrService,Revenues,AtmusFiltration,0.0,https://www.sec.gov/Archives/edgar/data/26172/000002617226000009/
CMI,0000026172-26-000009,20251231,ProductOrService,Revenues,EngineProductLine,1587000000.0,https://www.sec.gov/Archives/edgar/data/26172/000002617226000009/
CMI,0000026172-26-000009,20251231,ProductOrService,Revenues,Offhighway,1083000000.0,https://www.sec.gov/Archives/edgar/data/26172/000002617226000009/
CMI,0000026172-26-000009,20251231,ProductOrService,Revenues,EngineComponentsAndSoftware,1203000000.0,https://www.sec.gov/Archives/edgar/data/26172/000002617226000009/
CMI,0000026172-26-000009,20251231,ProductOrService,Revenues,Heavydutytruck,2544000000.0,https://www.sec.gov/Archives/edgar/data/26172/000002617226000009/
CMI,0000026172-26-000009,20251231,ProductOrService,Revenues,Lightdutyautomotive,1930000000.0,https://www.sec.gov/Archives/edgar/data/26172/000002617226000009/
CMI,0000026172-26-000009,20251231,ProductOrService,Revenues,Service,1798000000.0,https://www.sec.gov/Archives/edgar/data/26172/000002617226000009/
DRI,0000940944-25-000038,20250531,BusinessSegments,RevenueFromContractWithCustomerExcludingAssessedTax,LongHornSteakhouseSegment,3025500000.0,https://www.sec.gov/Archives/edgar/data/940944/000094094425000038/
DRI,0000940944-25-000038,20250531,BusinessSegments,RevenueFromContractWithCustomerExcludingAssessedTax,FineDiningSegment,1304800000.0,https://www.sec.gov/Archives/edgar/data/940944/000094094425000038/
DRI,0000940944-25-000038,20250531,BusinessSegments,RevenueFromContractWithCustomerExcludingAssessedTax,OliveGardenSegment,5212900000.0,https://www.sec.gov/Archives/edgar/data/940944/000094094425000038/
DECK,0001628280-26-037664,20260331,BusinessSegments,RevenueFromContractWithCustomerExcludingAssessedTax,HokaBrandSegment,2587330000.0,https://www.sec.gov/Archives/edgar/data/910521/000162828026037664/
DECK,0001628280-26-037664,20260331,BusinessSegments,RevenueFromContractWithCustomerExcludingAssessedTax,OtherBrandsSegment,146208000.0,https://www.sec.gov/Archives/edgar/data/910521/000162828026037664/
DECK,0001628280-26-037664,20260331,BusinessSegments,RevenueFromContractWithCustomerExcludingAssessedTax,UGGBrandSegment,2738758000.0,https://www.sec.gov/Archives/edgar/data/910521/000162828026037664/
DE,0001104659-25-122321,20251031,ProductOrService,Revenues,FinancialService,5451000000.0,https://www.sec.gov/Archives/edgar/data/315189/000110465925122321/
DE,0001104659-25-122321,20251031,ProductOrService,Revenues,Other,1006000000.0,https://www.sec.gov/Archives/edgar/data/315189/000110465925122321/
DE,0001104659-25-122321,20251031,ProductOrService,Revenues,Product,38917000000.0,https://www.sec.gov/Archives/edgar/data/315189/000110465925122321/
DAL,0000027904-26-000013,20251231,BusinessSegments,RevenueFromContractWithCustomerExcludingAssessedTax,Airline,58287000000.0,https://www.sec.gov/Archives/edgar/data/27904/000002790426000013/
DAL,0000027904-26-000013,20251231,BusinessSegments,RevenueFromContractWithCustomerExcludingAssessedTax,Refinery,6961000000.0,https://www.sec.gov/Archives/edgar/data/27904/000002790426000013/
DVN,0001193125-26-056485,20251231,ProductOrService,RevenueFromContractWithCustomerExcludingAssessedTax,OilGasAndNGLSales,11223000000.0,https://www.sec.gov/Archives/edgar/data/1090012/000119312526056485/
DVN,0001193125-26-056485,20251231,ProductOrService,RevenueFromContractWithCustomerExcludingAssessedTax,MarketingAndMidstreamRevenues,5563000000.0,https://www.sec.gov/Archives/edgar/data/1090012/000119312526056485/
FANG,0001539838-26-000010,20251231,ProductOrService,RevenueFromContractWithCustomerExcludingAssessedTax,OilExplorationandProduction,11621000000.0,https://www.sec.gov/Archives/edgar/data/1539838/000153983826000010/
FANG,0001539838-26-000010,20251231,ProductOrService,RevenueFromContractWithCustomerExcludingAssessedTax,OilPurchased,1476000000.0,https://www.sec.gov/Archives/edgar/data/1539838/000153983826000010/
FANG,0001539838-26-000010,20251231,ProductOrService,RevenueFromContractWithCustomerExcludingAssessedTax,NaturalGasLiquidsProduction,1432000000.0,https://www.sec.gov/Archives/edgar/data/1539838/000153983826000010/
FANG,0001539838-26-000010,20251231,ProductOrService,RevenueFromContractWithCustomerExcludingAssessedTax,NaturalGasProduction,400000000.0,https://www.sec.gov/Archives/edgar/data/1539838/000153983826000010/
FANG,0001539838-26-000010,20251231,ProductOrService,RevenueFromContractWithCustomerExcludingAssessedTax,OilNaturalGasAndNaturalGasLiquid,13453000000.0,https://www.sec.gov/Archives/edgar/data/1539838/000153983826000010/
DG,0001104659-26-032325,20260131,ProductOrService,RevenueFromContractWithCustomerExcludingAssessedTax,Consumables,35053180000.0,https://www.sec.gov/Archives/edgar/data/29534/000110465926032325/
DG,0001104659-26-032325,20260131,ProductOrService,RevenueFromContractWithCustomerExcludingAssessedTax,HomeProducts,2213521000.0,https://www.sec.gov/Archives/edgar/data/29534/000110465926032325/
DG,0001104659-26-032325,20260131,ProductOrService,RevenueFromContractWithCustomerExcludingAssessedTax,Seasonal,4327364000.0,https://www.sec.gov/Archives/edgar/data/29534/000110465926032325/
DG,0001104659-26-032325,20260131,ProductOrService,RevenueFromContractWithCustomerExcludingAssessedTax,Apparel,1130304000.0,https://www.sec.gov/Archives/edgar/data/29534/000110465926032325/
DLTR,0000935703-26-000025,20260131,ProductOrService,RevenueFromContractWithCustomerExcludingAssessedTax,Consumable,9425900000.0,https://www.sec.gov/Archives/edgar/data/935703/000093570326000025/
DLTR,0000935703-26-000025,20260131,ProductOrService,RevenueFromContractWithCustomerExcludingAssessedTax,Variety,8860500000.0,https://www.sec.gov/Archives/edgar/data/935703/000093570326000025/
DLTR,0000935703-26-000025,20260131,ProductOrService,RevenueFromContractWithCustomerExcludingAssessedTax,Seasonal,1109300000.0,https://www.sec.gov/Archives/edgar/data/935703/000093570326000025/
D,0001193125-26-063120,20251231,BusinessSegments,Revenues,ContractedEnergy,1179000000.0,https://www.sec.gov/Archives/edgar/data/715957/000119312526063120/
D,0001193125-26-063120,20251231,BusinessSegments,Revenues,DominionEnergyVirginia,11840000000.0,https://www.sec.gov/Archives/edgar/data/715957/000119312526063120/
D,0001193125-26-063120,20251231,BusinessSegments,Revenues,DominionEnergySouthCarolina,3578000000.0,https://www.sec.gov/Archives/edgar/data/715957/000119312526063120/
DPZ,0001193125-26-062321,20251231,BusinessSegments,Revenues,USStores,1611761000.0,https://www.sec.gov/Archives/edgar/data/1286681/000119312526062321/
DPZ,0001193125-26-062321,20251231,BusinessSegments,Revenues,InternationalFranchise,338704000.0,https://www.sec.gov/Archives/edgar/data/1286681/000119312526062321/
DPZ,0001193125-26-062321,20251231,BusinessSegments,Revenues,SupplyChain,2989529000.0,https://www.sec.gov/Archives/edgar/data/1286681/000119312526062321/
DASH,0001792789-26-000013,20251231,BusinessSegments,RevenueFromContractWithCustomerExcludingAssessedTax,ReportableSegment,13717000000.0,https://www.sec.gov/Archives/edgar/data/1792789/000179278926000013/
DOV,0000029905-26-000009,20251231,BusinessSegments,RevenueFromContractWithCustomerExcludingAssessedTax,CleanEnergyFuelingSegment,2130507000.0,https://www.sec.gov/Archives/edgar/data/29905/000002990526000009/
DOV,0000029905-26-000009,20251231,BusinessSegments,RevenueFromContractWithCustomerExcludingAssessedTax,PumpsProcessSolutionsSegment,2148670000.0,https://www.sec.gov/Archives/edgar/data/29905/000002990526000009/
DOV,0000029905-26-000009,20251231,BusinessSegments,RevenueFromContractWithCustomerExcludingAssessedTax,EngineeredProductsSegment,1085844000.0,https://www.sec.gov/Archives/edgar/data/29905/000002990526000009/
DOV,0000029905-26-000009,20251231,BusinessSegments,RevenueFromContractWithCustomerExcludingAssessedTax,ClimateSustainabilityTechnologiesSegment,1559841000.0,https://www.sec.gov/Archives/edgar/data/29905/000002990526000009/
DOV,0000029905-26-000009,20251231,BusinessSegments,RevenueFromContractWithCustomerExcludingAssessedTax,ImagingIdentificationSegment,1173443000.0,https://www.sec.gov/Archives/edgar/data/29905/000002990526000009/
DOW,0001751788-26-000018,20251231,BusinessSegments,RevenueFromContractWithCustomerIncludingAssessedTax,PackagingSpecialtyPlastics,19970000000.0,https://www.sec.gov/Archives/edgar/data/1751788/000175178826000018/
DOW,0001751788-26-000018,20251231,BusinessSegments,RevenueFromContractWithCustomerIncludingAssessedTax,IndustrialIntermediatesInfrastructure,11163000000.0,https://www.sec.gov/Archives/edgar/data/1751788/000175178826000018/
DOW,0001751788-26-000018,20251231,BusinessSegments,RevenueFromContractWithCustomerIncludingAssessedTax,PerformanceMaterialsCoatings,8134000000.0,https://www.sec.gov/Archives/edgar/data/1751788/000175178826000018/
DHI,0000882184-25-000081,20250930,BusinessSegments,Revenues,FinancialServices,841200000.0,https://www.sec.gov/Archives/edgar/data/882184/000088218425000081/
DHI,0000882184-25-000081,20250930,BusinessSegments,Revenues,ForestarGroup,1662400000.0,https://www.sec.gov/Archives/edgar/data/882184/000088218425000081/
DHI,0000882184-25-000081,20250930,BusinessSegments,Revenues,HomeBuildingOps,31515500000.0,https://www.sec.gov/Archives/edgar/data/882184/000088218425000081/
DHI,0000882184-25-000081,20250930,BusinessSegments,Revenues,Rental,1640400000.0,https://www.sec.gov/Archives/edgar/data/882184/000088218425000081/
DTE,0000936340-26-000054,20251231,BusinessSegments,RegulatedAndUnregulatedOperatingRevenue,EnergyTradingSegment,6477000000.0,https://www.sec.gov/Archives/edgar/data/936340/000093634026000054/
DTE,0000936340-26-000054,20251231,BusinessSegments,RegulatedAndUnregulatedOperatingRevenue,DTEVantageSegment,696000000.0,https://www.sec.gov/Archives/edgar/data/936340/000093634026000054/
DTE,0000936340-26-000054,20251231,BusinessSegments,RegulatedAndUnregulatedOperatingRevenue,ElectricSegment,6935000000.0,https://www.sec.gov/Archives/edgar/data/936340/000093634026000054/
DTE,0000936340-26-000054,20251231,BusinessSegments,RegulatedAndUnregulatedOperatingRevenue,GasSegment,2052000000.0,https://www.sec.gov/Archives/edgar/data/936340/000093634026000054/
DUK,0001326160-26-000014,20251231,ProductOrService,RegulatedAndUnregulatedOperatingRevenue,RetailGas,2782000000.0,https://www.sec.gov/Archives/edgar/data/1326160/000132616026000014/
DUK,0001326160-26-000014,20251231,ProductOrService,RegulatedAndUnregulatedOperatingRevenue,WholesaleElectric,2423000000.0,https://www.sec.gov/Archives/edgar/data/1326160/000132616026000014/
DUK,0001326160-26-000014,20251231,ProductOrService,RegulatedAndUnregulatedOperatingRevenue,OtherRevenues,1651000000.0,https://www.sec.gov/Archives/edgar/data/1326160/000132616026000014/
DUK,0001326160-26-000014,20251231,ProductOrService,RegulatedAndUnregulatedOperatingRevenue,RetailElectric,25504000000.0,https://www.sec.gov/Archives/edgar/data/1326160/000132616026000014/
DD,0001666700-26-000013,20251231,BusinessSegments,RevenueFromContractWithCustomerExcludingAssessedTax,DiversifiedIndustrialsSegment,3616000000.0,https://www.sec.gov/Archives/edgar/data/1666700/000166670026000013/
DD,0001666700-26-000013,20251231,BusinessSegments,RevenueFromContractWithCustomerExcludingAssessedTax,HealthcareAndWaterTechnologiesSegment,3233000000.0,https://www.sec.gov/Archives/edgar/data/1666700/000166670026000013/
ETN,0001551182-26-000007,20251231,BusinessSegments,RevenueFromContractWithCustomerExcludingAssessedTax,ElectricalAmericasSegment,13276000000.0,https://www.sec.gov/Archives/edgar/data/1551182/000155118226000007/
ETN,0001551182-26-000007,20251231,BusinessSegments,RevenueFromContractWithCustomerExcludingAssessedTax,ElectricalGlobalSegment,6815000000.0,https://www.sec.gov/Archives/edgar/data/1551182/000155118226000007/
ETN,0001551182-26-000007,20251231,BusinessSegments,RevenueFromContractWithCustomerExcludingAssessedTax,AerospaceSegment,4249000000.0,https://www.sec.gov/Archives/edgar/data/1551182/000155118226000007/
ETN,0001551182-26-000007,20251231,BusinessSegments,RevenueFromContractWithCustomerExcludingAssessedTax,EMobilitySegment,604000000.0,https://www.sec.gov/Archives/edgar/data/1551182/000155118226000007/
ETN,0001551182-26-000007,20251231,BusinessSegments,RevenueFromContractWithCustomerExcludingAssessedTax,VehicleSegment,2505000000.0,https://www.sec.gov/Archives/edgar/data/1551182/000155118226000007/
EBAY,0001065088-26-000027,20251231,ProductOrService,RevenueFromContractWithCustomerExcludingAssessedTax,AdvertisingRevenues,1993000000.0,https://www.sec.gov/Archives/edgar/data/1065088/000106508826000027/
EBAY,0001065088-26-000027,20251231,ProductOrService,RevenueFromContractWithCustomerExcludingAssessedTax,MarketplaceRevenues,9107000000.0,https://www.sec.gov/Archives/edgar/data/1065088/000106508826000027/
ECL,0001104659-26-018357,20251231,ProductOrService,RevenueFromContractWithCustomerExcludingAssessedTax,ServiceAndLease,3462700000.0,https://www.sec.gov/Archives/edgar/data/31462/000110465926018357/
ECL,0001104659-26-018357,20251231,ProductOrService,RevenueFromContractWithCustomerExcludingAssessedTax,ProductAndEquipment,12618500000.0,https://www.sec.gov/Archives/edgar/data/31462/000110465926018357/
EMR,0000032604-25-000087,20250930,ProductOrService,RevenueFromContractWithCustomerExcludingAssessedTax,IntelligentDevices,12400000000.0,https://www.sec.gov/Archives/edgar/data/32604/000003260425000087/
EMR,0000032604-25-000087,20250930,ProductOrService,RevenueFromContractWithCustomerExcludingAssessedTax,SoftwareAndControl,5691000000.0,https://www.sec.gov/Archives/edgar/data/32604/000003260425000087/
ETR,0000065984-26-000174,20251231,ProductOrService,Revenues,ElectricityUsRegulated,12775314000.0,https://www.sec.gov/Archives/edgar/data/65984/000006598426000174/
ETR,0000065984-26-000174,20251231,ProductOrService,Revenues,NaturalGasUsRegulated,112607000.0,https://www.sec.gov/Archives/edgar/data/65984/000006598426000174/
ETR,0000065984-26-000174,20251231,ProductOrService,Revenues,ProductAndServiceOther,58765000.0,https://www.sec.gov/Archives/edgar/data/65984/000006598426000174/
EOG,0000821189-26-000054,20251231,ProductOrService,RevenueFromContractWithCustomerIncludingAssessedTax,OilAndCondensate,12501000000.0,https://www.sec.gov/Archives/edgar/data/821189/000082118926000054/
EOG,0000821189-26-000054,20251231,ProductOrService,RevenueFromContractWithCustomerIncludingAssessedTax,NaturalGasProduction,2791000000.0,https://www.sec.gov/Archives/edgar/data/821189/000082118926000054/
EOG,0000821189-26-000054,20251231,ProductOrService,RevenueFromContractWithCustomerIncludingAssessedTax,NaturalGasLiquidsReserves,2376000000.0,https://www.sec.gov/Archives/edgar/data/821189/000082118926000054/
EOG,0000821189-26-000054,20251231,ProductOrService,RevenueFromContractWithCustomerIncludingAssessedTax,NaturalGasGatheringTransportationMarketingAndProcessing,4914000000.0,https://www.sec.gov/Archives/edgar/data/821189/000082118926000054/
EQT,0000033213-26-000018,20251231,BusinessSegments,Revenues,GatheringSegment,1301434000.0,https://www.sec.gov/Archives/edgar/data/33213/000003321326000018/
EQT,0000033213-26-000018,20251231,BusinessSegments,Revenues,UpstreamSegment,8024057000.0,https://www.sec.gov/Archives/edgar/data/33213/000003321326000018/
EQT,0000033213-26-000018,20251231,BusinessSegments,Revenues,TransmissionSegment,572252000.0,https://www.sec.gov/Archives/edgar/data/33213/000003321326000018/
EFX,0000033185-26-000010,20251231,BusinessSegments,RevenueFromContractWithCustomerExcludingAssessedTax,UnitedStatesConsumerInformationSolutions,2078500000.0,https://www.sec.gov/Archives/edgar/data/33185/000003318526000010/
EFX,0000033185-26-000010,20251231,BusinessSegments,RevenueFromContractWithCustomerExcludingAssessedTax,International,1413700000.0,https://www.sec.gov/Archives/edgar/data/33185/000003318526000010/
EFX,0000033185-26-000010,20251231,BusinessSegments,RevenueFromContractWithCustomerExcludingAssessedTax,USInformationSolutions,2078500000.0,https://www.sec.gov/Archives/edgar/data/33185/000003318526000010/
EFX,0000033185-26-000010,20251231,BusinessSegments,RevenueFromContractWithCustomerExcludingAssessedTax,WorkforceSolutions,2582300000.0,https://www.sec.gov/Archives/edgar/data/33185/000003318526000010/
EVRG,0001711269-26-000017,20251231,BusinessSegments,Revenues,EvergyCompanies,5961600000.0,https://www.sec.gov/Archives/edgar/data/1711269/000171126926000017/
ES,0001628280-26-008461,20251231,BusinessSegments,Revenues,NaturalGasDistribution,2634800000.0,https://www.sec.gov/Archives/edgar/data/72741/000162828026008461/
ES,0001628280-26-008461,20251231,BusinessSegments,Revenues,EversourceElectricTransmission,2283300000.0,https://www.sec.gov/Archives/edgar/data/72741/000162828026008461/
ES,0001628280-26-008461,20251231,BusinessSegments,Revenues,WaterDistributionSegment,236900000.0,https://www.sec.gov/Archives/edgar/data/72741/000162828026008461/
ES,0001628280-26-008461,20251231,BusinessSegments,Revenues,EversourceElectricDistribution,10039600000.0,https://www.sec.gov/Archives/edgar/data/72741/000162828026008461/
ES,0001628280-26-008461,20251231,BusinessSegments,Revenues,EversourceWater,236900000.0,https://www.sec.gov/Archives/edgar/data/72741/000162828026008461/
EXC,0001109357-26-000018,20251231,ProductOrService,RevenueFromContractWithCustomerIncludingAssessedTax,ElectricityUsRegulated,21959000000.0,https://www.sec.gov/Archives/edgar/data/1109357/000110935726000018/
EXC,0001109357-26-000018,20251231,ProductOrService,RevenueFromContractWithCustomerIncludingAssessedTax,NaturalGasUsRegulated,2299000000.0,https://www.sec.gov/Archives/edgar/data/1109357/000110935726000018/
EXC,0001109357-26-000018,20251231,ProductOrService,RevenueFromContractWithCustomerIncludingAssessedTax,ServiceOther,0.0,https://www.sec.gov/Archives/edgar/data/1109357/000110935726000018/
EXE,0000895126-26-000011,20251231,ProductOrService,RevenueFromContractWithCustomerExcludingAssessedTax,NaturalGasLiquidsSales,724000000.0,https://www.sec.gov/Archives/edgar/data/895126/000089512626000011/
EXE,0000895126-26-000011,20251231,ProductOrService,RevenueFromContractWithCustomerExcludingAssessedTax,OilSales,319000000.0,https://www.sec.gov/Archives/edgar/data/895126/000089512626000011/
EXE,0000895126-26-000011,20251231,ProductOrService,RevenueFromContractWithCustomerExcludingAssessedTax,NaturalGasGatheringTransportationMarketingAndProcessing,3163000000.0,https://www.sec.gov/Archives/edgar/data/895126/000089512626000011/
EXE,0000895126-26-000011,20251231,ProductOrService,RevenueFromContractWithCustomerExcludingAssessedTax,OilMarketingSales,132000000.0,https://www.sec.gov/Archives/edgar/data/895126/000089512626000011/
EXE,0000895126-26-000011,20251231,ProductOrService,RevenueFromContractWithCustomerExcludingAssessedTax,NaturalGasLiquidsMarketingSales,142000000.0,https://www.sec.gov/Archives/edgar/data/895126/000089512626000011/
EXE,0000895126-26-000011,20251231,ProductOrService,RevenueFromContractWithCustomerExcludingAssessedTax,NaturalGasMarketingSales,2889000000.0,https://www.sec.gov/Archives/edgar/data/895126/000089512626000011/
EXE,0000895126-26-000011,20251231,ProductOrService,RevenueFromContractWithCustomerExcludingAssessedTax,NaturalGasSales,7433000000.0,https://www.sec.gov/Archives/edgar/data/895126/000089512626000011/
EXE,0000895126-26-000011,20251231,ProductOrService,RevenueFromContractWithCustomerExcludingAssessedTax,OilAndGas,8476000000.0,https://www.sec.gov/Archives/edgar/data/895126/000089512626000011/
EXPE,0001324424-26-000008,20251231,ProductOrService,RevenueFromContractWithCustomerExcludingAssessedTax,Lodging,11752000000.0,https://www.sec.gov/Archives/edgar/data/1324424/000132442426000008/
EXPE,0001324424-26-000008,20251231,ProductOrService,RevenueFromContractWithCustomerExcludingAssessedTax,TrivagoAdvertising,417000000.0,https://www.sec.gov/Archives/edgar/data/1324424/000132442426000008/
EXPE,0001324424-26-000008,20251231,ProductOrService,RevenueFromContractWithCustomerExcludingAssessedTax,Air,407000000.0,https://www.sec.gov/Archives/edgar/data/1324424/000132442426000008/
EXPE,0001324424-26-000008,20251231,ProductOrService,RevenueFromContractWithCustomerExcludingAssessedTax,OtherServices,1399000000.0,https://www.sec.gov/Archives/edgar/data/1324424/000132442426000008/
EXPE,0001324424-26-000008,20251231,ProductOrService,RevenueFromContractWithCustomerExcludingAssessedTax,EGAdvertising,758000000.0,https://www.sec.gov/Archives/edgar/data/1324424/000132442426000008/
EXPD,0001193125-26-071569,20251231,ProductOrService,RevenueFromContractWithCustomerExcludingAssessedTax,AirfreightServices,3982882000.0,https://www.sec.gov/Archives/edgar/data/746515/000119312526071569/
EXPD,0001193125-26-071569,20251231,ProductOrService,RevenueFromContractWithCustomerExcludingAssessedTax,OceanFreightAndOceanServices,2814960000.0,https://www.sec.gov/Archives/edgar/data/746515/000119312526071569/
EXPD,0001193125-26-071569,20251231,ProductOrService,RevenueFromContractWithCustomerExcludingAssessedTax,CustomsBrokerageAndOtherServices,4271167000.0,https://www.sec.gov/Archives/edgar/data/746515/000119312526071569/
FDX,0001048911-25-000011,20250531,BusinessSegments,RevenueFromContractWithCustomerExcludingAssessedTax,FederalExpressSegment,75304000000.0,https://www.sec.gov/Archives/edgar/data/1048911/000104891125000011/
FDX,0001048911-25-000011,20250531,BusinessSegments,RevenueFromContractWithCustomerExcludingAssessedTax,FedexFreightSegment,8892000000.0,https://www.sec.gov/Archives/edgar/data/1048911/000104891125000011/
FERG,0002011641-25-000027,20250731,BusinessSegments,Revenues,UnitedStatesSegment,29269000000.0,https://www.sec.gov/Archives/edgar/data/2011641/000201164125000027/
FERG,0002011641-25-000027,20250731,BusinessSegments,Revenues,CanadaSegment,1493000000.0,https://www.sec.gov/Archives/edgar/data/2011641/000201164125000027/
FE,0001031296-26-000046,20251231,ProductOrService,Revenues,ElectricityUsRegulated,12189000000.0,https://www.sec.gov/Archives/edgar/data/1031296/000103129626000046/
FE,0001031296-26-000046,20251231,ProductOrService,Revenues,ElectricTransmission,2311000000.0,https://www.sec.gov/Archives/edgar/data/1031296/000103129626000046/
FE,0001031296-26-000046,20251231,ProductOrService,Revenues,ElectricWorldwideUnregulatedRevenue,590000000.0,https://www.sec.gov/Archives/edgar/data/1031296/000103129626000046/
F,0000037996-26-000015,20251231,BusinessSegments,RevenueFromContractWithCustomerExcludingAssessedTax,FordBlue,101019000000.0,https://www.sec.gov/Archives/edgar/data/37996/000003799626000015/
F,0000037996-26-000015,20251231,BusinessSegments,RevenueFromContractWithCustomerExcludingAssessedTax,FordPro,66286000000.0,https://www.sec.gov/Archives/edgar/data/37996/000003799626000015/
F,0000037996-26-000015,20251231,BusinessSegments,RevenueFromContractWithCustomerExcludingAssessedTax,FordCredit,13271000000.0,https://www.sec.gov/Archives/edgar/data/37996/000003799626000015/
F,0000037996-26-000015,20251231,BusinessSegments,RevenueFromContractWithCustomerExcludingAssessedTax,FordModelE,6670000000.0,https://www.sec.gov/Archives/edgar/data/37996/000003799626000015/
FTV,0001659166-26-000007,20251231,ProductOrService,RevenueFromContractWithCustomerExcludingAssessedTax,Service,817800000.0,https://www.sec.gov/Archives/edgar/data/1659166/000165916626000007/
FTV,0001659166-26-000007,20251231,ProductOrService,RevenueFromContractWithCustomerExcludingAssessedTax,Product,3341300000.0,https://www.sec.gov/Archives/edgar/data/1659166/000165916626000007/
FCX,0000831259-26-000012,20251231,BusinessSegments,Revenues,AtlanticCopperSmeltingAndRefiningSegment,3169000000.0,https://www.sec.gov/Archives/edgar/data/831259/000083125926000012/
FCX,0000831259-26-000012,20251231,BusinessSegments,Revenues,CerroVerde,4706000000.0,https://www.sec.gov/Archives/edgar/data/831259/000083125926000012/
FCX,0000831259-26-000012,20251231,BusinessSegments,Revenues,Morenci,2648000000.0,https://www.sec.gov/Archives/edgar/data/831259/000083125926000012/
FCX,0000831259-26-000012,20251231,BusinessSegments,Revenues,GrasbergSegment,8622000000.0,https://www.sec.gov/Archives/edgar/data/831259/000083125926000012/
FCX,0000831259-26-000012,20251231,BusinessSegments,Revenues,RodAndRefiningSegment,6890000000.0,https://www.sec.gov/Archives/edgar/data/831259/000083125926000012/
GRMN,0001193125-26-056028,20251231,BusinessSegments,RevenueFromContractWithCustomerExcludingAssessedTax,AviationSegment,987161000.0,https://www.sec.gov/Archives/edgar/data/1121788/000119312526056028/
GRMN,0001193125-26-056028,20251231,BusinessSegments,RevenueFromContractWithCustomerExcludingAssessedTax,MarineSegment,1182615000.0,https://www.sec.gov/Archives/edgar/data/1121788/000119312526056028/
GRMN,0001193125-26-056028,20251231,BusinessSegments,RevenueFromContractWithCustomerExcludingAssessedTax,OutdoorSegment,2054061000.0,https://www.sec.gov/Archives/edgar/data/1121788/000119312526056028/
GRMN,0001193125-26-056028,20251231,BusinessSegments,RevenueFromContractWithCustomerExcludingAssessedTax,AutoOemSegment,664682000.0,https://www.sec.gov/Archives/edgar/data/1121788/000119312526056028/
GRMN,0001193125-26-056028,20251231,BusinessSegments,RevenueFromContractWithCustomerExcludingAssessedTax,FitnessSegment,2357000000.0,https://www.sec.gov/Archives/edgar/data/1121788/000119312526056028/
GE,0000040545-26-000008,20251231,ProductOrService,Revenues,Product,13433000000.0,https://www.sec.gov/Archives/edgar/data/40545/000004054526000008/
GE,0000040545-26-000008,20251231,ProductOrService,Revenues,Service,30436000000.0,https://www.sec.gov/Archives/edgar/data/40545/000004054526000008/
GEV,0001996810-26-000015,20251231,ProductOrService,RevenueFromContractWithCustomerExcludingAssessedTax,Product,20934000000.0,https://www.sec.gov/Archives/edgar/data/1996810/000199681026000015/
GEV,0001996810-26-000015,20251231,ProductOrService,RevenueFromContractWithCustomerExcludingAssessedTax,Service,17134000000.0,https://www.sec.gov/Archives/edgar/data/1996810/000199681026000015/
GNRC,0001437749-26-004568,20251231,BusinessSegments,RevenueFromContractWithCustomerExcludingAssessedTax,International,777431000.0,https://www.sec.gov/Archives/edgar/data/1474735/000143774926004568/
GNRC,0001437749-26-004568,20251231,BusinessSegments,RevenueFromContractWithCustomerExcludingAssessedTax,Domestic,3470966000.0,https://www.sec.gov/Archives/edgar/data/1474735/000143774926004568/
GD,0000040533-26-000006,20251231,ProductOrService,RevenueFromContractWithCustomerExcludingAssessedTax,Service,19529000000.0,https://www.sec.gov/Archives/edgar/data/40533/000004053326000006/
GD,0000040533-26-000006,20251231,ProductOrService,RevenueFromContractWithCustomerExcludingAssessedTax,Product,33021000000.0,https://www.sec.gov/Archives/edgar/data/40533/000004053326000006/
GIS,0001193125-25-147079,20250531,ProductOrService,RevenueFromContractWithCustomerExcludingAssessedTax,Yogurt,1391600000.0,https://www.sec.gov/Archives/edgar/data/40704/000119312525147079/
GIS,0001193125-25-147079,20250531,ProductOrService,RevenueFromContractWithCustomerExcludingAssessedTax,Cereal,3078600000.0,https://www.sec.gov/Archives/edgar/data/40704/000119312525147079/
GIS,0001193125-25-147079,20250531,ProductOrService,RevenueFromContractWithCustomerExcludingAssessedTax,PetSegment,2585800000.0,https://www.sec.gov/Archives/edgar/data/40704/000119312525147079/
GIS,0001193125-25-147079,20250531,ProductOrService,RevenueFromContractWithCustomerExcludingAssessedTax,BakingMixesAndIngredients,1940200000.0,https://www.sec.gov/Archives/edgar/data/40704/000119312525147079/
GIS,0001193125-25-147079,20250531,ProductOrService,RevenueFromContractWithCustomerExcludingAssessedTax,Snacks,4187400000.0,https://www.sec.gov/Archives/edgar/data/40704/000119312525147079/
GIS,0001193125-25-147079,20250531,ProductOrService,RevenueFromContractWithCustomerExcludingAssessedTax,Dough,2384200000.0,https://www.sec.gov/Archives/edgar/data/40704/000119312525147079/
GIS,0001193125-25-147079,20250531,ProductOrService,RevenueFromContractWithCustomerExcludingAssessedTax,VegetablesAndOther,381100000.0,https://www.sec.gov/Archives/edgar/data/40704/000119312525147079/
GIS,0001193125-25-147079,20250531,ProductOrService,RevenueFromContractWithCustomerExcludingAssessedTax,ConvenientMeals,2816100000.0,https://www.sec.gov/Archives/edgar/data/40704/000119312525147079/
GIS,0001193125-25-147079,20250531,ProductOrService,RevenueFromContractWithCustomerExcludingAssessedTax,SuperPremiumIceCream,721600000.0,https://www.sec.gov/Archives/edgar/data/40704/000119312525147079/
GM,0001467858-26-000013,20251231,ProductOrService,RevenueFromContractWithCustomerExcludingAssessedTax,VehiclesandParts,160511000000.0,https://www.sec.gov/Archives/edgar/data/1467858/000146785826000013/
GM,0001467858-26-000013,20251231,ProductOrService,RevenueFromContractWithCustomerExcludingAssessedTax,ServicesandOther,5724000000.0,https://www.sec.gov/Archives/edgar/data/1467858/000146785826000013/
GM,0001467858-26-000013,20251231,ProductOrService,RevenueFromContractWithCustomerExcludingAssessedTax,UsedVehicles,1737000000.0,https://www.sec.gov/Archives/edgar/data/1467858/000146785826000013/
GPC,0000040987-26-000003,20251231,BusinessSegments,RevenueFromContractWithCustomerExcludingAssessedTax,InternationalAutomotive,5858566000.0,https://www.sec.gov/Archives/edgar/data/40987/000004098726000003/
GPC,0000040987-26-000003,20251231,BusinessSegments,RevenueFromContractWithCustomerExcludingAssessedTax,NorthAmericaAutomotive,9520042000.0,https://www.sec.gov/Archives/edgar/data/40987/000004098726000003/
GPC,0000040987-26-000003,20251231,BusinessSegments,RevenueFromContractWithCustomerExcludingAssessedTax,IndustrialParts,8921533000.0,https://www.sec.gov/Archives/edgar/data/40987/000004098726000003/
HAL,0000045012-26-000015,20251231,ProductOrService,RevenueFromContractWithCustomerIncludingAssessedTax,Service,15729000000.0,https://www.sec.gov/Archives/edgar/data/45012/000004501226000015/
HAL,0000045012-26-000015,20251231,ProductOrService,RevenueFromContractWithCustomerIncludingAssessedTax,Product,6455000000.0,https://www.sec.gov/Archives/edgar/data/45012/000004501226000015/
HAS,0000046080-26-000011,20251231,ProductOrService,RevenueFromContractWithCustomerExcludingAssessedTax,GrowBrands,3479100000.0,https://www.sec.gov/Archives/edgar/data/46080/000004608026000011/
HAS,0000046080-26-000011,20251231,ProductOrService,RevenueFromContractWithCustomerExcludingAssessedTax,ReinventBrands,524000000.0,https://www.sec.gov/Archives/edgar/data/46080/000004608026000011/
HAS,0000046080-26-000011,20251231,ProductOrService,RevenueFromContractWithCustomerExcludingAssessedTax,OptimizeBrands,698200000.0,https://www.sec.gov/Archives/edgar/data/46080/000004608026000011/
HAS,0000046080-26-000011,20251231,ProductOrService,RevenueFromContractWithCustomerExcludingAssessedTax,NonHasbroBrandedFilmTV,0.0,https://www.sec.gov/Archives/edgar/data/46080/000004608026000011/
HSY,0001628280-26-008586,20251231,BusinessSegments,RevenueFromContractWithCustomerExcludingAssessedTax,InternationalSegment,941568000.0,https://www.sec.gov/Archives/edgar/data/47111/000162828026008586/
HSY,0001628280-26-008586,20251231,BusinessSegments,RevenueFromContractWithCustomerExcludingAssessedTax,NorthAmericaConfectionerySegment,9479709000.0,https://www.sec.gov/Archives/edgar/data/47111/000162828026008586/
HSY,0001628280-26-008586,20251231,BusinessSegments,RevenueFromContractWithCustomerExcludingAssessedTax,NorthAmericaSaltySnacksSegment,1271299000.0,https://www.sec.gov/Archives/edgar/data/47111/000162828026008586/
HLT,0001585689-26-000007,20251231,ProductOrService,RevenueFromContractWithCustomerExcludingAssessedTax,ManagementServiceBase,376000000.0,https://www.sec.gov/Archives/edgar/data/1585689/000158568926000007/
HLT,0001585689-26-000007,20251231,ProductOrService,RevenueFromContractWithCustomerExcludingAssessedTax,ReimbursementRevenue,7085000000.0,https://www.sec.gov/Archives/edgar/data/1585689/000158568926000007/
HLT,0001585689-26-000007,20251231,ProductOrService,RevenueFromContractWithCustomerExcludingAssessedTax,ManagementServiceIncentive,313000000.0,https://www.sec.gov/Archives/edgar/data/1585689/000158568926000007/
HLT,0001585689-26-000007,20251231,ProductOrService,RevenueFromContractWithCustomerExcludingAssessedTax,HotelOther,252000000.0,https://www.sec.gov/Archives/edgar/data/1585689/000158568926000007/
HLT,0001585689-26-000007,20251231,ProductOrService,RevenueFromContractWithCustomerExcludingAssessedTax,Ownership,1233000000.0,https://www.sec.gov/Archives/edgar/data/1585689/000158568926000007/
HLT,0001585689-26-000007,20251231,ProductOrService,RevenueFromContractWithCustomerExcludingAssessedTax,Franchiseandlicensingfees,2780000000.0,https://www.sec.gov/Archives/edgar/data/1585689/000158568926000007/
HD,0001628280-26-019436,20260131,ProductOrService,RevenueFromContractWithCustomerExcludingAssessedTax,Product,159029000000.0,https://www.sec.gov/Archives/edgar/data/354950/000162828026019436/
HD,0001628280-26-019436,20260131,ProductOrService,RevenueFromContractWithCustomerExcludingAssessedTax,Service,5654000000.0,https://www.sec.gov/Archives/edgar/data/354950/000162828026019436/
HON,0000773840-26-000013,20251231,ProductOrService,RevenueFromContractWithCustomerExcludingAssessedTax,Service,12927000000.0,https://www.sec.gov/Archives/edgar/data/773840/000077384026000013/
HON,0000773840-26-000013,20251231,ProductOrService,RevenueFromContractWithCustomerExcludingAssessedTax,Product,24515000000.0,https://www.sec.gov/Archives/edgar/data/773840/000077384026000013/
HRL,0000048465-25-000059,20251031,ProductOrService,RevenueFromContractWithCustomerIncludingAssessedTax,PerishableMeat,8823022000.0,https://www.sec.gov/Archives/edgar/data/48465/000004846525000059/
HRL,0000048465-25-000059,20251031,ProductOrService,RevenueFromContractWithCustomerIncludingAssessedTax,ShelfStable,3283138000.0,https://www.sec.gov/Archives/edgar/data/48465/000004846525000059/
HWM,0000004281-26-000012,20251231,ProductOrService,RevenueFromContractWithCustomerExcludingAssessedTax,GasTurbines,944000000.0,https://www.sec.gov/Archives/edgar/data/4281/000000428126000012/
HWM,0000004281-26-000012,20251231,ProductOrService,RevenueFromContractWithCustomerExcludingAssessedTax,ProductAndServiceOther,329000000.0,https://www.sec.gov/Archives/edgar/data/4281/000000428126000012/
HWM,0000004281-26-000012,20251231,ProductOrService,RevenueFromContractWithCustomerExcludingAssessedTax,CommercialTransportation,1248000000.0,https://www.sec.gov/Archives/edgar/data/4281/000000428126000012/
HWM,0000004281-26-000012,20251231,ProductOrService,RevenueFromContractWithCustomerExcludingAssessedTax,AerospaceCommercial,4322000000.0,https://www.sec.gov/Archives/edgar/data/4281/000000428126000012/
HWM,0000004281-26-000012,20251231,ProductOrService,RevenueFromContractWithCustomerExcludingAssessedTax,AerospaceDefense,1409000000.0,https://www.sec.gov/Archives/edgar/data/4281/000000428126000012/
HUBB,0001628280-26-007500,20251231,BusinessSegments,RevenueFromContractWithCustomerExcludingAssessedTax,UtilitySolutionsSegment,3672300000.0,https://www.sec.gov/Archives/edgar/data/48898/000162828026007500/
HUBB,0001628280-26-007500,20251231,BusinessSegments,RevenueFromContractWithCustomerExcludingAssessedTax,ElectricalSegment,2172300000.0,https://www.sec.gov/Archives/edgar/data/48898/000162828026007500/
HII,0001501585-26-000006,20251231,ProductOrService,Revenues,Product,8133000000.0,https://www.sec.gov/Archives/edgar/data/1501585/000150158526000006/
HII,0001501585-26-000006,20251231,ProductOrService,Revenues,Service,4351000000.0,https://www.sec.gov/Archives/edgar/data/1501585/000150158526000006/
IEX,0000832101-26-000003,20251231,BusinessSegments,Revenues,FireAndSafetyDiversifiedProducts,744300000.0,https://www.sec.gov/Archives/edgar/data/832101/000083210126000003/
IEX,0000832101-26-000003,20251231,BusinessSegments,Revenues,FluidAndMeteringTechnologies,1224000000.0,https://www.sec.gov/Archives/edgar/data/832101/000083210126000003/
IEX,0000832101-26-000003,20251231,BusinessSegments,Revenues,HealthAndScienceTechnologies,1495500000.0,https://www.sec.gov/Archives/edgar/data/832101/000083210126000003/
ITW,0000049826-26-000008,20251231,BusinessSegments,RevenueFromContractWithCustomerExcludingAssessedTax,FoodEquipmentSegment,2699000000.0,https://www.sec.gov/Archives/edgar/data/49826/000004982626000008/
ITW,0000049826-26-000008,20251231,BusinessSegments,RevenueFromContractWithCustomerExcludingAssessedTax,ConstructionProductsSegment,1820000000.0,https://www.sec.gov/Archives/edgar/data/49826/000004982626000008/
ITW,0000049826-26-000008,20251231,BusinessSegments,RevenueFromContractWithCustomerExcludingAssessedTax,PolymersAndFluids,1765000000.0,https://www.sec.gov/Archives/edgar/data/49826/000004982626000008/
ITW,0000049826-26-000008,20251231,BusinessSegments,RevenueFromContractWithCustomerExcludingAssessedTax,AutomotiveOEMSegment,3288000000.0,https://www.sec.gov/Archives/edgar/data/49826/000004982626000008/
ITW,0000049826-26-000008,20251231,BusinessSegments,RevenueFromContractWithCustomerExcludingAssessedTax,SpecialtyProductsSegment,1775000000.0,https://www.sec.gov/Archives/edgar/data/49826/000004982626000008/
ITW,0000049826-26-000008,20251231,BusinessSegments,RevenueFromContractWithCustomerExcludingAssessedTax,WeldingSegment,1890000000.0,https://www.sec.gov/Archives/edgar/data/49826/000004982626000008/
ITW,0000049826-26-000008,20251231,BusinessSegments,RevenueFromContractWithCustomerExcludingAssessedTax,TestandMeasurementandElectronicsSegment,2825000000.0,https://www.sec.gov/Archives/edgar/data/49826/000004982626000008/
ITW,0000049826-26-000008,20251231,BusinessSegments,RevenueFromContractWithCustomerExcludingAssessedTax,PolymersAndFluidsSegment,1765000000.0,https://www.sec.gov/Archives/edgar/data/49826/000004982626000008/
IR,0001628280-26-008617,20251231,ProductOrService,RevenueFromContractWithCustomerExcludingAssessedTax,OriginalEquipment,4861800000.0,https://www.sec.gov/Archives/edgar/data/1699150/000162828026008617/
IR,0001628280-26-008617,20251231,ProductOrService,RevenueFromContractWithCustomerExcludingAssessedTax,Aftermarket,2789100000.0,https://www.sec.gov/Archives/edgar/data/1699150/000162828026008617/
IFF,0000051253-26-000006,20251231,BusinessSegments,RevenueFromContractWithCustomerExcludingAssessedTax,Taste,2481000000.0,https://www.sec.gov/Archives/edgar/data/51253/000005125326000006/
IFF,0000051253-26-000006,20251231,BusinessSegments,RevenueFromContractWithCustomerExcludingAssessedTax,FoodIngredients,3278000000.0,https://www.sec.gov/Archives/edgar/data/51253/000005125326000006/
IFF,0000051253-26-000006,20251231,BusinessSegments,RevenueFromContractWithCustomerExcludingAssessedTax,PharmaSolutions,369000000.0,https://www.sec.gov/Archives/edgar/data/51253/000005125326000006/
IFF,0000051253-26-000006,20251231,BusinessSegments,RevenueFromContractWithCustomerExcludingAssessedTax,Scent,2479000000.0,https://www.sec.gov/Archives/edgar/data/51253/000005125326000006/
IFF,0000051253-26-000006,20251231,BusinessSegments,RevenueFromContractWithCustomerExcludingAssessedTax,HealthAndBiosciences,2283000000.0,https://www.sec.gov/Archives/edgar/data/51253/000005125326000006/
IP,0000051434-26-000055,20251231,BusinessSegments,RevenueFromContractWithCustomerExcludingAssessedTax,PackagingSolutionsEMEASegment,8451000000.0,https://www.sec.gov/Archives/edgar/data/51434/000005143426000055/
IP,0000051434-26-000055,20251231,BusinessSegments,RevenueFromContractWithCustomerExcludingAssessedTax,PackagingSolutionsNorthAmericaSegment,15175000000.0,https://www.sec.gov/Archives/edgar/data/51434/000005143426000055/
JBHT,0001437749-26-005294,20251231,BusinessSegments,RevenueFromContractWithCustomerIncludingAssessedTax,JBI,5975000000.0,https://www.sec.gov/Archives/edgar/data/728535/000143774926005294/
JBHT,0001437749-26-005294,20251231,BusinessSegments,RevenueFromContractWithCustomerIncludingAssessedTax,JBT,734000000.0,https://www.sec.gov/Archives/edgar/data/728535/000143774926005294/
JBHT,0001437749-26-005294,20251231,BusinessSegments,RevenueFromContractWithCustomerIncludingAssessedTax,DCS,3376000000.0,https://www.sec.gov/Archives/edgar/data/728535/000143774926005294/
JBHT,0001437749-26-005294,20251231,BusinessSegments,RevenueFromContractWithCustomerIncludingAssessedTax,FMS,824000000.0,https://www.sec.gov/Archives/edgar/data/728535/000143774926005294/
JBHT,0001437749-26-005294,20251231,BusinessSegments,RevenueFromContractWithCustomerIncludingAssessedTax,ICS,1109000000.0,https://www.sec.gov/Archives/edgar/data/728535/000143774926005294/
J,0001628280-25-053316,20250930,BusinessSegments,RevenueFromContractWithCustomerIncludingAssessedTax,InfrastructureAdvancedFacilities,10764206000.0,https://www.sec.gov/Archives/edgar/data/52988/000162828025053316/
J,0001628280-25-053316,20250930,BusinessSegments,RevenueFromContractWithCustomerIncludingAssessedTax,PAConsulting,1265577000.0,https://www.sec.gov/Archives/edgar/data/52988/000162828025053316/
JCI,0000833444-25-000097,20250930,ProductOrService,RevenueFromContractWithCustomerExcludingAssessedTax,ProductsandSystems,16124000000.0,https://www.sec.gov/Archives/edgar/data/833444/000083344425000097/
JCI,0000833444-25-000097,20250930,ProductOrService,RevenueFromContractWithCustomerExcludingAssessedTax,Service,7472000000.0,https://www.sec.gov/Archives/edgar/data/833444/000083344425000097/
KVUE,0001944048-26-000030,20251231,BusinessSegments,RevenueFromContractWithCustomerExcludingAssessedTax,EssentialHealth,4632000000.0,https://www.sec.gov/Archives/edgar/data/1944048/000194404826000030/
KVUE,0001944048-26-000030,20251231,BusinessSegments,RevenueFromContractWithCustomerExcludingAssessedTax,SelfCare,6378000000.0,https://www.sec.gov/Archives/edgar/data/1944048/000194404826000030/
KVUE,0001944048-26-000030,20251231,BusinessSegments,RevenueFromContractWithCustomerExcludingAssessedTax,SkinHealthAndBeauty,4114000000.0,https://www.sec.gov/Archives/edgar/data/1944048/000194404826000030/
KDP,0001418135-26-000016,20251231,ProductOrService,RevenueFromContractWithCustomerExcludingAssessedTax,OtherNetSales,578000000.0,https://www.sec.gov/Archives/edgar/data/1418135/000141813526000016/
KDP,0001418135-26-000016,20251231,ProductOrService,RevenueFromContractWithCustomerExcludingAssessedTax,KCupPods,3777000000.0,https://www.sec.gov/Archives/edgar/data/1418135/000141813526000016/
KDP,0001418135-26-000016,20251231,ProductOrService,RevenueFromContractWithCustomerExcludingAssessedTax,LRB,11602000000.0,https://www.sec.gov/Archives/edgar/data/1418135/000141813526000016/
KDP,0001418135-26-000016,20251231,ProductOrService,RevenueFromContractWithCustomerExcludingAssessedTax,Appliances,646000000.0,https://www.sec.gov/Archives/edgar/data/1418135/000141813526000016/
KMB,0001628280-26-007567,20251231,ProductOrService,Revenues,AdultCareProducts,1947000000.0,https://www.sec.gov/Archives/edgar/data/55785/000162828026007567/
KMB,0001628280-26-007567,20251231,ProductOrService,Revenues,FamilyCare,4056000000.0,https://www.sec.gov/Archives/edgar/data/55785/000162828026007567/
KMB,0001628280-26-007567,20251231,ProductOrService,Revenues,FeminineCareProducts,1706000000.0,https://www.sec.gov/Archives/edgar/data/55785/000162828026007567/
KMB,0001628280-26-007567,20251231,ProductOrService,Revenues,Babyandchildcareproducts,6773000000.0,https://www.sec.gov/Archives/edgar/data/55785/000162828026007567/
KMB,0001628280-26-007567,20251231,ProductOrService,Revenues,Professional,1841000000.0,https://www.sec.gov/Archives/edgar/data/55785/000162828026007567/
KMI,0001506307-26-000011,20251231,ProductOrService,Revenues,Product,7255000000.0,https://www.sec.gov/Archives/edgar/data/1506307/000150630726000011/
KMI,0001506307-26-000011,20251231,ProductOrService,Revenues,ProductAndServiceOther,192000000.0,https://www.sec.gov/Archives/edgar/data/1506307/000150630726000011/
KMI,0001506307-26-000011,20251231,ProductOrService,Revenues,OilAndGasService,9490000000.0,https://www.sec.gov/Archives/edgar/data/1506307/000150630726000011/
KHC,0001637459-26-000009,20251231,BusinessSegments,RevenueFromContractWithCustomerIncludingAssessedTax,NorthAmericaSegment,18586000000.0,https://www.sec.gov/Archives/edgar/data/1637459/000163745926000009/
KHC,0001637459-26-000009,20251231,BusinessSegments,RevenueFromContractWithCustomerIncludingAssessedTax,InternationalSegment,3539000000.0,https://www.sec.gov/Archives/edgar/data/1637459/000163745926000009/
KHC,0001637459-26-000009,20251231,BusinessSegments,RevenueFromContractWithCustomerIncludingAssessedTax,EmergingMarketsSegment,2817000000.0,https://www.sec.gov/Archives/edgar/data/1637459/000163745926000009/
KR,0001104659-26-037723,20260131,ProductOrService,RevenueFromContractWithCustomerExcludingAssessedTax,OtherProduct,1129000000.0,https://www.sec.gov/Archives/edgar/data/56873/000110465926037723/
KR,0001104659-26-037723,20260131,ProductOrService,RevenueFromContractWithCustomerExcludingAssessedTax,NonPerishable,77569000000.0,https://www.sec.gov/Archives/edgar/data/56873/000110465926037723/
KR,0001104659-26-037723,20260131,ProductOrService,RevenueFromContractWithCustomerExcludingAssessedTax,Perishable,37189000000.0,https://www.sec.gov/Archives/edgar/data/56873/000110465926037723/
KR,0001104659-26-037723,20260131,ProductOrService,RevenueFromContractWithCustomerExcludingAssessedTax,SupermarketFuel,13584000000.0,https://www.sec.gov/Archives/edgar/data/56873/000110465926037723/
KR,0001104659-26-037723,20260131,ProductOrService,RevenueFromContractWithCustomerExcludingAssessedTax,Pharmacy,18171000000.0,https://www.sec.gov/Archives/edgar/data/56873/000110465926037723/
LHX,0000202058-26-000015,20251231,ProductOrService,RevenueFromContractWithCustomerExcludingAssessedTax,Service,6378000000.0,https://www.sec.gov/Archives/edgar/data/202058/000020205826000015/
LHX,0000202058-26-000015,20251231,ProductOrService,RevenueFromContractWithCustomerExcludingAssessedTax,Product,15487000000.0,https://www.sec.gov/Archives/edgar/data/202058/000020205826000015/
LVS,0001300514-26-000013,20251231,ProductOrService,Revenues,Mall,801000000.0,https://www.sec.gov/Archives/edgar/data/1300514/000130051426000013/
LVS,0001300514-26-000013,20251231,ProductOrService,Revenues,Occupancy,1422000000.0,https://www.sec.gov/Archives/edgar/data/1300514/000130051426000013/
LVS,0001300514-26-000013,20251231,ProductOrService,Revenues,Casino,9789000000.0,https://www.sec.gov/Archives/edgar/data/1300514/000130051426000013/
LVS,0001300514-26-000013,20251231,ProductOrService,Revenues,FoodAndBeverage,644000000.0,https://www.sec.gov/Archives/edgar/data/1300514/000130051426000013/
LVS,0001300514-26-000013,20251231,ProductOrService,Revenues,ProductAndServiceOther,361000000.0,https://www.sec.gov/Archives/edgar/data/1300514/000130051426000013/
LDOS,0001336920-26-000030,20251231,BusinessSegments,Revenues,NationalSecurityAndDigitalSegment,7611000000.0,https://www.sec.gov/Archives/edgar/data/1336920/000133692026000030/
LDOS,0001336920-26-000030,20251231,BusinessSegments,Revenues,HealthAndCivilSegment,5069000000.0,https://www.sec.gov/Archives/edgar/data/1336920/000133692026000030/
LDOS,0001336920-26-000030,20251231,BusinessSegments,Revenues,CommercialAndInternationalSegment,2315000000.0,https://www.sec.gov/Archives/edgar/data/1336920/000133692026000030/
LDOS,0001336920-26-000030,20251231,BusinessSegments,Revenues,DefenseSystemsSegment,2179000000.0,https://www.sec.gov/Archives/edgar/data/1336920/000133692026000030/
LEN,0001628280-26-003870,20251130,ProductOrService,Revenues,RealEstateOther,32097245000.0,https://www.sec.gov/Archives/edgar/data/920760/000162828026003870/
LEN,0001628280-26-003870,20251130,ProductOrService,Revenues,Land,130232000.0,https://www.sec.gov/Archives/edgar/data/920760/000162828026003870/
LEN,0001628280-26-003870,20251130,ProductOrService,Revenues,OtherRevenue,1959457000.0,https://www.sec.gov/Archives/edgar/data/920760/000162828026003870/
LII,0001069202-26-000028,20251231,BusinessSegments,Revenues,ResidentialHeatingAndCooling,3343400000.0,https://www.sec.gov/Archives/edgar/data/1069202/000106920226000028/
LII,0001069202-26-000028,20251231,BusinessSegments,Revenues,CommercialHeatingAndCooling,1851900000.0,https://www.sec.gov/Archives/edgar/data/1069202/000106920226000028/
LII,0001069202-26-000028,20251231,BusinessSegments,Revenues,Refrigeration,0.0,https://www.sec.gov/Archives/edgar/data/1069202/000106920226000028/
LIN,0001628280-26-011430,20251231,BusinessSegments,RevenueFromContractWithCustomerExcludingAssessedTax,EMEASegment,8549000000.0,https://www.sec.gov/Archives/edgar/data/1707925/000162828026011430/
LIN,0001628280-26-011430,20251231,BusinessSegments,RevenueFromContractWithCustomerExcludingAssessedTax,APACSegment,6661000000.0,https://www.sec.gov/Archives/edgar/data/1707925/000162828026011430/
LIN,0001628280-26-011430,20251231,BusinessSegments,RevenueFromContractWithCustomerExcludingAssessedTax,AmericasSegment,15208000000.0,https://www.sec.gov/Archives/edgar/data/1707925/000162828026011430/
LIN,0001628280-26-011430,20251231,BusinessSegments,RevenueFromContractWithCustomerExcludingAssessedTax,EngineeringSegment,2250000000.0,https://www.sec.gov/Archives/edgar/data/1707925/000162828026011430/
LMT,0001628280-26-004195,20251231,ProductOrService,Revenues,Service,12394000000.0,https://www.sec.gov/Archives/edgar/data/936468/000162828026004195/
LMT,0001628280-26-004195,20251231,ProductOrService,Revenues,Product,62654000000.0,https://www.sec.gov/Archives/edgar/data/936468/000162828026004195/
LOW,0000060667-26-000029,20260131,BusinessSegments,RevenueFromContractWithCustomerExcludingAssessedTax,ReportableSegment,84078000000.0,https://www.sec.gov/Archives/edgar/data/60667/000006066726000029/
LULU,0001397187-26-000020,20260131,ProductOrService,RevenueFromContractWithCustomerExcludingAssessedTax,AccessoriesAndOtherCategories,1443249000.0,https://www.sec.gov/Archives/edgar/data/1397187/000139718726000020/
LULU,0001397187-26-000020,20260131,ProductOrService,RevenueFromContractWithCustomerExcludingAssessedTax,MensApparel,2663986000.0,https://www.sec.gov/Archives/edgar/data/1397187/000139718726000020/
LULU,0001397187-26-000020,20260131,ProductOrService,RevenueFromContractWithCustomerExcludingAssessedTax,WomensApparel,6995365000.0,https://www.sec.gov/Archives/edgar/data/1397187/000139718726000020/
MPC,0001510295-26-000009,20251231,BusinessSegments,RevenueFromContractWithCustomerExcludingAssessedTax,RenewableDiesel,2830000000.0,https://www.sec.gov/Archives/edgar/data/1510295/000151029526000009/
MPC,0001510295-26-000009,20251231,BusinessSegments,RevenueFromContractWithCustomerExcludingAssessedTax,RefiningAndMarketing,124312000000.0,https://www.sec.gov/Archives/edgar/data/1510295/000151029526000009/
MPC,0001510295-26-000009,20251231,BusinessSegments,RevenueFromContractWithCustomerExcludingAssessedTax,Midstream,5628000000.0,https://www.sec.gov/Archives/edgar/data/1510295/000151029526000009/
MAR,0001048286-26-000007,20251231,ProductOrService,Revenues,Reimbursements,19204000000.0,https://www.sec.gov/Archives/edgar/data/1048286/000104828626000007/
MAR,0001048286-26-000007,20251231,ProductOrService,Revenues,OwnedLeasedandOther,1679000000.0,https://www.sec.gov/Archives/edgar/data/1048286/000104828626000007/
MAR,0001048286-26-000007,20251231,ProductOrService,Revenues,FeeService,5303000000.0,https://www.sec.gov/Archives/edgar/data/1048286/000104828626000007/
MLM,0001193125-26-059193,20251231,BusinessSegments,RevenueFromContractWithCustomerExcludingAssessedTax,ReportableSegments,6150000000.0,https://www.sec.gov/Archives/edgar/data/916076/000119312526059193/
MLM,0001193125-26-059193,20251231,BusinessSegments,RevenueFromContractWithCustomerExcludingAssessedTax,BuildingMaterialsBusiness,5709000000.0,https://www.sec.gov/Archives/edgar/data/916076/000119312526059193/
MLM,0001193125-26-059193,20251231,BusinessSegments,RevenueFromContractWithCustomerExcludingAssessedTax,BuildingMaterialsBusinessEastGroup,3194000000.0,https://www.sec.gov/Archives/edgar/data/916076/000119312526059193/
MLM,0001193125-26-059193,20251231,BusinessSegments,RevenueFromContractWithCustomerExcludingAssessedTax,Specialties,441000000.0,https://www.sec.gov/Archives/edgar/data/916076/000119312526059193/
MLM,0001193125-26-059193,20251231,BusinessSegments,RevenueFromContractWithCustomerExcludingAssessedTax,BuildingMaterialsBusinessWestGroup,2515000000.0,https://www.sec.gov/Archives/edgar/data/916076/000119312526059193/
MAS,0000062996-26-000005,20251231,BusinessSegments,RevenueFromContractWithCustomerExcludingAssessedTax,DecorativeArchitecturalProducts,2570000000.0,https://www.sec.gov/Archives/edgar/data/62996/000006299626000005/
MAS,0000062996-26-000005,20251231,BusinessSegments,RevenueFromContractWithCustomerExcludingAssessedTax,PlumbingProducts,4992000000.0,https://www.sec.gov/Archives/edgar/data/62996/000006299626000005/
MKC,0000063754-26-000037,20251130,BusinessSegments,Revenues,Consumer,3950300000.0,https://www.sec.gov/Archives/edgar/data/63754/000006375426000037/
MKC,0000063754-26-000037,20251130,BusinessSegments,Revenues,FlavorSolutions,2890000000.0,https://www.sec.gov/Archives/edgar/data/63754/000006375426000037/
MCD,0000063908-26-000035,20251231,BusinessSegments,Revenues,USMarket,10825000000.0,https://www.sec.gov/Archives/edgar/data/63908/000006390826000035/
MCD,0000063908-26-000035,20251231,BusinessSegments,Revenues,InternationalOperatedMarkets,13633000000.0,https://www.sec.gov/Archives/edgar/data/63908/000006390826000035/
MGM,0000789570-26-000018,20251231,ProductOrService,RevenueFromContractWithCustomerExcludingAssessedTax,FoodAndBeverage,3045965000.0,https://www.sec.gov/Archives/edgar/data/789570/000078957026000018/
MGM,0000789570-26-000018,20251231,ProductOrService,RevenueFromContractWithCustomerExcludingAssessedTax,EntertainmentRetailAndOther,1663431000.0,https://www.sec.gov/Archives/edgar/data/789570/000078957026000018/
MGM,0000789570-26-000018,20251231,ProductOrService,RevenueFromContractWithCustomerExcludingAssessedTax,Occupancy,3377400000.0,https://www.sec.gov/Archives/edgar/data/789570/000078957026000018/
MGM,0000789570-26-000018,20251231,ProductOrService,RevenueFromContractWithCustomerExcludingAssessedTax,Casino,9450887000.0,https://www.sec.gov/Archives/edgar/data/789570/000078957026000018/
TAP,0000024545-26-000006,20251231,BusinessSegments,RevenueFromContractWithCustomerIncludingAssessedTax,AmericasSegment,8712800000.0,https://www.sec.gov/Archives/edgar/data/24545/000002454526000006/
TAP,0000024545-26-000006,20251231,BusinessSegments,RevenueFromContractWithCustomerIncludingAssessedTax,EuropeMiddleEastAfricaAndAsiaPacificSegment,2455700000.0,https://www.sec.gov/Archives/edgar/data/24545/000002454526000006/
MDLZ,0001628280-26-005345,20251231,ProductOrService,Revenues,Beverages,1006000000.0,https://www.sec.gov/Archives/edgar/data/1103982/000162828026005345/
MDLZ,0001628280-26-005345,20251231,ProductOrService,Revenues,CheeseAndGrocery,2384000000.0,https://www.sec.gov/Archives/edgar/data/1103982/000162828026005345/
MDLZ,0001628280-26-005345,20251231,ProductOrService,Revenues,Chocolate,12696000000.0,https://www.sec.gov/Archives/edgar/data/1103982/000162828026005345/
MDLZ,0001628280-26-005345,20251231,ProductOrService,Revenues,Biscuits,18391000000.0,https://www.sec.gov/Archives/edgar/data/1103982/000162828026005345/
MDLZ,0001628280-26-005345,20251231,ProductOrService,Revenues,GumAndCandy,4060000000.0,https://www.sec.gov/Archives/edgar/data/1103982/000162828026005345/
MNST,0001104659-26-020831,20251231,BusinessSegments,RevenueFromContractWithCustomerExcludingAssessedTax,AlcoholBrandsSegment,134720000.0,https://www.sec.gov/Archives/edgar/data/865752/000110465926020831/
MNST,0001104659-26-020831,20251231,BusinessSegments,RevenueFromContractWithCustomerExcludingAssessedTax,MonsterEnergyDrinksSegment,7665871000.0,https://www.sec.gov/Archives/edgar/data/865752/000110465926020831/
MNST,0001104659-26-020831,20251231,BusinessSegments,RevenueFromContractWithCustomerExcludingAssessedTax,StrategicBrandsSegment,468716000.0,https://www.sec.gov/Archives/edgar/data/865752/000110465926020831/
MOS,0001285785-26-000017,20251231,BusinessSegments,RevenueFromContractWithCustomerExcludingAssessedTax,PotashSegment,2658700000.0,https://www.sec.gov/Archives/edgar/data/1285785/000128578526000017/
MOS,0001285785-26-000017,20251231,BusinessSegments,RevenueFromContractWithCustomerExcludingAssessedTax,MosaicFertilizantes,4847300000.0,https://www.sec.gov/Archives/edgar/data/1285785/000128578526000017/
MOS,0001285785-26-000017,20251231,BusinessSegments,RevenueFromContractWithCustomerExcludingAssessedTax,PhosphatesSegment,3877800000.0,https://www.sec.gov/Archives/edgar/data/1285785/000128578526000017/
NEM,0001164727-26-000010,20251231,ProductOrService,RevenueFromContractWithCustomerExcludingAssessedTax,SalesFromConcentrateAndOtherProduction,8339000000.0,https://www.sec.gov/Archives/edgar/data/1164727/000116472726000010/
NEM,0001164727-26-000010,20251231,ProductOrService,RevenueFromContractWithCustomerExcludingAssessedTax,GoldDore,14330000000.0,https://www.sec.gov/Archives/edgar/data/1164727/000116472726000010/
NKE,0000320187-25-000047,20250531,ProductOrService,RevenueFromContractWithCustomerExcludingAssessedTax,Footwear,30967000000.0,https://www.sec.gov/Archives/edgar/data/320187/000032018725000047/
NKE,0000320187-25-000047,20250531,ProductOrService,RevenueFromContractWithCustomerExcludingAssessedTax,SportingEquipment,2223000000.0,https://www.sec.gov/Archives/edgar/data/320187/000032018725000047/
NKE,0000320187-25-000047,20250531,ProductOrService,RevenueFromContractWithCustomerExcludingAssessedTax,Apparel,13045000000.0,https://www.sec.gov/Archives/edgar/data/320187/000032018725000047/
NKE,0000320187-25-000047,20250531,ProductOrService,RevenueFromContractWithCustomerExcludingAssessedTax,ProductAndServiceOther,74000000.0,https://www.sec.gov/Archives/edgar/data/320187/000032018725000047/
NI,0001111711-26-000027,20251231,BusinessSegments,RevenueFromContractWithCustomerExcludingAssessedTax,NIPSCOOperations,3198000000.0,https://www.sec.gov/Archives/edgar/data/1111711/000111171126000027/
NI,0001111711-26-000027,20251231,BusinessSegments,RevenueFromContractWithCustomerExcludingAssessedTax,ColumbiaOperations,3324800000.0,https://www.sec.gov/Archives/edgar/data/1111711/000111171126000027/
NDSN,0000072331-25-000144,20251031,BusinessSegments,RevenueFromContractWithCustomerExcludingAssessedTax,AdvancedTechnologySystems,624510000.0,https://www.sec.gov/Archives/edgar/data/72331/000007233125000144/
NDSN,0000072331-25-000144,20251031,BusinessSegments,RevenueFromContractWithCustomerExcludingAssessedTax,IndustrialPrecisionsSolutions,1331792000.0,https://www.sec.gov/Archives/edgar/data/72331/000007233125000144/
NDSN,0000072331-25-000144,20251031,BusinessSegments,RevenueFromContractWithCustomerExcludingAssessedTax,MedicalFluidSystems,835385000.0,https://www.sec.gov/Archives/edgar/data/72331/000007233125000144/
NSC,0001628280-26-006268,20251231,BusinessSegments,RevenueFromContractWithCustomerExcludingAssessedTax,RailwayOperatingRevenuesMarketGroupCoal,1487000000.0,https://www.sec.gov/Archives/edgar/data/702165/000162828026006268/
NSC,0001628280-26-006268,20251231,BusinessSegments,RevenueFromContractWithCustomerExcludingAssessedTax,ReportableSegment,12180000000.0,https://www.sec.gov/Archives/edgar/data/702165/000162828026006268/
NSC,0001628280-26-006268,20251231,BusinessSegments,RevenueFromContractWithCustomerExcludingAssessedTax,RailwayOperatingRevenuesMarketGroupIntermodal,3009000000.0,https://www.sec.gov/Archives/edgar/data/702165/000162828026006268/
NSC,0001628280-26-006268,20251231,BusinessSegments,RevenueFromContractWithCustomerExcludingAssessedTax,RailwayOperatingRevenuesMarketGroupMerchandise,7684000000.0,https://www.sec.gov/Archives/edgar/data/702165/000162828026006268/
NOC,0001133421-26-000003,20251231,ProductOrService,Revenues,Service,8213000000.0,https://www.sec.gov/Archives/edgar/data/1133421/000113342126000003/
NOC,0001133421-26-000003,20251231,ProductOrService,Revenues,Product,33741000000.0,https://www.sec.gov/Archives/edgar/data/1133421/000113342126000003/
NCLH,0001104659-26-022067,20251231,ProductOrService,RevenueFromContractWithCustomerIncludingAssessedTax,OnboardAndOther,3139925000.0,https://www.sec.gov/Archives/edgar/data/1513761/000110465926022067/
NCLH,0001104659-26-022067,20251231,ProductOrService,RevenueFromContractWithCustomerIncludingAssessedTax,Passenger,6687667000.0,https://www.sec.gov/Archives/edgar/data/1513761/000110465926022067/
NRG,0001013871-26-000004,20251231,ProductOrService,Revenues,OperatingRevenues,30713000000.0,https://www.sec.gov/Archives/edgar/data/1013871/000101387126000004/
NUE,0001193125-26-071575,20251231,ProductOrService,RevenueFromContractWithCustomerExcludingAssessedTax,RawMaterials,2164000000.0,https://www.sec.gov/Archives/edgar/data/73309/000119312526071575/
NUE,0001193125-26-071575,20251231,ProductOrService,RevenueFromContractWithCustomerExcludingAssessedTax,Plate,2492000000.0,https://www.sec.gov/Archives/edgar/data/73309/000119312526071575/
NUE,0001193125-26-071575,20251231,ProductOrService,RevenueFromContractWithCustomerExcludingAssessedTax,Structural,2632000000.0,https://www.sec.gov/Archives/edgar/data/73309/000119312526071575/
NUE,0001193125-26-071575,20251231,ProductOrService,RevenueFromContractWithCustomerExcludingAssessedTax,BuildingSystems,1249000000.0,https://www.sec.gov/Archives/edgar/data/73309/000119312526071575/
NUE,0001193125-26-071575,20251231,ProductOrService,RevenueFromContractWithCustomerExcludingAssessedTax,Bar,5723000000.0,https://www.sec.gov/Archives/edgar/data/73309/000119312526071575/
NUE,0001193125-26-071575,20251231,ProductOrService,RevenueFromContractWithCustomerExcludingAssessedTax,OtherSteelProducts,3522000000.0,https://www.sec.gov/Archives/edgar/data/73309/000119312526071575/
NUE,0001193125-26-071575,20251231,ProductOrService,RevenueFromContractWithCustomerExcludingAssessedTax,JoistAndDeck,2217000000.0,https://www.sec.gov/Archives/edgar/data/73309/000119312526071575/
NUE,0001193125-26-071575,20251231,ProductOrService,RevenueFromContractWithCustomerExcludingAssessedTax,RebarFabrication,1910000000.0,https://www.sec.gov/Archives/edgar/data/73309/000119312526071575/
NUE,0001193125-26-071575,20251231,ProductOrService,RevenueFromContractWithCustomerExcludingAssessedTax,Sheet,9156000000.0,https://www.sec.gov/Archives/edgar/data/73309/000119312526071575/
NUE,0001193125-26-071575,20251231,ProductOrService,RevenueFromContractWithCustomerExcludingAssessedTax,TubularProducts,1429000000.0,https://www.sec.gov/Archives/edgar/data/73309/000119312526071575/
NVR,0000906163-26-000018,20251231,BusinessSegments,Revenues,HomeBuildingSegment,10094269000.0,https://www.sec.gov/Archives/edgar/data/906163/000090616326000018/
NVR,0000906163-26-000018,20251231,BusinessSegments,Revenues,MortgageBankingSegment,229690000.0,https://www.sec.gov/Archives/edgar/data/906163/000090616326000018/
ORLY,0000898173-26-000009,20251231,BusinessSegments,RevenueFromContractWithCustomerExcludingAssessedTax,AutomotiveAftermarketPartsSegment,17781992000.0,https://www.sec.gov/Archives/edgar/data/898173/000089817326000009/
ODFL,0001193125-26-067161,20251231,ProductOrService,RevenueFromContractWithCustomerIncludingAssessedTax,OtherServiceRevenue,50238000.0,https://www.sec.gov/Archives/edgar/data/878927/000119312526067161/
ODFL,0001193125-26-067161,20251231,ProductOrService,RevenueFromContractWithCustomerIncludingAssessedTax,LTLServiceRevenue,5446151000.0,https://www.sec.gov/Archives/edgar/data/878927/000119312526067161/
OKE,0001039684-26-000006,20251231,BusinessSegments,RevenueFromContractWithCustomerExcludingAssessedTax,RefinedProductsAndCrudeOil,13039000000.0,https://www.sec.gov/Archives/edgar/data/1039684/000103968426000006/
OKE,0001039684-26-000006,20251231,BusinessSegments,RevenueFromContractWithCustomerExcludingAssessedTax,NaturalGasGatheringAndProcessing,7684000000.0,https://www.sec.gov/Archives/edgar/data/1039684/000103968426000006/
OKE,0001039684-26-000006,20251231,BusinessSegments,RevenueFromContractWithCustomerExcludingAssessedTax,WhollyOwnedInterstateNaturalGasPipelines,1846000000.0,https://www.sec.gov/Archives/edgar/data/1039684/000103968426000006/
OKE,0001039684-26-000006,20251231,BusinessSegments,RevenueFromContractWithCustomerExcludingAssessedTax,NaturalGasLiquids,16010000000.0,https://www.sec.gov/Archives/edgar/data/1039684/000103968426000006/
OTIS,0001781335-26-000011,20251231,BusinessSegments,RevenueFromContractWithCustomerExcludingAssessedTax,NewEquipment,4989000000.0,https://www.sec.gov/Archives/edgar/data/1781335/000178133526000011/
OTIS,0001781335-26-000011,20251231,BusinessSegments,RevenueFromContractWithCustomerExcludingAssessedTax,Services,9442000000.0,https://www.sec.gov/Archives/edgar/data/1781335/000178133526000011/
PCAR,0001193125-26-057025,20251231,ProductOrService,Revenues,TruckPartsAndOther,26235100000.0,https://www.sec.gov/Archives/edgar/data/75362/000119312526057025/
PCAR,0001193125-26-057025,20251231,ProductOrService,Revenues,FinancialServices,2209700000.0,https://www.sec.gov/Archives/edgar/data/75362/000119312526057025/
PKG,0001193125-26-074129,20251231,ProductOrService,RevenueFromContractWithCustomerExcludingAssessedTax,Intersegment,154100000.0,https://www.sec.gov/Archives/edgar/data/75677/000119312526074129/
PKG,0001193125-26-074129,20251231,ProductOrService,RevenueFromContractWithCustomerExcludingAssessedTax,Trade,8989300000.0,https://www.sec.gov/Archives/edgar/data/75677/000119312526074129/
PH,0000076334-25-000035,20250630,BusinessSegments,RevenueFromContractWithCustomerExcludingAssessedTax,DiversifiedIndustrialSegment,13665000000.0,https://www.sec.gov/Archives/edgar/data/76334/000007633425000035/
PH,0000076334-25-000035,20250630,BusinessSegments,RevenueFromContractWithCustomerExcludingAssessedTax,AerospaceSystemsSegment,6185000000.0,https://www.sec.gov/Archives/edgar/data/76334/000007633425000035/
PAYX,0000950170-25-095300,20250531,ProductOrService,RevenueFromContractWithCustomerExcludingAssessedTax,ManagementSolutions,4067100000.0,https://www.sec.gov/Archives/edgar/data/723531/000095017025095300/
PAYX,0000950170-25-095300,20250531,ProductOrService,RevenueFromContractWithCustomerExcludingAssessedTax,PeoAndInsuranceSolutions,1342900000.0,https://www.sec.gov/Archives/edgar/data/723531/000095017025095300/
PNR,0000077360-26-000007,20251231,BusinessSegments,RevenueFromContractWithCustomerExcludingAssessedTax,WaterSolutions,1062100000.0,https://www.sec.gov/Archives/edgar/data/77360/000007736026000007/
PNR,0000077360-26-000007,20251231,BusinessSegments,RevenueFromContractWithCustomerExcludingAssessedTax,Pool,1558800000.0,https://www.sec.gov/Archives/edgar/data/77360/000007736026000007/
PNR,0000077360-26-000007,20251231,BusinessSegments,RevenueFromContractWithCustomerExcludingAssessedTax,Flow,1553600000.0,https://www.sec.gov/Archives/edgar/data/77360/000007736026000007/
PEP,0000077476-26-000007,20251231,BusinessSegments,Revenues,InternationalBeverageFranchise,4997000000.0,https://www.sec.gov/Archives/edgar/data/77476/000007747626000007/
PEP,0000077476-26-000007,20251231,BusinessSegments,Revenues,AsiaPacificFoodsSegment,4629000000.0,https://www.sec.gov/Archives/edgar/data/77476/000007747626000007/
PEP,0000077476-26-000007,20251231,BusinessSegments,Revenues,PepsiCoBeveragesNorthAmerica,28197000000.0,https://www.sec.gov/Archives/edgar/data/77476/000007747626000007/
PEP,0000077476-26-000007,20251231,BusinessSegments,Revenues,PepsiCoFoodsNorthAmerica,27528000000.0,https://www.sec.gov/Archives/edgar/data/77476/000007747626000007/
PEP,0000077476-26-000007,20251231,BusinessSegments,Revenues,LatinAmericaFoodsSegment,10549000000.0,https://www.sec.gov/Archives/edgar/data/77476/000007747626000007/
PEP,0000077476-26-000007,20251231,BusinessSegments,Revenues,EuropeMiddleEastAfricaSegment,18025000000.0,https://www.sec.gov/Archives/edgar/data/77476/000007747626000007/
PCG,0001004980-26-000009,20251231,ProductOrService,Revenues,NaturalGasUsRegulated,6617000000.0,https://www.sec.gov/Archives/edgar/data/1004980/000100498026000009/
PCG,0001004980-26-000009,20251231,ProductOrService,Revenues,Electricity,18318000000.0,https://www.sec.gov/Archives/edgar/data/1004980/000100498026000009/
PM,0001628280-26-005939,20251231,ProductOrService,RevenueFromContractWithCustomerExcludingAssessedTax,CombustibleTobaccoProducts,23794000000.0,https://www.sec.gov/Archives/edgar/data/1413329/000162828026005939/
PM,0001628280-26-005939,20251231,ProductOrService,RevenueFromContractWithCustomerExcludingAssessedTax,SmokeFreeProducts,16854000000.0,https://www.sec.gov/Archives/edgar/data/1413329/000162828026005939/
PSX,0001534701-26-000006,20251231,BusinessSegments,RevenueFromContractWithCustomerExcludingAssessedTax,ChemicalsSegment,0.0,https://www.sec.gov/Archives/edgar/data/1534701/000153470126000006/
PSX,0001534701-26-000006,20251231,BusinessSegments,RevenueFromContractWithCustomerExcludingAssessedTax,MidstreamSegment,18577000000.0,https://www.sec.gov/Archives/edgar/data/1534701/000153470126000006/
PSX,0001534701-26-000006,20251231,BusinessSegments,RevenueFromContractWithCustomerExcludingAssessedTax,RefiningSegment,26872000000.0,https://www.sec.gov/Archives/edgar/data/1534701/000153470126000006/
PSX,0001534701-26-000006,20251231,BusinessSegments,RevenueFromContractWithCustomerExcludingAssessedTax,RenewableFuels,6178000000.0,https://www.sec.gov/Archives/edgar/data/1534701/000153470126000006/
PSX,0001534701-26-000006,20251231,BusinessSegments,RevenueFromContractWithCustomerExcludingAssessedTax,MarketingSpecialitySegment,85897000000.0,https://www.sec.gov/Archives/edgar/data/1534701/000153470126000006/
PPG,0000079879-26-000046,20251231,BusinessSegments,RevenueFromContractWithCustomerExcludingAssessedTax,PerformanceCoatings,5513000000.0,https://www.sec.gov/Archives/edgar/data/79879/000007987926000046/
PPG,0000079879-26-000046,20251231,BusinessSegments,RevenueFromContractWithCustomerExcludingAssessedTax,IndustrialCoatings,6524000000.0,https://www.sec.gov/Archives/edgar/data/79879/000007987926000046/
PPG,0000079879-26-000046,20251231,BusinessSegments,RevenueFromContractWithCustomerExcludingAssessedTax,GlobalArchitecturalCoatings,3838000000.0,https://www.sec.gov/Archives/edgar/data/79879/000007987926000046/
PPL,0000922224-26-000008,20251231,BusinessSegments,Revenues,PennsylvaniaRegulated,3113000000.0,https://www.sec.gov/Archives/edgar/data/922224/000092222426000008/
PPL,0000922224-26-000008,20251231,BusinessSegments,Revenues,RhodeIslandRegulated,2168000000.0,https://www.sec.gov/Archives/edgar/data/922224/000092222426000008/
PPL,0000922224-26-000008,20251231,BusinessSegments,Revenues,KentuckyRegulated,3760000000.0,https://www.sec.gov/Archives/edgar/data/922224/000092222426000008/
PG,0000080424-25-000076,20250630,BusinessSegments,Revenues,GroomingSegment,6662000000.0,https://www.sec.gov/Archives/edgar/data/80424/000008042425000076/
PG,0000080424-25-000076,20250630,BusinessSegments,Revenues,BeautySegment,14964000000.0,https://www.sec.gov/Archives/edgar/data/80424/000008042425000076/
PG,0000080424-25-000076,20250630,BusinessSegments,Revenues,BabyFeminineFamilyCareSegment,20248000000.0,https://www.sec.gov/Archives/edgar/data/80424/000008042425000076/
PG,0000080424-25-000076,20250630,BusinessSegments,Revenues,HealthCareSegment,11998000000.0,https://www.sec.gov/Archives/edgar/data/80424/000008042425000076/
PG,0000080424-25-000076,20250630,BusinessSegments,Revenues,FabricHomeCareSegment,29617000000.0,https://www.sec.gov/Archives/edgar/data/80424/000008042425000076/
PEG,0001193125-26-077446,20251231,BusinessSegments,Revenues,PublicServiceElectricandGasCompany,9558000000.0,https://www.sec.gov/Archives/edgar/data/788784/000119312526077446/
PEG,0001193125-26-077446,20251231,BusinessSegments,Revenues,PSEGPowerOther,3722000000.0,https://www.sec.gov/Archives/edgar/data/788784/000119312526077446/
PHM,0000822416-26-000007,20251231,BusinessSegments,RevenueFromContractWithCustomerExcludingAssessedTax,FinancialServices,388667000.0,https://www.sec.gov/Archives/edgar/data/822416/000082241626000007/
PHM,0000822416-26-000007,20251231,BusinessSegments,RevenueFromContractWithCustomerExcludingAssessedTax,HomeBuildingSegment,16923286000.0,https://www.sec.gov/Archives/edgar/data/822416/000082241626000007/
PWR,0001050915-26-000006,20251231,BusinessSegments,RevenueFromContractWithCustomerExcludingAssessedTax,UndergroundAndInfrastructure,5478229000.0,https://www.sec.gov/Archives/edgar/data/1050915/000105091526000006/
PWR,0001050915-26-000006,20251231,BusinessSegments,RevenueFromContractWithCustomerExcludingAssessedTax,ElectricPower,23001468000.0,https://www.sec.gov/Archives/edgar/data/1050915/000105091526000006/
RL,0001628280-26-037074,20260331,BusinessSegments,Revenues,AsiaSegment,2103500000.0,https://www.sec.gov/Archives/edgar/data/1037038/000162828026037074/
RL,0001628280-26-037074,20260331,BusinessSegments,Revenues,EuropeSegment,2538900000.0,https://www.sec.gov/Archives/edgar/data/1037038/000162828026037074/
RL,0001628280-26-037074,20260331,BusinessSegments,Revenues,NorthAmericaSegment,3329600000.0,https://www.sec.gov/Archives/edgar/data/1037038/000162828026037074/
RL,0001628280-26-037074,20260331,BusinessSegments,Revenues,OtherNonReportableSegmentRelated,142500000.0,https://www.sec.gov/Archives/edgar/data/1037038/000162828026037074/
RTX,0000101829-26-000006,20251231,ProductOrService,RevenueFromContractWithCustomerExcludingAssessedTax,Service,24432000000.0,https://www.sec.gov/Archives/edgar/data/101829/000010182926000006/
RTX,0000101829-26-000006,20251231,ProductOrService,RevenueFromContractWithCustomerExcludingAssessedTax,Product,64171000000.0,https://www.sec.gov/Archives/edgar/data/101829/000010182926000006/
RSG,0001060391-26-000094,20251231,ProductOrService,RevenueFromContractWithCustomerExcludingAssessedTax,OtherServiceLine,824000000.0,https://www.sec.gov/Archives/edgar/data/1060391/000106039126000094/
RSG,0001060391-26-000094,20251231,ProductOrService,RevenueFromContractWithCustomerExcludingAssessedTax,OtherServiceLineSaleOfRecycledCommodities,433000000.0,https://www.sec.gov/Archives/edgar/data/1060391/000106039126000094/
RSG,0001060391-26-000094,20251231,ProductOrService,RevenueFromContractWithCustomerExcludingAssessedTax,TransferServiceLine,848000000.0,https://www.sec.gov/Archives/edgar/data/1060391/000106039126000094/
RSG,0001060391-26-000094,20251231,ProductOrService,RevenueFromContractWithCustomerExcludingAssessedTax,CollectionServiceLineLargecontainer,3098000000.0,https://www.sec.gov/Archives/edgar/data/1060391/000106039126000094/
RSG,0001060391-26-000094,20251231,ProductOrService,RevenueFromContractWithCustomerExcludingAssessedTax,EnvironmentalSolutionsServiceLine,1828000000.0,https://www.sec.gov/Archives/edgar/data/1060391/000106039126000094/
RSG,0001060391-26-000094,20251231,ProductOrService,RevenueFromContractWithCustomerExcludingAssessedTax,LandfillServiceLine,1920000000.0,https://www.sec.gov/Archives/edgar/data/1060391/000106039126000094/
RSG,0001060391-26-000094,20251231,ProductOrService,RevenueFromContractWithCustomerExcludingAssessedTax,CollectionServiceLineSmallcontainer,5055000000.0,https://www.sec.gov/Archives/edgar/data/1060391/000106039126000094/
RSG,0001060391-26-000094,20251231,ProductOrService,RevenueFromContractWithCustomerExcludingAssessedTax,OtherServiceLineOtherNoncore,391000000.0,https://www.sec.gov/Archives/edgar/data/1060391/000106039126000094/
RSG,0001060391-26-000094,20251231,ProductOrService,RevenueFromContractWithCustomerExcludingAssessedTax,CollectionServiceLineOther,70000000.0,https://www.sec.gov/Archives/edgar/data/1060391/000106039126000094/
RSG,0001060391-26-000094,20251231,ProductOrService,RevenueFromContractWithCustomerExcludingAssessedTax,CollectionServiceLine,11233000000.0,https://www.sec.gov/Archives/edgar/data/1060391/000106039126000094/
RSG,0001060391-26-000094,20251231,ProductOrService,RevenueFromContractWithCustomerExcludingAssessedTax,CollectionServiceLineResidential,3010000000.0,https://www.sec.gov/Archives/edgar/data/1060391/000106039126000094/
ROK,0001024478-25-000116,20250930,ProductOrService,RevenueFromContractWithCustomerExcludingAssessedTax,ProductsandSolutions,7364000000.0,https://www.sec.gov/Archives/edgar/data/1024478/000102447825000116/
ROK,0001024478-25-000116,20250930,ProductOrService,RevenueFromContractWithCustomerExcludingAssessedTax,Service,978000000.0,https://www.sec.gov/Archives/edgar/data/1024478/000102447825000116/
ROL,0000084839-26-000008,20251231,ProductOrService,RevenueFromContractWithCustomerExcludingAssessedTax,Franchise,16034000.0,https://www.sec.gov/Archives/edgar/data/84839/000008483926000008/
ROL,0000084839-26-000008,20251231,ProductOrService,RevenueFromContractWithCustomerExcludingAssessedTax,CommercialRevenue,1244733000.0,https://www.sec.gov/Archives/edgar/data/84839/000008483926000008/
ROL,0000084839-26-000008,20251231,ProductOrService,RevenueFromContractWithCustomerExcludingAssessedTax,OtherRevenues,25497000.0,https://www.sec.gov/Archives/edgar/data/84839/000008483926000008/
ROL,0000084839-26-000008,20251231,ProductOrService,RevenueFromContractWithCustomerExcludingAssessedTax,ResidentialRevenue,1693244000.0,https://www.sec.gov/Archives/edgar/data/84839/000008483926000008/
ROL,0000084839-26-000008,20251231,ProductOrService,RevenueFromContractWithCustomerExcludingAssessedTax,TermiteAndAncillaryRevenues,781542000.0,https://www.sec.gov/Archives/edgar/data/84839/000008483926000008/
ROST,0000745732-26-000006,20260131,BusinessSegments,RevenueFromContractWithCustomerExcludingAssessedTax,ReportableSegment,22750559000.0,https://www.sec.gov/Archives/edgar/data/745732/000074573226000006/
RCL,0000884887-26-000007,20251231,ProductOrService,RevenueFromContractWithCustomerExcludingAssessedTax,ProductAndServiceOther,5419000000.0,https://www.sec.gov/Archives/edgar/data/884887/000088488726000007/
RCL,0000884887-26-000007,20251231,ProductOrService,RevenueFromContractWithCustomerExcludingAssessedTax,OtherProductsAndServices,864000000.0,https://www.sec.gov/Archives/edgar/data/884887/000088488726000007/
RCL,0000884887-26-000007,20251231,ProductOrService,RevenueFromContractWithCustomerExcludingAssessedTax,Passenger,12515000000.0,https://www.sec.gov/Archives/edgar/data/884887/000088488726000007/
RCL,0000884887-26-000007,20251231,ProductOrService,RevenueFromContractWithCustomerExcludingAssessedTax,PortCosts,1300000000.0,https://www.sec.gov/Archives/edgar/data/884887/000088488726000007/
RCL,0000884887-26-000007,20251231,ProductOrService,RevenueFromContractWithCustomerExcludingAssessedTax,CruiseItinerary,17071000000.0,https://www.sec.gov/Archives/edgar/data/884887/000088488726000007/
SLB,0001193125-26-021017,20251231,ProductOrService,RevenueFromContractWithCustomerExcludingAssessedTax,Product,14508000000.0,https://www.sec.gov/Archives/edgar/data/87347/000119312526021017/
SLB,0001193125-26-021017,20251231,ProductOrService,RevenueFromContractWithCustomerExcludingAssessedTax,Service,21200000000.0,https://www.sec.gov/Archives/edgar/data/87347/000119312526021017/
SRE,0001032208-26-000010,20251231,BusinessSegments,RegulatedAndUnregulatedOperatingRevenue,SempraInfrastructure,1965000000.0,https://www.sec.gov/Archives/edgar/data/1032208/000103220826000010/
SRE,0001032208-26-000010,20251231,BusinessSegments,RegulatedAndUnregulatedOperatingRevenue,SempraCalifornia,11818000000.0,https://www.sec.gov/Archives/edgar/data/1032208/000103220826000010/
SHW,0000089800-26-000008,20251231,BusinessSegments,RevenueFromContractWithCustomerExcludingAssessedTax,PaintStoresGroup,13605900000.0,https://www.sec.gov/Archives/edgar/data/89800/000008980026000008/
SHW,0000089800-26-000008,20251231,BusinessSegments,RevenueFromContractWithCustomerExcludingAssessedTax,ConsumerBrandsGroup,8554600000.0,https://www.sec.gov/Archives/edgar/data/89800/000008980026000008/
SHW,0000089800-26-000008,20251231,BusinessSegments,RevenueFromContractWithCustomerExcludingAssessedTax,PerformanceCoatingsGroup,6821800000.0,https://www.sec.gov/Archives/edgar/data/89800/000008980026000008/
SJM,0000091419-26-000050,20260430,BusinessSegments,RevenueFromContractWithCustomerIncludingAssessedTax,AwayFromHome,879000000.0,https://www.sec.gov/Archives/edgar/data/91419/000009141926000050/
SJM,0000091419-26-000050,20260430,BusinessSegments,RevenueFromContractWithCustomerIncludingAssessedTax,SweetBakedSnacks,971300000.0,https://www.sec.gov/Archives/edgar/data/91419/000009141926000050/
SJM,0000091419-26-000050,20260430,BusinessSegments,RevenueFromContractWithCustomerIncludingAssessedTax,U.S.RetailCoffee,3304900000.0,https://www.sec.gov/Archives/edgar/data/91419/000009141926000050/
SJM,0000091419-26-000050,20260430,BusinessSegments,RevenueFromContractWithCustomerIncludingAssessedTax,U.S.RetailFrozenHandheldAndSpreads,1853900000.0,https://www.sec.gov/Archives/edgar/data/91419/000009141926000050/
SJM,0000091419-26-000050,20260430,BusinessSegments,RevenueFromContractWithCustomerIncludingAssessedTax,U.S.RetailPetFoods,1600000000.0,https://www.sec.gov/Archives/edgar/data/91419/000009141926000050/
SNA,0000091440-26-000045,20251231,BusinessSegments,Revenues,ToolsGroup,1964900000.0,https://www.sec.gov/Archives/edgar/data/91440/000009144026000045/
SNA,0000091440-26-000045,20251231,BusinessSegments,Revenues,RepairSystemsAndInformationGroup,1877100000.0,https://www.sec.gov/Archives/edgar/data/91440/000009144026000045/
SNA,0000091440-26-000045,20251231,BusinessSegments,Revenues,CommercialAndIndustrialGroup,1457500000.0,https://www.sec.gov/Archives/edgar/data/91440/000009144026000045/
SNA,0000091440-26-000045,20251231,BusinessSegments,Revenues,FinancialServices,412900000.0,https://www.sec.gov/Archives/edgar/data/91440/000009144026000045/
SO,0000092122-26-000006,20251231,ProductOrService,Revenues,ProductAndServiceOther,1284000000.0,https://www.sec.gov/Archives/edgar/data/92122/000009212226000006/
SO,0000092122-26-000006,20251231,ProductOrService,Revenues,NaturalGas,5044000000.0,https://www.sec.gov/Archives/edgar/data/92122/000009212226000006/
SO,0000092122-26-000006,20251231,ProductOrService,Revenues,Retail,19331000000.0,https://www.sec.gov/Archives/edgar/data/92122/000009212226000006/
SO,0000092122-26-000006,20251231,ProductOrService,Revenues,OtherElectricRevenue,953000000.0,https://www.sec.gov/Archives/edgar/data/92122/000009212226000006/
SO,0000092122-26-000006,20251231,ProductOrService,Revenues,WholesaleElectric,2941000000.0,https://www.sec.gov/Archives/edgar/data/92122/000009212226000006/
LUV,0000092380-26-000004,20251231,ProductOrService,RevenueFromContractWithCustomerExcludingAssessedTax,CargoAndFreight,171000000.0,https://www.sec.gov/Archives/edgar/data/92380/000009238026000004/
LUV,0000092380-26-000004,20251231,ProductOrService,RevenueFromContractWithCustomerExcludingAssessedTax,PassengerLoyaltyAirTransportation,3259000000.0,https://www.sec.gov/Archives/edgar/data/92380/000009238026000004/
LUV,0000092380-26-000004,20251231,ProductOrService,RevenueFromContractWithCustomerExcludingAssessedTax,PassengerRevenueNonLoyalty,20441000000.0,https://www.sec.gov/Archives/edgar/data/92380/000009238026000004/
LUV,0000092380-26-000004,20251231,ProductOrService,RevenueFromContractWithCustomerExcludingAssessedTax,OtherRevenue,2600000000.0,https://www.sec.gov/Archives/edgar/data/92380/000009238026000004/
LUV,0000092380-26-000004,20251231,ProductOrService,RevenueFromContractWithCustomerExcludingAssessedTax,Passenger,25535000000.0,https://www.sec.gov/Archives/edgar/data/92380/000009238026000004/
LUV,0000092380-26-000004,20251231,ProductOrService,RevenueFromContractWithCustomerExcludingAssessedTax,ProductAndServiceOther,2357000000.0,https://www.sec.gov/Archives/edgar/data/92380/000009238026000004/
LUV,0000092380-26-000004,20251231,ProductOrService,RevenueFromContractWithCustomerExcludingAssessedTax,PassengerAncillarySoldSeparately,1835000000.0,https://www.sec.gov/Archives/edgar/data/92380/000009238026000004/
SWK,0000093556-26-000009,20251231,BusinessSegments,Revenues,EngineeredFasteningSegment,1972200000.0,https://www.sec.gov/Archives/edgar/data/93556/000009355626000009/
SWK,0000093556-26-000009,20251231,BusinessSegments,Revenues,ToolsAndOutdoorSegment,13158200000.0,https://www.sec.gov/Archives/edgar/data/93556/000009355626000009/
SBUX,0000829224-25-000114,20250930,BusinessSegments,Revenues,ChannelDevelopment,1871700000.0,https://www.sec.gov/Archives/edgar/data/829224/000082922425000114/
SBUX,0000829224-25-000114,20250930,BusinessSegments,Revenues,InternationalSegment,7819900000.0,https://www.sec.gov/Archives/edgar/data/829224/000082922425000114/
SBUX,0000829224-25-000114,20250930,BusinessSegments,Revenues,NorthAmericaSegment,27373100000.0,https://www.sec.gov/Archives/edgar/data/829224/000082922425000114/
SYY,0000096021-25-000099,20250630,ProductOrService,RevenueFromContractWithCustomerExcludingAssessedTax,BeverageProducts1,2986000000.0,https://www.sec.gov/Archives/edgar/data/96021/000009602125000099/
SYY,0000096021-25-000099,20250630,ProductOrService,RevenueFromContractWithCustomerExcludingAssessedTax,CannedAndDryProducts1,14645000000.0,https://www.sec.gov/Archives/edgar/data/96021/000009602125000099/
SYY,0000096021-25-000099,20250630,ProductOrService,RevenueFromContractWithCustomerExcludingAssessedTax,Seafood1,2779000000.0,https://www.sec.gov/Archives/edgar/data/96021/000009602125000099/
SYY,0000096021-25-000099,20250630,ProductOrService,RevenueFromContractWithCustomerExcludingAssessedTax,FreshAndFrozenMeats1,15186000000.0,https://www.sec.gov/Archives/edgar/data/96021/000009602125000099/
SYY,0000096021-25-000099,20250630,ProductOrService,RevenueFromContractWithCustomerExcludingAssessedTax,FreshProduce1,6632000000.0,https://www.sec.gov/Archives/edgar/data/96021/000009602125000099/
SYY,0000096021-25-000099,20250630,ProductOrService,RevenueFromContractWithCustomerExcludingAssessedTax,Poultry1,8136000000.0,https://www.sec.gov/Archives/edgar/data/96021/000009602125000099/
SYY,0000096021-25-000099,20250630,ProductOrService,RevenueFromContractWithCustomerExcludingAssessedTax,DairyProducts1,8686000000.0,https://www.sec.gov/Archives/edgar/data/96021/000009602125000099/
SYY,0000096021-25-000099,20250630,ProductOrService,RevenueFromContractWithCustomerExcludingAssessedTax,OtherProducts,2649000000.0,https://www.sec.gov/Archives/edgar/data/96021/000009602125000099/
SYY,0000096021-25-000099,20250630,ProductOrService,RevenueFromContractWithCustomerExcludingAssessedTax,PaperAndDisposables1,5495000000.0,https://www.sec.gov/Archives/edgar/data/96021/000009602125000099/
SYY,0000096021-25-000099,20250630,ProductOrService,RevenueFromContractWithCustomerExcludingAssessedTax,EquipmentAndSmallwares,1889000000.0,https://www.sec.gov/Archives/edgar/data/96021/000009602125000099/
SYY,0000096021-25-000099,20250630,ProductOrService,RevenueFromContractWithCustomerExcludingAssessedTax,FrozenFruitsVegetablesBakeryAndOther1,12287000000.0,https://www.sec.gov/Archives/edgar/data/96021/000009602125000099/
TPR,0001116132-25-000019,20250630,ProductOrService,RevenueFromContractWithCustomerExcludingAssessedTax,Accessories,1809300000.0,https://www.sec.gov/Archives/edgar/data/1116132/000111613225000019/
TPR,0001116132-25-000019,20250630,ProductOrService,RevenueFromContractWithCustomerExcludingAssessedTax,Other,742300000.0,https://www.sec.gov/Archives/edgar/data/1116132/000111613225000019/
TPR,0001116132-25-000019,20250630,ProductOrService,RevenueFromContractWithCustomerExcludingAssessedTax,Footwear,612800000.0,https://www.sec.gov/Archives/edgar/data/1116132/000111613225000019/
TPR,0001116132-25-000019,20250630,ProductOrService,RevenueFromContractWithCustomerExcludingAssessedTax,Handbags,3846300000.0,https://www.sec.gov/Archives/edgar/data/1116132/000111613225000019/
TRGP,0001193125-26-059296,20251231,ProductOrService,Revenues,Service,2624800000.0,https://www.sec.gov/Archives/edgar/data/1389170/000119312526059296/
TRGP,0001193125-26-059296,20251231,ProductOrService,Revenues,Product,14403500000.0,https://www.sec.gov/Archives/edgar/data/1389170/000119312526059296/
TGT,0000027419-26-000016,20260131,BusinessSegments,RevenueFromContractWithCustomerExcludingAssessedTax,ReportableSegment,104780000000.0,https://www.sec.gov/Archives/edgar/data/27419/000002741926000016/
TSLA,0001628280-26-003952,20251231,ProductOrService,RevenueFromContractWithCustomerExcludingAssessedTax,AutomotiveSales,65821000000.0,https://www.sec.gov/Archives/edgar/data/1318605/000162828026003952/
TSLA,0001628280-26-003952,20251231,ProductOrService,RevenueFromContractWithCustomerExcludingAssessedTax,EnergyGenerationAndStorage,12771000000.0,https://www.sec.gov/Archives/edgar/data/1318605/000162828026003952/
TSLA,0001628280-26-003952,20251231,ProductOrService,RevenueFromContractWithCustomerExcludingAssessedTax,AutomotiveRevenues,69526000000.0,https://www.sec.gov/Archives/edgar/data/1318605/000162828026003952/
TSLA,0001628280-26-003952,20251231,ProductOrService,RevenueFromContractWithCustomerExcludingAssessedTax,EnergyGenerationAndStorageLeasing,501000000.0,https://www.sec.gov/Archives/edgar/data/1318605/000162828026003952/
TSLA,0001628280-26-003952,20251231,ProductOrService,RevenueFromContractWithCustomerExcludingAssessedTax,ServicesAndOther,12530000000.0,https://www.sec.gov/Archives/edgar/data/1318605/000162828026003952/
TSLA,0001628280-26-003952,20251231,ProductOrService,RevenueFromContractWithCustomerExcludingAssessedTax,EnergyGenerationAndStorageSales,12270000000.0,https://www.sec.gov/Archives/edgar/data/1318605/000162828026003952/
TSLA,0001628280-26-003952,20251231,ProductOrService,RevenueFromContractWithCustomerExcludingAssessedTax,AutomotiveLeasing,1712000000.0,https://www.sec.gov/Archives/edgar/data/1318605/000162828026003952/
TSLA,0001628280-26-003952,20251231,ProductOrService,RevenueFromContractWithCustomerExcludingAssessedTax,AutomotiveRegulatoryCredits,1993000000.0,https://www.sec.gov/Archives/edgar/data/1318605/000162828026003952/
TSLA,0001628280-26-003952,20251231,ProductOrService,RevenueFromContractWithCustomerExcludingAssessedTax,SalesAndServices,92614000000.0,https://www.sec.gov/Archives/edgar/data/1318605/000162828026003952/
TPL,0001811074-26-000018,20251231,ProductOrService,RevenueFromContractWithCustomerExcludingAssessedTax,WaterSalesAndRoyalties,169701000.0,https://www.sec.gov/Archives/edgar/data/1811074/000181107426000018/
TPL,0001811074-26-000018,20251231,ProductOrService,RevenueFromContractWithCustomerExcludingAssessedTax,OilAndGasRoyalties,411677000.0,https://www.sec.gov/Archives/edgar/data/1811074/000181107426000018/
TPL,0001811074-26-000018,20251231,ProductOrService,RevenueFromContractWithCustomerExcludingAssessedTax,ProducedWaterRoyalties,124218000.0,https://www.sec.gov/Archives/edgar/data/1811074/000181107426000018/
TPL,0001811074-26-000018,20251231,ProductOrService,RevenueFromContractWithCustomerExcludingAssessedTax,EasementandSundry,91775000.0,https://www.sec.gov/Archives/edgar/data/1811074/000181107426000018/
TPL,0001811074-26-000018,20251231,ProductOrService,RevenueFromContractWithCustomerExcludingAssessedTax,LandSales,819000.0,https://www.sec.gov/Archives/edgar/data/1811074/000181107426000018/
TXT,0000217346-26-000006,20251231,BusinessSegments,Revenues,Bell,4282000000.0,https://www.sec.gov/Archives/edgar/data/217346/000021734626000006/
TXT,0000217346-26-000006,20251231,BusinessSegments,Revenues,TextronEAviationSegment,27000000.0,https://www.sec.gov/Archives/edgar/data/217346/000021734626000006/
TXT,0000217346-26-000006,20251231,BusinessSegments,Revenues,TextronSystems,1247000000.0,https://www.sec.gov/Archives/edgar/data/217346/000021734626000006/
TXT,0000217346-26-000006,20251231,BusinessSegments,Revenues,Finance,75000000.0,https://www.sec.gov/Archives/edgar/data/217346/000021734626000006/
TXT,0000217346-26-000006,20251231,BusinessSegments,Revenues,TextronAviation,5955000000.0,https://www.sec.gov/Archives/edgar/data/217346/000021734626000006/
TXT,0000217346-26-000006,20251231,BusinessSegments,Revenues,Industrial,3213000000.0,https://www.sec.gov/Archives/edgar/data/217346/000021734626000006/
TJX,0000109198-26-000008,20260131,BusinessSegments,RevenueFromContractWithCustomerIncludingAssessedTax,TJXInternational,7986000000.0,https://www.sec.gov/Archives/edgar/data/109198/000010919826000008/
TJX,0000109198-26-000008,20260131,BusinessSegments,RevenueFromContractWithCustomerIncludingAssessedTax,Marmaxx,36585000000.0,https://www.sec.gov/Archives/edgar/data/109198/000010919826000008/
TJX,0000109198-26-000008,20260131,BusinessSegments,RevenueFromContractWithCustomerIncludingAssessedTax,TjxCanada,5629000000.0,https://www.sec.gov/Archives/edgar/data/109198/000010919826000008/
TJX,0000109198-26-000008,20260131,BusinessSegments,RevenueFromContractWithCustomerIncludingAssessedTax,HomeGoods,10172000000.0,https://www.sec.gov/Archives/edgar/data/109198/000010919826000008/
TSCO,0000916365-26-000014,20241231,BusinessSegments,Revenues,ReportableSegment,14883231000.0,https://www.sec.gov/Archives/edgar/data/916365/000091636526000014/
TT,0001628280-26-005731,20251231,ProductOrService,RevenueFromContractWithCustomerExcludingAssessedTax,Product,13982300000.0,https://www.sec.gov/Archives/edgar/data/1466258/000162828026005731/
TT,0001628280-26-005731,20251231,ProductOrService,RevenueFromContractWithCustomerExcludingAssessedTax,Service,7339600000.0,https://www.sec.gov/Archives/edgar/data/1466258/000162828026005731/
TDG,0001260221-25-000081,20250930,BusinessSegments,Revenues,Airframe,4112000000.0,https://www.sec.gov/Archives/edgar/data/1260221/000126022125000081/
TDG,0001260221-25-000081,20250930,BusinessSegments,Revenues,NonAviationRelatedBusiness,160000000.0,https://www.sec.gov/Archives/edgar/data/1260221/000126022125000081/
TDG,0001260221-25-000081,20250930,BusinessSegments,Revenues,PowerAndControl,4559000000.0,https://www.sec.gov/Archives/edgar/data/1260221/000126022125000081/
TSN,0000100493-25-000095,20250930,BusinessSegments,Revenues,Beef,21623000000.0,https://www.sec.gov/Archives/edgar/data/100493/000010049325000095/
TSN,0000100493-25-000095,20250930,BusinessSegments,Revenues,Chicken,16837000000.0,https://www.sec.gov/Archives/edgar/data/100493/000010049325000095/
TSN,0000100493-25-000095,20250930,BusinessSegments,Revenues,Pork,5781000000.0,https://www.sec.gov/Archives/edgar/data/100493/000010049325000095/
TSN,0000100493-25-000095,20250930,BusinessSegments,Revenues,PreparedFoods,9930000000.0,https://www.sec.gov/Archives/edgar/data/100493/000010049325000095/
UBER,0001543151-26-000015,20251231,BusinessSegments,Revenues,Delivery,17248000000.0,https://www.sec.gov/Archives/edgar/data/1543151/000154315126000015/
UBER,0001543151-26-000015,20251231,BusinessSegments,Revenues,Freight,5099000000.0,https://www.sec.gov/Archives/edgar/data/1543151/000154315126000015/
UBER,0001543151-26-000015,20251231,BusinessSegments,Revenues,Mobility,29670000000.0,https://www.sec.gov/Archives/edgar/data/1543151/000154315126000015/
UNP,0000100885-26-000037,20251231,ProductOrService,RevenueFromContractWithCustomerExcludingAssessedTax,ProductAndServiceOther,1290000000.0,https://www.sec.gov/Archives/edgar/data/100885/000010088526000037/
UNP,0000100885-26-000037,20251231,ProductOrService,RevenueFromContractWithCustomerExcludingAssessedTax,CargoAndFreight,23220000000.0,https://www.sec.gov/Archives/edgar/data/100885/000010088526000037/
UAL,0000100517-26-000023,20251231,ProductOrService,RevenueFromContractWithCustomerExcludingAssessedTax,PassengerAncillaryFees,4800000000.0,https://www.sec.gov/Archives/edgar/data/100517/000010051726000023/
UAL,0000100517-26-000023,20251231,ProductOrService,RevenueFromContractWithCustomerExcludingAssessedTax,ProductAndServiceOther,3853000000.0,https://www.sec.gov/Archives/edgar/data/100517/000010051726000023/
UAL,0000100517-26-000023,20251231,ProductOrService,RevenueFromContractWithCustomerExcludingAssessedTax,CargoAndFreight,1779000000.0,https://www.sec.gov/Archives/edgar/data/100517/000010051726000023/
UAL,0000100517-26-000023,20251231,ProductOrService,RevenueFromContractWithCustomerExcludingAssessedTax,Passenger,53438000000.0,https://www.sec.gov/Archives/edgar/data/100517/000010051726000023/
UPS,0001628280-26-008432,20251231,BusinessSegments,RevenueFromContractWithCustomerExcludingAssessedTax,InternationalSegment,18576000000.0,https://www.sec.gov/Archives/edgar/data/1090727/000162828026008432/
UPS,0001628280-26-008432,20251231,BusinessSegments,RevenueFromContractWithCustomerExcludingAssessedTax,U.S.DomesticPackageSegment,59519000000.0,https://www.sec.gov/Archives/edgar/data/1090727/000162828026008432/
URI,0001067701-26-000007,20251231,BusinessSegments,Revenues,GeneralRentalsSegment,11001000000.0,https://www.sec.gov/Archives/edgar/data/1067701/000106770126000007/
URI,0001067701-26-000007,20251231,BusinessSegments,Revenues,SpecialtySegment,5098000000.0,https://www.sec.gov/Archives/edgar/data/1067701/000106770126000007/
VLO,0001628280-26-011499,20251231,BusinessSegments,RevenueFromContractWithCustomerIncludingAssessedTax,RenewableDiesel,2508000000.0,https://www.sec.gov/Archives/edgar/data/1035002/000162828026011499/
VLO,0001628280-26-011499,20251231,BusinessSegments,RevenueFromContractWithCustomerIncludingAssessedTax,Ethanol,4021000000.0,https://www.sec.gov/Archives/edgar/data/1035002/000162828026011499/
VLO,0001628280-26-011499,20251231,BusinessSegments,RevenueFromContractWithCustomerIncludingAssessedTax,Refining,116166000000.0,https://www.sec.gov/Archives/edgar/data/1035002/000162828026011499/
VLTO,0001967680-26-000011,20251231,ProductOrService,RevenueFromContractWithCustomerExcludingAssessedTax,RevenuefromContractwithCustomerMeasurementRecurring,3359000000.0,https://www.sec.gov/Archives/edgar/data/1967680/000196768026000011/
VLTO,0001967680-26-000011,20251231,ProductOrService,RevenueFromContractWithCustomerExcludingAssessedTax,RevenuefromContractwithCustomerMeasurementNonrecurring,2144000000.0,https://www.sec.gov/Archives/edgar/data/1967680/000196768026000011/
VRT,0001674101-26-000008,20251231,ProductOrService,RevenueFromContractWithCustomerExcludingAssessedTax,Service,1839300000.0,https://www.sec.gov/Archives/edgar/data/1674101/000167410126000008/
VRT,0001674101-26-000008,20251231,ProductOrService,RevenueFromContractWithCustomerExcludingAssessedTax,ServicesAndSpares,2022900000.0,https://www.sec.gov/Archives/edgar/data/1674101/000167410126000008/
VRT,0001674101-26-000008,20251231,ProductOrService,RevenueFromContractWithCustomerExcludingAssessedTax,Product,8390600000.0,https://www.sec.gov/Archives/edgar/data/1674101/000167410126000008/
VST,0001692819-26-000006,20251231,BusinessSegments,Revenues,AssetClosureSegment,74000000.0,https://www.sec.gov/Archives/edgar/data/1692819/000169281926000006/
VST,0001692819-26-000006,20251231,BusinessSegments,Revenues,RetailSegment,14340000000.0,https://www.sec.gov/Archives/edgar/data/1692819/000169281926000006/
VST,0001692819-26-000006,20251231,BusinessSegments,Revenues,EastSegment,6174000000.0,https://www.sec.gov/Archives/edgar/data/1692819/000169281926000006/
VST,0001692819-26-000006,20251231,BusinessSegments,Revenues,WestSegment,325000000.0,https://www.sec.gov/Archives/edgar/data/1692819/000169281926000006/
VST,0001692819-26-000006,20251231,BusinessSegments,Revenues,TexasSegment,5353000000.0,https://www.sec.gov/Archives/edgar/data/1692819/000169281926000006/
VMC,0001628280-26-009546,20251231,BusinessSegments,RevenueFromContractWithCustomerExcludingAssessedTax,Aggregates,5800100000.0,https://www.sec.gov/Archives/edgar/data/1396009/000162828026009546/
VMC,0001628280-26-009546,20251231,BusinessSegments,RevenueFromContractWithCustomerExcludingAssessedTax,Concrete,846600000.0,https://www.sec.gov/Archives/edgar/data/1396009/000162828026009546/
VMC,0001628280-26-009546,20251231,BusinessSegments,RevenueFromContractWithCustomerExcludingAssessedTax,Asphalt,1294400000.0,https://www.sec.gov/Archives/edgar/data/1396009/000162828026009546/
GWW,0000277135-26-000011,20251231,BusinessSegments,RevenueFromContractWithCustomerExcludingAssessedTax,HighTouchSolutionsNA,13993000000.0,https://www.sec.gov/Archives/edgar/data/277135/000027713526000011/
GWW,0000277135-26-000011,20251231,BusinessSegments,RevenueFromContractWithCustomerExcludingAssessedTax,EndlessAssortment,3625000000.0,https://www.sec.gov/Archives/edgar/data/277135/000027713526000011/
WAB,0001628280-26-008067,20251231,ProductOrService,RevenueFromContractWithCustomerExcludingAssessedTax,Service,1906000000.0,https://www.sec.gov/Archives/edgar/data/943452/000162828026008067/
WAB,0001628280-26-008067,20251231,ProductOrService,RevenueFromContractWithCustomerExcludingAssessedTax,Product,9261000000.0,https://www.sec.gov/Archives/edgar/data/943452/000162828026008067/
WMT,0000104169-26-000055,20260131,BusinessSegments,RevenueFromContractWithCustomerExcludingAssessedTax,WalmartInternational,130423000000.0,https://www.sec.gov/Archives/edgar/data/104169/000010416926000055/
WMT,0000104169-26-000055,20260131,BusinessSegments,RevenueFromContractWithCustomerExcludingAssessedTax,WalmartUS,482975000000.0,https://www.sec.gov/Archives/edgar/data/104169/000010416926000055/
WMT,0000104169-26-000055,20260131,BusinessSegments,RevenueFromContractWithCustomerExcludingAssessedTax,SamsClubUS,93015000000.0,https://www.sec.gov/Archives/edgar/data/104169/000010416926000055/
WM,0001104659-26-012049,20251231,ProductOrService,RevenueFromContractWithCustomerExcludingAssessedTax,Industrial,3989000000.0,https://www.sec.gov/Archives/edgar/data/823768/000110465926012049/
WM,0001104659-26-012049,20251231,ProductOrService,RevenueFromContractWithCustomerExcludingAssessedTax,ServiceOther,52000000.0,https://www.sec.gov/Archives/edgar/data/823768/000110465926012049/
WM,0001104659-26-012049,20251231,ProductOrService,RevenueFromContractWithCustomerExcludingAssessedTax,HealthcareSolutions,2508000000.0,https://www.sec.gov/Archives/edgar/data/823768/000110465926012049/
WM,0001104659-26-012049,20251231,ProductOrService,RevenueFromContractWithCustomerExcludingAssessedTax,Landfill,5347000000.0,https://www.sec.gov/Archives/edgar/data/823768/000110465926012049/
WM,0001104659-26-012049,20251231,ProductOrService,RevenueFromContractWithCustomerExcludingAssessedTax,CollectionAndDisposal,20704000000.0,https://www.sec.gov/Archives/edgar/data/823768/000110465926012049/
WM,0001104659-26-012049,20251231,ProductOrService,RevenueFromContractWithCustomerExcludingAssessedTax,Transfer,1502000000.0,https://www.sec.gov/Archives/edgar/data/823768/000110465926012049/
WM,0001104659-26-012049,20251231,ProductOrService,RevenueFromContractWithCustomerExcludingAssessedTax,RecyclingProcessingAndSales,1492000000.0,https://www.sec.gov/Archives/edgar/data/823768/000110465926012049/
WM,0001104659-26-012049,20251231,ProductOrService,RevenueFromContractWithCustomerExcludingAssessedTax,Collection,17569000000.0,https://www.sec.gov/Archives/edgar/data/823768/000110465926012049/
WM,0001104659-26-012049,20251231,ProductOrService,RevenueFromContractWithCustomerExcludingAssessedTax,Residential,3597000000.0,https://www.sec.gov/Archives/edgar/data/823768/000110465926012049/
WM,0001104659-26-012049,20251231,ProductOrService,RevenueFromContractWithCustomerExcludingAssessedTax,Commercial,5630000000.0,https://www.sec.gov/Archives/edgar/data/823768/000110465926012049/
WM,0001104659-26-012049,20251231,ProductOrService,RevenueFromContractWithCustomerExcludingAssessedTax,OtherCollection,3463000000.0,https://www.sec.gov/Archives/edgar/data/823768/000110465926012049/
WM,0001104659-26-012049,20251231,ProductOrService,RevenueFromContractWithCustomerExcludingAssessedTax,RenewableEnergySegment,478000000.0,https://www.sec.gov/Archives/edgar/data/823768/000110465926012049/
WEC,0000783325-26-000018,20251231,BusinessSegments,Revenues,PublicUtility,9506600000.0,https://www.sec.gov/Archives/edgar/data/783325/000078332526000018/
WEC,0000783325-26-000018,20251231,BusinessSegments,Revenues,Illinois,1683600000.0,https://www.sec.gov/Archives/edgar/data/783325/000078332526000018/
WEC,0000783325-26-000018,20251231,BusinessSegments,Revenues,Wisconsin,7295500000.0,https://www.sec.gov/Archives/edgar/data/783325/000078332526000018/
WEC,0000783325-26-000018,20251231,BusinessSegments,Revenues,NonUtilityEnergyInfrastructure,770200000.0,https://www.sec.gov/Archives/edgar/data/783325/000078332526000018/
WEC,0000783325-26-000018,20251231,BusinessSegments,Revenues,OtherStates,527500000.0,https://www.sec.gov/Archives/edgar/data/783325/000078332526000018/
WSM,0000719955-26-000059,20260131,BusinessSegments,RevenueFromContractWithCustomerExcludingAssessedTax,PotteryBarnKidsAndTeenSegment,1138051000.0,https://www.sec.gov/Archives/edgar/data/719955/000071995526000059/
WSM,0000719955-26-000059,20260131,BusinessSegments,RevenueFromContractWithCustomerExcludingAssessedTax,WilliamsSonomaSegment,1362308000.0,https://www.sec.gov/Archives/edgar/data/719955/000071995526000059/
WSM,0000719955-26-000059,20260131,BusinessSegments,RevenueFromContractWithCustomerExcludingAssessedTax,PotteryBarnSegment,2999332000.0,https://www.sec.gov/Archives/edgar/data/719955/000071995526000059/
WSM,0000719955-26-000059,20260131,BusinessSegments,RevenueFromContractWithCustomerExcludingAssessedTax,WestElmSegment,1859501000.0,https://www.sec.gov/Archives/edgar/data/719955/000071995526000059/
WSM,0000719955-26-000059,20260131,BusinessSegments,RevenueFromContractWithCustomerExcludingAssessedTax,ReportableSegment,7806816000.0,https://www.sec.gov/Archives/edgar/data/719955/000071995526000059/
WMB,0000107263-26-000006,20251231,ProductOrService,Revenues,Service,8348000000.0,https://www.sec.gov/Archives/edgar/data/107263/000010726326000006/
WMB,0000107263-26-000006,20251231,ProductOrService,Revenues,NonRegulatedServiceCommodityConsideration,192000000.0,https://www.sec.gov/Archives/edgar/data/107263/000010726326000006/
WMB,0000107263-26-000006,20251231,ProductOrService,Revenues,Product,3290000000.0,https://www.sec.gov/Archives/edgar/data/107263/000010726326000006/
WMB,0000107263-26-000006,20251231,ProductOrService,Revenues,EnergyCommoditiesAndService,120000000.0,https://www.sec.gov/Archives/edgar/data/107263/000010726326000006/
WYNN,0001174922-26-000013,20251231,ProductOrService,RevenueFromContractWithCustomerIncludingAssessedTax,Casino,4410328000.0,https://www.sec.gov/Archives/edgar/data/1174922/000117492226000013/
WYNN,0001174922-26-000013,20251231,ProductOrService,RevenueFromContractWithCustomerIncludingAssessedTax,EntertainmentRetailAndOther,548592000.0,https://www.sec.gov/Archives/edgar/data/1174922/000117492226000013/
WYNN,0001174922-26-000013,20251231,ProductOrService,RevenueFromContractWithCustomerIncludingAssessedTax,FoodAndBeverage,1037850000.0,https://www.sec.gov/Archives/edgar/data/1174922/000117492226000013/
WYNN,0001174922-26-000013,20251231,ProductOrService,RevenueFromContractWithCustomerIncludingAssessedTax,Occupancy,1141154000.0,https://www.sec.gov/Archives/edgar/data/1174922/000117492226000013/
XYL,0001524472-26-000012,20251231,ProductOrService,RevenueFromContractWithCustomerExcludingAssessedTax,Product,7472000000.0,https://www.sec.gov/Archives/edgar/data/1524472/000152447226000012/
XYL,0001524472-26-000012,20251231,ProductOrService,RevenueFromContractWithCustomerExcludingAssessedTax,Service,1563000000.0,https://www.sec.gov/Archives/edgar/data/1524472/000152447226000012/
YUM,0001041061-26-000084,20251231,ProductOrService,RevenueFromContractWithCustomerExcludingAssessedTax,Product,2945000000.0,https://www.sec.gov/Archives/edgar/data/1041061/000104106126000084/
YUM,0001041061-26-000084,20251231,ProductOrService,RevenueFromContractWithCustomerExcludingAssessedTax,Advertising,1796000000.0,https://www.sec.gov/Archives/edgar/data/1041061/000104106126000084/
YUM,0001041061-26-000084,20251231,ProductOrService,RevenueFromContractWithCustomerExcludingAssessedTax,Franchiseandpropertyrevenue,3473000000.0,https://www.sec.gov/Archives/edgar/data/1041061/000104106126000084/
